week_start,tier,buyers,usd,payments,usd_content,usd_data,usd_search,usd_compute,usd_other,usd_large_ticket,usd_unclassed
2026-08-03,under $0.10,1956,41.05,9145,0.25,29.94,0.85,3.0,4.5,0,2.51
2026-08-03,$0.10–$1,994,417.87,19210,0.64,83.35,6.72,16.52,70.33,0,240.32
2026-08-03,$1–$10,693,2704.51,82787,4.98,1503.37,61.62,537.63,137.71,99.75,359.45
2026-08-03,$10–$100,777,28116.31,123631,0,1487.38,33.41,21932.0,195.85,3119.91,1347.77
2026-08-03,$100–$1k,72,17145.4,83718,0,214.99,1.0,4110.83,739.67,2807.95,9270.95
2026-08-03,$1k and up,10,85124.22,1102128,0,33047.28,0,0,0,52020.94,56.0
2026-08-10,under $0.10,1971,44.43,9469,0.3,30.48,1.19,3.95,7.08,0,1.42
2026-08-10,$0.10–$1,1416,441.94,17794,3.11,70.79,8.5,14.78,136.64,5.88,202.24
2026-08-10,$1–$10,862,3492.57,75965,1.41,1536.49,46.95,576.94,426.92,152.36,751.5
2026-08-10,$10–$100,743,25544.87,137317,0.7,1602.18,32.47,20293.26,173.74,2038.39,1404.14
2026-08-10,$100–$1k,76,19188.83,192752,0,781.91,0,4529.12,412.7,3385.7,10079.39
2026-08-10,$1k and up,14,158621.08,1866998,0,71970.43,0,0,0,85322.81,1327.84
2026-08-17,under $0.10,2162,54.18,10316,0.44,31.99,1.23,2.83,14.39,0,3.29
2026-08-17,$0.10–$1,1317,366.49,24186,1.22,83.45,14.13,20.04,149.17,0,98.48
2026-08-17,$1–$10,601,1898.77,76212,8.15,533.87,37.26,469.33,132.49,63.22,654.45
2026-08-17,$10–$100,746,29360.14,179853,0.5,1072.5,60.4,21553.88,612.66,4264.09,1796.11
2026-08-17,$100–$1k,89,19218.73,26165,0,114.77,0,5945.81,434.07,4160.11,8563.97
2026-08-17,$1k and up,14,86434.79,3828818,0,49916.71,0,0,1205.08,35278.01,35.0
2026-08-24,under $0.10,2036,45.49,9229,0.92,32.21,0.94,3.1,3.0,0,5.32
2026-08-24,$0.10–$1,848,314.6,16861,1.24,75.6,10.33,19.46,77.71,0,130.26
2026-08-24,$1–$10,553,1835.64,83213,8.68,470.63,25.45,648.52,190.38,118.93,373.05
2026-08-24,$10–$100,726,28934.34,189418,90.3,1198.71,28.78,20969.69,533.81,5614.18,498.87
2026-08-24,$100–$1k,85,20521.15,63460,0,551.67,0,5212.12,623.82,5378.03,8755.52
2026-08-24,$1k and up,0,0,0,0,0,0,0,0,0,0
2026-08-31,under $0.10,1799,54.18,11010,1.42,27.24,1.12,8.6,2.69,0.0,13.11
2026-08-31,$0.10–$1,923,447.27,17687,0.75,91.58,9.49,13.74,68.9,5.14,257.67
2026-08-31,$1–$10,673,2207.4,61388,1.79,416.19,104.15,941.68,137.88,51.37,554.36
2026-08-31,$10–$100,437,12527.38,179882,3.6,900.04,121.1,6712.01,255.16,4142.85,392.63
2026-08-31,$100–$1k,47,16248.15,48168,0,1091.86,0,0.0,799.03,5153.35,9203.91
2026-08-31,$1k and up,3,10470.23,148378,0,2370.36,0,0,0,8099.88,0
2026-09-07,under $0.10,2788,86.34,13475,0.79,21.06,0.94,0.77,13.36,0,49.42
2026-09-07,$0.10–$1,2537,574.19,35469,1.66,87.94,6.63,10.46,366.5,0.98,100.03
2026-09-07,$1–$10,486,1296.13,78739,3.94,418.04,25.4,109.95,435.47,103.72,199.59
2026-09-07,$10–$100,232,7687.57,89504,3.19,952.84,85.36,206.08,838.57,5302.79,298.74
2026-09-07,$100–$1k,47,14694.88,31745,0,139.87,0,0.0,1225.29,3264.08,10065.64
2026-09-07,$1k and up,3,5244.21,5637,0,2452.08,0,0,0,2792.13,0
2026-09-14,under $0.10,3159,78.47,17318,0.66,33.11,0.6,7.17,4.4,0.04,32.49
2026-09-14,$0.10–$1,1583,563.9,52469,1.84,97.53,4.96,25.73,282.75,0.11,150.98
2026-09-14,$1–$10,1156,3243.97,141248,2.41,446.84,32.46,569.14,1768.36,83.91,340.84
2026-09-14,$10–$100,671,25473.74,121187,3.38,915.79,106.61,17235.26,1035.82,5688.61,488.27
2026-09-14,$100–$1k,79,19062.92,25241,0,0,0,2298.86,607.67,5714.23,10442.16
2026-09-14,$1k and up,0,0,0,0,0,0,0,0,0,0
2026-09-21,under $0.10,4295,119.46,20443,0.28,35.65,1.14,6.13,38.03,0,38.22
2026-09-21,$0.10–$1,2296,615.56,33624,1.51,93.56,5.36,35.36,413.45,1.0,65.31
2026-09-21,$1–$10,1202,3918.73,266932,8.37,425.39,44.07,451.72,1539.84,55.78,1393.55
2026-09-21,$10–$100,651,24918.26,206999,40.54,789.08,19.16,18822.34,738.04,3703.17,805.93
2026-09-21,$100–$1k,114,24415.49,66118,0.1,748.84,0,2689.77,822.23,9747.22,10407.34
2026-09-21,$1k and up,5,27707.81,14,0,0,0,0,0,26707.81,1000.0
