week_start,bin_lo_usd,bin_hi_usd,buyers,usd
2026-08-24,0.0001,0.000316,50,0.0
2026-08-24,0.001,0.003162,540,0.7
2026-08-24,0.003162,0.01,334,1.65
2026-08-24,0.01,0.031623,445,8.01
2026-08-24,0.031623,0.1,654,34.61
2026-08-24,0.1,0.316228,443,77.97
2026-08-24,0.316228,1.0,407,236.45
2026-08-24,1.0,3.162278,351,639.55
2026-08-24,3.162278,10.0,193,1187.0
2026-08-24,10.0,31.622777,329,6281.12
2026-08-24,31.622777,100.0,393,22321.71
2026-08-24,100.0,316.227766,65,9125.38
2026-08-24,316.227766,1000.0,19,10956.18
2026-08-31,0.0001,0.000316,50,0.0
2026-08-31,0.001,0.003162,192,0.28
2026-08-31,0.003162,0.01,218,1.25
2026-08-31,0.01,0.031623,599,11.43
2026-08-31,0.031623,0.1,737,40.92
2026-08-31,0.1,0.316228,413,84.54
2026-08-31,0.316228,1.0,513,363.03
2026-08-31,1.0,3.162278,419,760.3
2026-08-31,3.162278,10.0,254,1447.1
2026-08-31,10.0,31.622777,298,5477.64
2026-08-31,31.622777,100.0,139,7049.73
2026-08-31,100.0,316.227766,26,4504.52
2026-08-31,316.227766,1000.0,21,11743.63
2026-08-31,1000.0,3162.27766,1,2370.36
2026-08-31,3162.27766,10000.0,2,8099.88
2026-09-07,0.0001,0.000316,50,0.0
2026-09-07,0.001,0.003162,199,0.44
2026-09-07,0.003162,0.01,770,4.25
2026-09-07,0.01,0.031623,702,12.51
2026-09-07,0.031623,0.1,1064,68.84
2026-09-07,0.1,0.316228,1926,252.79
2026-09-07,0.316228,1.0,614,321.7
2026-09-07,1.0,3.162278,354,582.44
2026-09-07,3.162278,10.0,132,713.69
2026-09-07,10.0,31.622777,146,2551.34
2026-09-07,31.622777,100.0,86,5136.23
2026-09-07,100.0,316.227766,28,4684.76
2026-09-07,316.227766,1000.0,19,10010.12
2026-09-07,1000.0,3162.27766,3,5244.21
2026-09-14,0.0001,0.000316,50,0.0
2026-09-14,0.001,0.003162,502,0.74
2026-09-14,0.003162,0.01,687,3.72
2026-09-14,0.01,0.031623,863,16.31
2026-09-14,0.031623,0.1,1050,57.0
2026-09-14,0.1,0.316228,802,122.5
2026-09-14,0.316228,1.0,788,442.1
2026-09-14,1.0,3.162278,850,1530.04
2026-09-14,3.162278,10.0,306,1713.93
2026-09-14,10.0,31.622777,321,5866.93
2026-09-14,31.622777,100.0,350,19606.81
2026-09-14,100.0,316.227766,64,10892.5
2026-09-14,316.227766,1000.0,15,8170.42
2026-09-21,0.0001,0.000316,50,0.0
2026-09-21,0.001,0.003162,741,1.07
2026-09-21,0.003162,0.01,813,4.2
2026-09-21,0.01,0.031623,950,17.75
2026-09-21,0.031623,0.1,1960,111.41
2026-09-21,0.1,0.316228,1127,154.76
2026-09-21,0.316228,1.0,706,423.33
2026-09-21,1.0,3.162278,735,1224.08
2026-09-21,3.162278,10.0,355,2376.19
2026-09-21,10.0,31.622777,333,6184.24
2026-09-21,31.622777,100.0,310,17577.56
2026-09-21,100.0,316.227766,77,11670.81
2026-09-21,316.227766,1000.0,16,8391.85
2026-09-21,3162.27766,10000.0,2,13732.81
2026-09-21,10000.0,31622.776602,1,11475.0
