week_start,min_buyers,clean_usd,sellers,payments,published
2026-08-24,1,55418.66,3017,361634,False
2026-08-24,2,50870.34,753,356241,True
2026-08-24,3,47327.97,541,339030,False
2026-08-24,5,45313.86,286,333806,False
2026-08-31,1,52318.12,4075,488175,False
2026-08-31,2,41954.62,772,466513,True
2026-08-31,3,39657.95,527,459749,False
2026-08-31,5,39241.41,310,454034,False
2026-09-07,1,35314.07,3585,261083,False
2026-09-07,2,29583.31,783,254569,True
2026-09-07,3,25129.03,543,249939,False
2026-09-07,5,22551.48,335,246253,False
2026-09-14,1,86714.15,4767,367166,False
2026-09-14,2,48422.99,910,357463,True
2026-09-14,3,46192.31,605,354776,False
2026-09-14,5,44877.64,300,338413,False
2026-09-21,1,131974.07,27706,569529,False
2026-09-21,2,73345.07,637,537333,True
2026-09-21,3,73018.69,407,534809,False
2026-09-21,5,70247.27,213,515776,False
