week_start,category,payments,usd,payees,payers
2026-08-03,content,228,5.87,10,77
2026-08-03,data,1324192,36366.31,157,2317
2026-08-03,search,2908,103.59,20,146
2026-08-03,compute,38684,26599.98,36,892
2026-08-03,other,24623,1148.06,57,484
2026-08-03,large_ticket,4707,58048.54,7,168
2026-08-03,unclassed,25277,11276.99,196,963
2026-08-10,content,276,5.53,16,91
2026-08-10,data,2211962,75992.28,234,2277
2026-08-10,search,2377,89.1,26,130
2026-08-10,compute,34921,25418.04,55,869
2026-08-10,other,16234,1157.08,88,1174
2026-08-10,large_ticket,11254,90905.15,8,162
2026-08-10,unclassed,23271,13766.54,192,816
2026-08-17,content,245,10.31,16,80
2026-08-17,data,4044116,51753.29,257,1995
2026-08-17,search,4302,113.03,25,167
2026-08-17,compute,35695,27991.9,63,917
2026-08-17,other,33831,2547.85,92,1245
2026-08-17,large_ticket,5948,43765.43,10,179
2026-08-17,unclassed,21413,11151.3,133,792
2026-08-24,content,408,101.14,24,135
2026-08-24,data,291924,2328.83,319,2107
2026-08-24,search,2608,65.5,32,144
2026-08-24,compute,31661,26852.89,90,942
2026-08-24,other,23079,1428.72,135,484
2026-08-24,large_ticket,798,11111.14,10,190
2026-08-24,unclassed,11703,9763.01,155,761
2026-08-31,content,849,7.55,23,148
2026-08-31,data,420963,4897.26,320,1558
2026-08-31,search,7042,235.86,35,204
2026-08-31,compute,14257,7676.02,86,941
2026-08-31,other,9936,1263.66,118,443
2026-08-31,large_ticket,2899,17452.59,7,153
2026-08-31,unclassed,10567,10421.68,183,988
2026-09-07,content,289,9.58,21,97
2026-09-07,data,150209,4071.83,334,1334
2026-09-07,search,4818,118.34,35,145
2026-09-07,compute,2378,327.26,88,189
2026-09-07,other,76910,2879.2,122,2602
2026-09-07,large_ticket,539,11463.69,16,177
2026-09-07,unclassed,19426,10713.42,167,2009
2026-09-14,content,379,8.29,23,113
2026-09-14,data,136987,1493.27,388,2183
2026-09-14,search,3325,144.63,48,134
2026-09-14,compute,26389,20136.15,130,960
2026-09-14,other,144775,3699.0,161,1743
2026-09-14,large_ticket,1644,11486.91,8,170
2026-09-14,unclassed,43964,11454.74,152,1917
2026-09-21,content,564,50.81,19,63
2026-09-21,data,197720,2092.53,320,2670
2026-09-21,search,4090,69.73,35,146
2026-09-21,compute,31951,22005.32,89,975
2026-09-21,other,129585,3551.59,111,3103
2026-09-21,large_ticket,934,40214.98,7,157
2026-09-21,unclassed,229286,13710.33,106,1994
