week_start,category,sellers,usd,top1_share,top10_share,hhi,effective_sellers
2026-08-24,content,24,101.11,0.8901,0.995,7958,1.3
2026-08-24,data,314,2282.04,0.2516,0.8317,1300,7.7
2026-08-24,search,31,63.91,0.7905,0.9753,6353,1.6
2026-08-24,compute,89,26484.18,0.9841,0.9982,9685,1.0
2026-08-24,other,132,1411.46,0.6607,0.9484,4530,2.2
2026-08-24,large_ticket,10,10980.27,0.7109,1.0,5258,1.9
2026-08-24,unclassed,153,9547.27,0.7348,0.9577,5717,1.7
2026-08-24,all,753,50870.24,0.5123,0.9252,3078,3.2
2026-08-31,content,23,7.55,0.3311,0.8464,1552,6.4
2026-08-31,data,320,4897.22,0.5039,0.9177,2999,3.3
2026-08-31,search,35,235.86,0.5717,0.9742,3973,2.5
2026-08-31,compute,86,7676.03,0.9379,0.9909,8803,1.1
2026-08-31,other,118,1263.62,0.5068,0.9388,3014,3.3
2026-08-31,large_ticket,7,17452.59,0.6188,1.0,4789,2.1
2026-08-31,unclassed,183,10421.65,0.727,0.9302,5553,1.8
2026-08-31,all,772,41954.52,0.2574,0.9065,1510,6.6
2026-09-07,content,21,9.59,0.4692,0.9531,2558,3.9
2026-09-07,data,334,4071.89,0.6375,0.8832,4192,2.4
2026-09-07,search,35,118.33,0.8093,0.9662,6585,1.5
2026-09-07,compute,88,327.25,0.3727,0.8165,1810,5.5
2026-09-07,other,122,2879.19,0.3614,0.9482,2668,3.7
2026-09-07,large_ticket,16,11463.7,0.5392,0.9921,3547,2.8
2026-09-07,unclassed,167,10713.46,0.7691,0.9761,6186,1.6
2026-09-07,all,783,29583.41,0.2785,0.8673,1449,6.9
2026-09-14,content,23,8.29,0.5669,0.9481,3639,2.7
2026-09-14,data,388,1493.21,0.1925,0.7481,958,10.4
2026-09-14,search,48,144.65,0.4617,0.9744,3723,2.7
2026-09-14,compute,130,20136.09,0.9846,0.9976,9694,1.0
2026-09-14,other,161,3698.91,0.628,0.9537,4116,2.4
2026-09-14,large_ticket,8,11486.9,0.6599,1.0,4926,2.0
2026-09-14,unclassed,152,11454.74,0.7417,0.9698,5766,1.7
2026-09-14,all,910,48422.79,0.4094,0.9139,2301,4.3
2026-09-21,content,19,44.65,0.7615,0.9964,6275,1.6
2026-09-21,data,297,1868.96,0.2992,0.7922,1435,7.0
2026-09-21,search,32,63.28,0.4257,0.9562,2668,3.7
2026-09-21,compute,81,19305.17,0.9759,0.9968,9525,1.0
2026-09-21,other,104,3151.39,0.5208,0.9685,3074,3.3
2026-09-21,large_ticket,7,37707.46,0.7089,1.0,5799,1.7
2026-09-21,unclassed,97,11204.17,0.6539,0.9822,4592,2.2
2026-09-21,all,637,73345.08,0.3645,0.9409,2306,4.3
