week_start,facilitator,name,raw_payments,raw_usd,clean_payments,clean_usd
2026-08-03,0xb5d25e1fa0718bf3e1bf698f96791d4e93632ec8,fluxa,517,21663.13,156,86.73
2026-08-03,0x93f6601151ccb08f333ab4b1cccfb1e188c0be44,coinbase,73020,7893.46,70296,7073.8
2026-08-03,0x8f5cb67b49555e614892b7233cfddebfb746e531,coinbase,73412,7386.07,70699,7124.72
2026-08-03,0x59b7ebc67a3d627fabaf06768c818638452ae704,coinbase,73127,7328.61,70474,7207.16
2026-08-03,0x8cda367232d78c067116e3260da881d2da8ffa39,coinbase,73020,7295.89,70327,7084.01
2026-08-03,0x42dd53906b49c202e8e934b059dc019e04634b00,coinbase,73097,7171.19,70410,7083.16
2026-08-03,0x97acce27d5069544480bde0f04d9f47d7422a016,coinbase,73341,6923.86,70630,6856.27
2026-08-03,0x4c934c63c786157fefd990945b25ea60a0fb0205,coinbase,73251,6808.44,70558,6645.34
2026-08-03,0xb87e1a2cc2b4643f2892768e80e41167f17c5860,coinbase,73063,6803.97,70460,6770.21
2026-08-03,0xe72f0af4cf41356d433723547f1412ca27fbb1b8,coinbase,73313,6799.82,70667,6751.64
2026-08-03,0xe74817f4cdc15844314812b2271276e64e890fae,coinbase,73231,6739.2,70490,6674.8
2026-08-03,0x68a96f41ff1e9f2e7b591a931a4ad224e7c07863,coinbase,73406,6590.34,70666,6458.7
2026-08-03,0x64cc42b1ce598e3abcfbb64df4688521ddbf1f0a,coinbase,73257,6575.62,70572,6295.99
2026-08-03,0x2a89407a98a0732b7fd578c4e156b7166540eb5a,coinbase,73104,6549.97,70518,6372.05
2026-08-03,0x67b9ce703d9ce658d7c4ac3c289cea112fe662af,coinbase,73340,6525.43,70724,6413.43
2026-08-03,0x625d8a65134079f8faaac39a7947c73d93c6ac39,coinbase,73195,6482.75,70501,6428.24
2026-08-03,0xa32ccda98ba7529705a059bd2d213da8de10d101,coinbase,73377,6425.58,70657,6386.92
2026-08-03,0x68efafe862d89ce66dd3d7b07d5a3747a0871164,coinbase,73168,6251.8,70424,6198.34
2026-08-03,0x14fda13953fc30428938e6bf950d036e77214e52,coinbase,73174,6182.63,70428,6039.85
2026-08-03,0x772003a2e9c2ccc8af956870a37a66f64f8cec38,coinbase,72988,5917.46,70265,5618.41
2026-08-03,0xca5e87f82b3fa093800e6ad67d621a427d79c70d,coinbase,73283,5159.73,70525,5120.65
2026-08-03,0xaa0df01e4d11decf2ad2c459c81d3a495e4f1925,fluxa,495,1892.39,130,68.87
2026-08-03,0x179761d9eed0f0d1599330cc94b0926e68ae87f1,anyspend,987,1711.0,987,1711.0
2026-08-03,0xd2f74a14522d40e4a1d7fbb62aa97ce99fa1a7e5,fluxa,530,797.72,140,85.99
2026-08-03,0x402feee072d655b85e08f1751af9ddbcd249521f,dexter,7132,409.85,7120,409.19
2026-08-03,0x37dfb4033d5dd98fd335f24d0d42e8fe68d587d6,primer,1289,332.27,265,0.0
2026-08-03,0x1363c7ff51ccce10258a7f7bddd63baab6aaf678,daydreams,310,313.01,300,312.95
2026-08-03,0xc67b555b4a9d340ed7c5d87743163c31a75f2254,fluxa,513,310.64,161,105.62
2026-08-03,0x24d4f332d8e886fc005bb4a103bad21d9ebc2b7f,fluxa,482,265.03,140,94.74
2026-08-03,0x66c40946b0dffd04be467e18309857307ecd37cb,polymer,1338,133.8,0,0.0
2026-08-03,0x97316fa4730bc7d3b295234f8e4d04a0a4c093e8,openx402,17,92.0,9,45.0
2026-08-03,0xfe0920a0a7f0f8a1ec689146c30c3bbef439bf8a,mogami,197,23.1,19,22.21
2026-08-03,0x2bb201f1bb056eb738718bd7a3ad1bef24b883bb,cascade,776,2.76,776,2.76
2026-08-03,0x103040545ac5031a11e8c03dd11324c7333a13c7,ultravioletadao,49,1.1,0,0.0
2026-08-03,0x7c766f5fd9ab3dc09acad5ecfacc99c4781efe29,openfacilitator,78,0.49,72,0.45
2026-08-03,0x021cc47adeca6673def958e324ca38023b80a5be,heurist,1,0.1,1,0.1
2026-08-03,0xd744494e28b01073514ebc89987b305001ed257a,obol,51,0.05,51,0.05
2026-08-03,0x97d38aa5de015245dcca76305b53abe6da25f6a5,x402rs,1,0.05,0,0.0
2026-08-03,0x0168f80e035ea68b191faf9bfc12778c87d92008,x402rs,1,0.01,0,0.0
2026-08-03,0xb578b7db22581507d62bdbeb85e06acd1be09e11,heurist,1,0.0,1,0.0
2026-08-10,0xe74817f4cdc15844314812b2271276e64e890fae,coinbase,116961,11268.79,114404,11096.51
2026-08-10,0x625d8a65134079f8faaac39a7947c73d93c6ac39,coinbase,116905,11245.84,114404,11065.43
2026-08-10,0x68a96f41ff1e9f2e7b591a931a4ad224e7c07863,coinbase,117170,11101.35,114664,11050.39
2026-08-10,0xc67b555b4a9d340ed7c5d87743163c31a75f2254,fluxa,425,10719.44,93,80.65
2026-08-10,0x8f5cb67b49555e614892b7233cfddebfb746e531,coinbase,117289,10709.0,114643,10623.08
2026-08-10,0x24d4f332d8e886fc005bb4a103bad21d9ebc2b7f,fluxa,464,10656.24,96,93.48
2026-08-10,0x59b7ebc67a3d627fabaf06768c818638452ae704,coinbase,116836,10653.5,114290,10583.83
2026-08-10,0xd2f74a14522d40e4a1d7fbb62aa97ce99fa1a7e5,fluxa,449,10612.61,105,122.91
2026-08-10,0x42dd53906b49c202e8e934b059dc019e04634b00,coinbase,116717,10471.17,114171,10419.74
2026-08-10,0xca5e87f82b3fa093800e6ad67d621a427d79c70d,coinbase,117112,10438.44,114547,10381.44
2026-08-10,0x97acce27d5069544480bde0f04d9f47d7422a016,coinbase,117130,10363.48,114600,10311.03
2026-08-10,0x93f6601151ccb08f333ab4b1cccfb1e188c0be44,coinbase,116569,10253.42,114070,10172.46
2026-08-10,0x772003a2e9c2ccc8af956870a37a66f64f8cec38,coinbase,116519,10162.12,114009,9969.96
2026-08-10,0xb87e1a2cc2b4643f2892768e80e41167f17c5860,coinbase,116665,10160.77,114119,10078.39
2026-08-10,0x14fda13953fc30428938e6bf950d036e77214e52,coinbase,116900,10122.46,114348,10047.23
2026-08-10,0x67b9ce703d9ce658d7c4ac3c289cea112fe662af,coinbase,117100,9997.15,114511,9937.86
2026-08-10,0x64cc42b1ce598e3abcfbb64df4688521ddbf1f0a,coinbase,116976,9960.55,114477,9723.53
2026-08-10,0x8cda367232d78c067116e3260da881d2da8ffa39,coinbase,116573,9948.06,114009,9881.09
2026-08-10,0x4c934c63c786157fefd990945b25ea60a0fb0205,coinbase,116999,9871.84,114476,9809.22
2026-08-10,0xa32ccda98ba7529705a059bd2d213da8de10d101,coinbase,117206,9852.89,114705,9690.91
2026-08-10,0xe72f0af4cf41356d433723547f1412ca27fbb1b8,coinbase,117145,9813.8,114607,9680.65
2026-08-10,0x68efafe862d89ce66dd3d7b07d5a3747a0871164,coinbase,116782,9806.23,114356,9755.19
2026-08-10,0x2a89407a98a0732b7fd578c4e156b7166540eb5a,coinbase,116719,9800.14,114233,9709.61
2026-08-10,0x179761d9eed0f0d1599330cc94b0926e68ae87f1,anyspend,918,1545.0,918,1545.0
2026-08-10,0x402feee072d655b85e08f1751af9ddbcd249521f,dexter,10544,1008.12,9949,694.2
2026-08-10,0xb5d25e1fa0718bf3e1bf698f96791d4e93632ec8,fluxa,413,695.33,83,117.2
2026-08-10,0xaa0df01e4d11decf2ad2c459c81d3a495e4f1925,fluxa,395,632.52,101,142.62
2026-08-10,0x1363c7ff51ccce10258a7f7bddd63baab6aaf678,daydreams,162,393.6,151,393.55
2026-08-10,0x37dfb4033d5dd98fd335f24d0d42e8fe68d587d6,primer,1317,338.64,271,0.0
2026-08-10,0x66c40946b0dffd04be467e18309857307ecd37cb,polymer,1339,233.8,0,0.0
2026-08-10,0x97316fa4730bc7d3b295234f8e4d04a0a4c093e8,openx402,33,165.0,30,150.0
2026-08-10,0xce7819f0b0b871733c933d1f486533bab95ec47b,questflow,1,64.99,0,0.0
2026-08-10,0x59e8014a3b884392fbb679fe461da07b18c1ff81,questflow,2,11.79,1,0.91
2026-08-10,0x80735b3f7808e2e229ace880dbe85e80115631ca,virtuals,84,8.4,0,0.0
2026-08-10,0x2bb201f1bb056eb738718bd7a3ad1bef24b883bb,cascade,811,2.66,811,2.66
2026-08-10,0xfe0920a0a7f0f8a1ec689146c30c3bbef439bf8a,mogami,36,2.58,22,0.03
2026-08-10,0xc19829b32324f116ee7f80d193f99e445968499a,x402rs,8,0.92,4,0.26
2026-08-10,0x724efafb051f17ae824afcdf3c0368ae312da264,questflow,1,0.91,1,0.91
2026-08-10,0x4544b535938b67d2a410a98a7e3b0f8f68921ca7,questflow,2,0.9,2,0.9
2026-08-10,0x97d38aa5de015245dcca76305b53abe6da25f6a5,x402rs,9,0.87,4,0.46
2026-08-10,0x0168f80e035ea68b191faf9bfc12778c87d92008,x402rs,8,0.74,3,0.24
2026-08-10,0x5e437bee4321db862ac57085ea5eb97199c0ccc5,x402rs,7,0.46,3,0.06
2026-08-10,0x7c766f5fd9ab3dc09acad5ecfacc99c4781efe29,openfacilitator,40,0.23,0,0.0
2026-08-10,0x103040545ac5031a11e8c03dd11324c7333a13c7,ultravioletadao,18,0.22,3,0.03
2026-08-10,0xf70e7cb30b132fab2a0a5e80d41861aa133ea21b,questflow,1,0.12,1,0.12
2026-08-10,0xb578b7db22581507d62bdbeb85e06acd1be09e11,heurist,2,0.0,0,0.0
2026-08-10,0x021cc47adeca6673def958e324ca38023b80a5be,heurist,1,0.0,0,0.0
2026-08-17,0x24d4f332d8e886fc005bb4a103bad21d9ebc2b7f,fluxa,199,30707.88,32,38.24
2026-08-17,0xb5d25e1fa0718bf3e1bf698f96791d4e93632ec8,fluxa,245,30238.65,33,47.08
2026-08-17,0xe74817f4cdc15844314812b2271276e64e890fae,coinbase,206804,8759.39,206507,8655.46
2026-08-17,0x42dd53906b49c202e8e934b059dc019e04634b00,coinbase,206609,8215.33,206322,8179.44
2026-08-17,0x772003a2e9c2ccc8af956870a37a66f64f8cec38,coinbase,206555,7571.89,206276,7537.45
2026-08-17,0x97acce27d5069544480bde0f04d9f47d7422a016,coinbase,206943,7431.41,206651,7378.66
2026-08-17,0x8f5cb67b49555e614892b7233cfddebfb746e531,coinbase,207078,7120.02,206749,7025.13
2026-08-17,0xb87e1a2cc2b4643f2892768e80e41167f17c5860,coinbase,206642,6805.72,206343,6594.03
2026-08-17,0xe72f0af4cf41356d433723547f1412ca27fbb1b8,coinbase,206726,6731.63,206397,6676.34
2026-08-17,0x2a89407a98a0732b7fd578c4e156b7166540eb5a,coinbase,206647,6685.43,206334,6651.85
2026-08-17,0x68efafe862d89ce66dd3d7b07d5a3747a0871164,coinbase,206702,6667.11,206371,6432.9
2026-08-17,0x14fda13953fc30428938e6bf950d036e77214e52,coinbase,206737,6658.71,206388,6592.84
2026-08-17,0x625d8a65134079f8faaac39a7947c73d93c6ac39,coinbase,206799,6658.27,206454,6620.21
2026-08-17,0x93f6601151ccb08f333ab4b1cccfb1e188c0be44,coinbase,206506,6638.44,206183,6583.06
2026-08-17,0x8cda367232d78c067116e3260da881d2da8ffa39,coinbase,206585,6630.61,206291,6534.15
2026-08-17,0x64cc42b1ce598e3abcfbb64df4688521ddbf1f0a,coinbase,206787,6611.05,206507,6587.94
2026-08-17,0x4c934c63c786157fefd990945b25ea60a0fb0205,coinbase,206898,6608.2,206607,6575.66
2026-08-17,0x68a96f41ff1e9f2e7b591a931a4ad224e7c07863,coinbase,207074,6507.49,206760,6473.55
2026-08-17,0x67b9ce703d9ce658d7c4ac3c289cea112fe662af,coinbase,206898,6500.03,206615,6349.13
2026-08-17,0x59b7ebc67a3d627fabaf06768c818638452ae704,coinbase,206608,6209.9,206336,6170.77
2026-08-17,0xa32ccda98ba7529705a059bd2d213da8de10d101,coinbase,206929,6115.39,206615,6079.52
2026-08-17,0xca5e87f82b3fa093800e6ad67d621a427d79c70d,coinbase,206839,6101.32,206513,6054.48
2026-08-17,0x402feee072d655b85e08f1751af9ddbcd249521f,dexter,16169,2186.19,14759,811.59
2026-08-17,0xd2f74a14522d40e4a1d7fbb62aa97ce99fa1a7e5,fluxa,198,1033.5,22,25.82
2026-08-17,0xaa0df01e4d11decf2ad2c459c81d3a495e4f1925,fluxa,225,716.85,28,34.41
2026-08-17,0x37dfb4033d5dd98fd335f24d0d42e8fe68d587d6,primer,1386,346.83,304,0.08
2026-08-17,0x66c40946b0dffd04be467e18309857307ecd37cb,polymer,1335,333.3,2,200.0
2026-08-17,0xc67b555b4a9d340ed7c5d87743163c31a75f2254,fluxa,213,285.09,34,40.28
2026-08-17,0x1363c7ff51ccce10258a7f7bddd63baab6aaf678,daydreams,176,276.71,173,276.69
2026-08-17,0x97316fa4730bc7d3b295234f8e4d04a0a4c093e8,openx402,101,109.0,19,95.0
2026-08-17,0x80735b3f7808e2e229ace880dbe85e80115631ca,virtuals,871,8.98,871,8.98
2026-08-17,0x179761d9eed0f0d1599330cc94b0926e68ae87f1,anyspend,8,8.0,0,0.0
2026-08-17,0x7c766f5fd9ab3dc09acad5ecfacc99c4781efe29,openfacilitator,54,3.0,24,2.11
2026-08-17,0x103040545ac5031a11e8c03dd11324c7333a13c7,ultravioletadao,62,0.97,0,0.0
2026-08-17,0x021cc47adeca6673def958e324ca38023b80a5be,heurist,1,0.15,0,0.0
2026-08-17,0xc19829b32324f116ee7f80d193f99e445968499a,x402rs,3,0.09,3,0.09
2026-08-17,0x5e437bee4321db862ac57085ea5eb97199c0ccc5,x402rs,3,0.07,3,0.07
2026-08-17,0xfe0920a0a7f0f8a1ec689146c30c3bbef439bf8a,mogami,21,0.04,18,0.03
2026-08-17,0x0168f80e035ea68b191faf9bfc12778c87d92008,x402rs,3,0.03,3,0.03
2026-08-17,0x97d38aa5de015245dcca76305b53abe6da25f6a5,x402rs,3,0.03,3,0.03
2026-08-24,0x8f5cb67b49555e614892b7233cfddebfb746e531,coinbase,19815,5265.69,18304,3691.7
2026-08-24,0x68efafe862d89ce66dd3d7b07d5a3747a0871164,coinbase,19432,4424.72,18014,2511.39
2026-08-24,0xe74817f4cdc15844314812b2271276e64e890fae,coinbase,19451,4375.08,17940,2751.1
2026-08-24,0x772003a2e9c2ccc8af956870a37a66f64f8cec38,coinbase,19220,4329.78,17815,2883.57
2026-08-24,0xa32ccda98ba7529705a059bd2d213da8de10d101,coinbase,19722,4270.32,18221,2636.19
2026-08-24,0x8cda367232d78c067116e3260da881d2da8ffa39,coinbase,19281,4210.79,17903,2350.68
2026-08-24,0xb87e1a2cc2b4643f2892768e80e41167f17c5860,coinbase,19282,4119.79,17853,2512.37
2026-08-24,0x97acce27d5069544480bde0f04d9f47d7422a016,coinbase,19692,4097.66,18231,2554.36
2026-08-24,0x2a89407a98a0732b7fd578c4e156b7166540eb5a,coinbase,19345,4086.99,17958,2702.98
2026-08-24,0x67b9ce703d9ce658d7c4ac3c289cea112fe662af,coinbase,19717,4035.49,18273,2320.16
2026-08-24,0x93f6601151ccb08f333ab4b1cccfb1e188c0be44,coinbase,19222,4026.6,17790,2466.31
2026-08-24,0xe72f0af4cf41356d433723547f1412ca27fbb1b8,coinbase,19706,3989.34,18256,2589.93
2026-08-24,0x59b7ebc67a3d627fabaf06768c818638452ae704,coinbase,19414,3979.79,17968,2351.0
2026-08-24,0x68a96f41ff1e9f2e7b591a931a4ad224e7c07863,coinbase,19830,3976.57,18274,2470.85
2026-08-24,0xca5e87f82b3fa093800e6ad67d621a427d79c70d,coinbase,19579,3937.93,18086,2488.42
2026-08-24,0x64cc42b1ce598e3abcfbb64df4688521ddbf1f0a,coinbase,19576,3932.79,18038,2317.85
2026-08-24,0x14fda13953fc30428938e6bf950d036e77214e52,coinbase,19432,3833.58,18020,2482.47
2026-08-24,0x625d8a65134079f8faaac39a7947c73d93c6ac39,coinbase,19533,3817.06,18164,2418.99
2026-08-24,0x4c934c63c786157fefd990945b25ea60a0fb0205,coinbase,19666,3707.7,18213,2384.96
2026-08-24,0x42dd53906b49c202e8e934b059dc019e04634b00,coinbase,19279,3507.92,17945,2202.72
2026-08-24,0xb5d25e1fa0718bf3e1bf698f96791d4e93632ec8,fluxa,257,1241.66,49,86.51
2026-08-24,0xaa0df01e4d11decf2ad2c459c81d3a495e4f1925,fluxa,278,437.75,52,85.5
2026-08-24,0xd2f74a14522d40e4a1d7fbb62aa97ce99fa1a7e5,fluxa,306,395.83,53,88.24
2026-08-24,0xc67b555b4a9d340ed7c5d87743163c31a75f2254,fluxa,253,351.03,42,55.57
2026-08-24,0x24d4f332d8e886fc005bb4a103bad21d9ebc2b7f,fluxa,272,346.67,43,44.49
2026-08-24,0x37dfb4033d5dd98fd335f24d0d42e8fe68d587d6,primer,1426,336.45,276,0.0
2026-08-24,0x66c40946b0dffd04be467e18309857307ecd37cb,polymer,1334,233.3,0,0.0
2026-08-24,0x97316fa4730bc7d3b295234f8e4d04a0a4c093e8,openx402,38,120.38,23,115.0
2026-08-24,0x1363c7ff51ccce10258a7f7bddd63baab6aaf678,daydreams,274,83.41,268,83.38
2026-08-24,0x90da501fdbec74bb0549100967eb221fed79c99b,questflow,1,47.65,0,0.0
2026-08-24,0x7c766f5fd9ab3dc09acad5ecfacc99c4781efe29,openfacilitator,81,2.44,75,2.33
2026-08-24,0x97d38aa5de015245dcca76305b53abe6da25f6a5,x402rs,2,0.89,1,0.45
2026-08-24,0xb578b7db22581507d62bdbeb85e06acd1be09e11,heurist,9,0.62,9,0.62
2026-08-24,0x0168f80e035ea68b191faf9bfc12778c87d92008,x402rs,2,0.59,2,0.59
2026-08-24,0x103040545ac5031a11e8c03dd11324c7333a13c7,ultravioletadao,40,0.59,0,0.0
2026-08-24,0x021cc47adeca6673def958e324ca38023b80a5be,heurist,8,0.52,8,0.52
2026-08-24,0xfe0920a0a7f0f8a1ec689146c30c3bbef439bf8a,mogami,17,0.03,14,0.01
2026-08-24,0x80735b3f7808e2e229ace880dbe85e80115631ca,virtuals,2,0.02,0,0.0
2026-08-31,0xd2f74a14522d40e4a1d7fbb62aa97ce99fa1a7e5,fluxa,517,7761.32,150,113.0
2026-08-31,0x625d8a65134079f8faaac39a7947c73d93c6ac39,coinbase,25531,2464.92,23201,2315.35
2026-08-31,0x8cda367232d78c067116e3260da881d2da8ffa39,coinbase,25327,2407.41,23053,2145.42
2026-08-31,0xe72f0af4cf41356d433723547f1412ca27fbb1b8,coinbase,25667,2395.31,23319,2259.4
2026-08-31,0x59b7ebc67a3d627fabaf06768c818638452ae704,coinbase,25475,2370.38,23244,2246.52
2026-08-31,0x64cc42b1ce598e3abcfbb64df4688521ddbf1f0a,coinbase,25601,2353.1,23232,2226.77
2026-08-31,0x8f5cb67b49555e614892b7233cfddebfb746e531,coinbase,25858,2324.96,23571,2149.06
2026-08-31,0xca5e87f82b3fa093800e6ad67d621a427d79c70d,coinbase,25665,2310.33,23358,2176.02
2026-08-31,0x67b9ce703d9ce658d7c4ac3c289cea112fe662af,coinbase,25706,2295.95,23360,2187.88
2026-08-31,0x68a96f41ff1e9f2e7b591a931a4ad224e7c07863,coinbase,25790,2295.46,23534,2051.95
2026-08-31,0xb87e1a2cc2b4643f2892768e80e41167f17c5860,coinbase,25396,2255.31,23102,2036.55
2026-08-31,0x68efafe862d89ce66dd3d7b07d5a3747a0871164,coinbase,25511,2164.09,23254,2066.82
2026-08-31,0x772003a2e9c2ccc8af956870a37a66f64f8cec38,coinbase,25319,2159.59,23138,1979.39
2026-08-31,0x4c934c63c786157fefd990945b25ea60a0fb0205,coinbase,25619,2138.66,23314,1966.68
2026-08-31,0xe74817f4cdc15844314812b2271276e64e890fae,coinbase,25546,2132.59,23291,2019.12
2026-08-31,0x2a89407a98a0732b7fd578c4e156b7166540eb5a,coinbase,25407,2116.04,23205,1960.22
2026-08-31,0x93f6601151ccb08f333ab4b1cccfb1e188c0be44,coinbase,25329,2101.38,23007,1970.12
2026-08-31,0xa32ccda98ba7529705a059bd2d213da8de10d101,coinbase,25802,2094.67,23456,1937.41
2026-08-31,0x97acce27d5069544480bde0f04d9f47d7422a016,coinbase,25739,2084.59,23419,1864.3
2026-08-31,0x42dd53906b49c202e8e934b059dc019e04634b00,coinbase,25389,1984.94,23091,1866.9
2026-08-31,0x14fda13953fc30428938e6bf950d036e77214e52,coinbase,25489,1872.07,23174,1723.59
2026-08-31,0xc67b555b4a9d340ed7c5d87743163c31a75f2254,fluxa,500,463.21,152,179.6
2026-08-31,0xaa0df01e4d11decf2ad2c459c81d3a495e4f1925,fluxa,512,448.98,164,141.91
2026-08-31,0x24d4f332d8e886fc005bb4a103bad21d9ebc2b7f,fluxa,535,434.06,175,135.39
2026-08-31,0xb5d25e1fa0718bf3e1bf698f96791d4e93632ec8,fluxa,561,416.51,174,154.59
2026-08-31,0x37dfb4033d5dd98fd335f24d0d42e8fe68d587d6,primer,1143,292.04,231,0.07
2026-08-31,0x66c40946b0dffd04be467e18309857307ecd37cb,polymer,1334,133.4,0,0.0
2026-08-31,0x97316fa4730bc7d3b295234f8e4d04a0a4c093e8,openx402,128,72.97,16,60.01
2026-08-31,0x1363c7ff51ccce10258a7f7bddd63baab6aaf678,daydreams,83,11.07,72,11.01
2026-08-31,0xfe0920a0a7f0f8a1ec689146c30c3bbef439bf8a,mogami,38,9.23,19,9.08
2026-08-31,0x103040545ac5031a11e8c03dd11324c7333a13c7,ultravioletadao,20,1.23,0,0.0
2026-08-31,0x402feee072d655b85e08f1751af9ddbcd249521f,dexter,6,0.32,6,0.32
2026-08-31,0x7c766f5fd9ab3dc09acad5ecfacc99c4781efe29,openfacilitator,32,0.16,31,0.16
2026-08-31,0x021cc47adeca6673def958e324ca38023b80a5be,heurist,2,0.09,0,0.0
2026-08-31,0xb578b7db22581507d62bdbeb85e06acd1be09e11,heurist,2,0.03,0,0.0
2026-08-31,0xe07e9cbf9a55d02e3ac356ed4706353d98c5a618,treasure,3,0.03,0,0.0
2026-09-07,0xc67b555b4a9d340ed7c5d87743163c31a75f2254,fluxa,705,2636.45,177,1114.81
2026-09-07,0xe72f0af4cf41356d433723547f1412ca27fbb1b8,coinbase,14166,2631.33,12737,2533.44
2026-09-07,0x14fda13953fc30428938e6bf950d036e77214e52,coinbase,14035,1746.82,12582,1639.97
2026-09-07,0x93f6601151ccb08f333ab4b1cccfb1e188c0be44,coinbase,13870,1675.18,12486,1580.47
2026-09-07,0x4c934c63c786157fefd990945b25ea60a0fb0205,coinbase,14129,1600.66,12672,1483.34
2026-09-07,0x68a96f41ff1e9f2e7b591a931a4ad224e7c07863,coinbase,14270,1592.65,12873,1453.84
2026-09-07,0x625d8a65134079f8faaac39a7947c73d93c6ac39,coinbase,14056,1519.94,12639,1380.41
2026-09-07,0xca5e87f82b3fa093800e6ad67d621a427d79c70d,coinbase,14146,1507.78,12699,1336.71
2026-09-07,0x64cc42b1ce598e3abcfbb64df4688521ddbf1f0a,coinbase,14095,1499.96,12652,1362.58
2026-09-07,0x68efafe862d89ce66dd3d7b07d5a3747a0871164,coinbase,14012,1479.85,12620,1388.6
2026-09-07,0x8f5cb67b49555e614892b7233cfddebfb746e531,coinbase,14293,1394.92,12858,1236.8
2026-09-07,0x97acce27d5069544480bde0f04d9f47d7422a016,coinbase,14220,1393.89,12822,1247.96
2026-09-07,0xa32ccda98ba7529705a059bd2d213da8de10d101,coinbase,14253,1382.64,12902,1257.27
2026-09-07,0xe74817f4cdc15844314812b2271276e64e890fae,coinbase,14070,1344.92,12689,1230.98
2026-09-07,0xaa0df01e4d11decf2ad2c459c81d3a495e4f1925,fluxa,365,1327.19,90,551.39
2026-09-07,0x59b7ebc67a3d627fabaf06768c818638452ae704,coinbase,13984,1307.23,12599,1193.72
2026-09-07,0x772003a2e9c2ccc8af956870a37a66f64f8cec38,coinbase,13840,1291.05,12511,1203.65
2026-09-07,0x67b9ce703d9ce658d7c4ac3c289cea112fe662af,coinbase,14188,1288.15,12774,1159.74
2026-09-07,0x2a89407a98a0732b7fd578c4e156b7166540eb5a,coinbase,13963,1275.36,12586,1155.42
2026-09-07,0xb87e1a2cc2b4643f2892768e80e41167f17c5860,coinbase,13920,1253.0,12527,1076.11
2026-09-07,0x42dd53906b49c202e8e934b059dc019e04634b00,coinbase,13948,1199.34,12593,1096.55
2026-09-07,0x8cda367232d78c067116e3260da881d2da8ffa39,coinbase,13899,1195.88,12524,1093.23
2026-09-07,0xd2f74a14522d40e4a1d7fbb62aa97ce99fa1a7e5,fluxa,215,1087.43,60,8.6
2026-09-07,0x24d4f332d8e886fc005bb4a103bad21d9ebc2b7f,fluxa,399,1056.52,105,551.05
2026-09-07,0xb5d25e1fa0718bf3e1bf698f96791d4e93632ec8,fluxa,245,383.36,68,13.92
2026-09-07,0x37dfb4033d5dd98fd335f24d0d42e8fe68d587d6,primer,1138,293.01,219,0.0
2026-09-07,0x66c40946b0dffd04be467e18309857307ecd37cb,polymer,1332,233.1,0,0.0
2026-09-07,0x97316fa4730bc7d3b295234f8e4d04a0a4c093e8,openx402,99,200.52,44,185.09
2026-09-07,0x1363c7ff51ccce10258a7f7bddd63baab6aaf678,daydreams,132,38.73,128,38.72
2026-09-07,0xfe0920a0a7f0f8a1ec689146c30c3bbef439bf8a,mogami,32,11.13,15,0.02
2026-09-07,0x103040545ac5031a11e8c03dd11324c7333a13c7,ultravioletadao,113,8.31,76,7.6
2026-09-07,0x7c766f5fd9ab3dc09acad5ecfacc99c4781efe29,openfacilitator,232,3.04,228,1.14
2026-09-07,0x80735b3f7808e2e229ace880dbe85e80115631ca,virtuals,4,0.08,4,0.08
2026-09-07,0x021cc47adeca6673def958e324ca38023b80a5be,heurist,5,0.07,5,0.07
2026-09-07,0xb578b7db22581507d62bdbeb85e06acd1be09e11,heurist,5,0.05,5,0.05
2026-09-14,0xc67b555b4a9d340ed7c5d87743163c31a75f2254,fluxa,1451,21140.73,255,101.12
2026-09-14,0x24d4f332d8e886fc005bb4a103bad21d9ebc2b7f,fluxa,433,10393.06,71,33.61
2026-09-14,0xaa0df01e4d11decf2ad2c459c81d3a495e4f1925,fluxa,454,3183.64,82,38.37
2026-09-14,0x103040545ac5031a11e8c03dd11324c7333a13c7,ultravioletadao,9877,2939.3,1763,176.3
2026-09-14,0x8f5cb67b49555e614892b7233cfddebfb746e531,coinbase,19057,2894.86,17916,2793.64
2026-09-14,0x772003a2e9c2ccc8af956870a37a66f64f8cec38,coinbase,18698,2724.43,17591,2432.57
2026-09-14,0x64cc42b1ce598e3abcfbb64df4688521ddbf1f0a,coinbase,18903,2690.87,17730,2527.79
2026-09-14,0xa32ccda98ba7529705a059bd2d213da8de10d101,coinbase,19015,2675.16,17861,2435.23
2026-09-14,0xe74817f4cdc15844314812b2271276e64e890fae,coinbase,18884,2632.29,17749,2433.16
2026-09-14,0x68a96f41ff1e9f2e7b591a931a4ad224e7c07863,coinbase,19036,2621.89,17883,2364.67
2026-09-14,0xe72f0af4cf41356d433723547f1412ca27fbb1b8,coinbase,18951,2619.02,17782,2453.63
2026-09-14,0xca5e87f82b3fa093800e6ad67d621a427d79c70d,coinbase,18928,2553.03,17775,2501.82
2026-09-14,0x97acce27d5069544480bde0f04d9f47d7422a016,coinbase,19003,2494.38,17861,2398.36
2026-09-14,0x68efafe862d89ce66dd3d7b07d5a3747a0871164,coinbase,18836,2494.03,17672,2343.47
2026-09-14,0x14fda13953fc30428938e6bf950d036e77214e52,coinbase,18847,2484.57,17683,2442.24
2026-09-14,0x59b7ebc67a3d627fabaf06768c818638452ae704,coinbase,18809,2455.65,17655,2371.02
2026-09-14,0x8cda367232d78c067116e3260da881d2da8ffa39,coinbase,18736,2447.34,17634,2339.52
2026-09-14,0x67b9ce703d9ce658d7c4ac3c289cea112fe662af,coinbase,18967,2434.65,17798,2353.63
2026-09-14,0x42dd53906b49c202e8e934b059dc019e04634b00,coinbase,18777,2368.71,17640,2219.67
2026-09-14,0x625d8a65134079f8faaac39a7947c73d93c6ac39,coinbase,18885,2350.44,17724,2255.43
2026-09-14,0x4c934c63c786157fefd990945b25ea60a0fb0205,coinbase,18914,2314.55,17733,2223.14
2026-09-14,0x2a89407a98a0732b7fd578c4e156b7166540eb5a,coinbase,18782,2257.97,17686,2207.96
2026-09-14,0xb87e1a2cc2b4643f2892768e80e41167f17c5860,coinbase,18753,2221.13,17679,2152.47
2026-09-14,0x93f6601151ccb08f333ab4b1cccfb1e188c0be44,coinbase,18711,2077.74,17615,2008.1
2026-09-14,0x66c40946b0dffd04be467e18309857307ecd37cb,polymer,1337,633.2,5,500.0
2026-09-14,0x37dfb4033d5dd98fd335f24d0d42e8fe68d587d6,primer,1415,356.37,282,0.05
2026-09-14,0x1363c7ff51ccce10258a7f7bddd63baab6aaf678,daydreams,78,237.14,74,237.12
2026-09-14,0x97316fa4730bc7d3b295234f8e4d04a0a4c093e8,openx402,230,192.49,31,75.04
2026-09-14,0x7c766f5fd9ab3dc09acad5ecfacc99c4781efe29,openfacilitator,204,3.81,200,3.64
2026-09-14,0xfe0920a0a7f0f8a1ec689146c30c3bbef439bf8a,mogami,36,0.3,33,0.2
2026-09-14,0x021cc47adeca6673def958e324ca38023b80a5be,heurist,10,0.06,0,0.0
2026-09-14,0xb578b7db22581507d62bdbeb85e06acd1be09e11,heurist,10,0.06,0,0.0
2026-09-21,0xaa0df01e4d11decf2ad2c459c81d3a495e4f1925,fluxa,251,50143.97,31,5.77
2026-09-21,0xca5e87f82b3fa093800e6ad67d621a427d79c70d,coinbase,32145,12781.96,29344,12561.72
2026-09-21,0x625d8a65134079f8faaac39a7947c73d93c6ac39,coinbase,32040,10721.72,29313,10483.55
2026-09-21,0x8cda367232d78c067116e3260da881d2da8ffa39,coinbase,31850,6268.87,29177,6103.44
2026-09-21,0xc67b555b4a9d340ed7c5d87743163c31a75f2254,fluxa,753,5603.77,64,12.83
2026-09-21,0xe72f0af4cf41356d433723547f1412ca27fbb1b8,coinbase,32175,5563.43,29389,5327.39
2026-09-21,0x772003a2e9c2ccc8af956870a37a66f64f8cec38,coinbase,31808,5001.76,29094,4364.9
2026-09-21,0xe74817f4cdc15844314812b2271276e64e890fae,coinbase,32066,4235.41,29285,4004.15
2026-09-21,0x14fda13953fc30428938e6bf950d036e77214e52,coinbase,32007,3586.95,29229,3355.54
2026-09-21,0x59b7ebc67a3d627fabaf06768c818638452ae704,coinbase,31953,3377.2,29238,3176.07
2026-09-21,0x67b9ce703d9ce658d7c4ac3c289cea112fe662af,coinbase,32202,3320.77,29364,3172.38
2026-09-21,0xb87e1a2cc2b4643f2892768e80e41167f17c5860,coinbase,31881,3157.33,29144,2777.47
2026-09-21,0x42dd53906b49c202e8e934b059dc019e04634b00,coinbase,31904,2921.61,29175,2625.25
2026-09-21,0x68efafe862d89ce66dd3d7b07d5a3747a0871164,coinbase,31984,2918.8,29194,2806.67
2026-09-21,0x93f6601151ccb08f333ab4b1cccfb1e188c0be44,coinbase,31836,2841.92,29078,2661.96
2026-09-21,0x8f5cb67b49555e614892b7233cfddebfb746e531,coinbase,32302,2823.61,29507,2604.09
2026-09-21,0xa32ccda98ba7529705a059bd2d213da8de10d101,coinbase,32247,2815.23,29432,2571.6
2026-09-21,0x97acce27d5069544480bde0f04d9f47d7422a016,coinbase,32221,2802.49,29480,2655.94
2026-09-21,0x2a89407a98a0732b7fd578c4e156b7166540eb5a,coinbase,31936,2777.19,29170,2604.44
2026-09-21,0x68a96f41ff1e9f2e7b591a931a4ad224e7c07863,coinbase,32276,2747.45,29467,2556.99
2026-09-21,0x64cc42b1ce598e3abcfbb64df4688521ddbf1f0a,coinbase,32086,2621.38,29330,2340.65
2026-09-21,0x4c934c63c786157fefd990945b25ea60a0fb0205,coinbase,32120,2587.16,29362,2437.98
2026-09-21,0x103040545ac5031a11e8c03dd11324c7333a13c7,ultravioletadao,5405,1167.22,2919,291.65
2026-09-21,0x37dfb4033d5dd98fd335f24d0d42e8fe68d587d6,primer,1433,367.26,295,0.47
2026-09-21,0x66c40946b0dffd04be467e18309857307ecd37cb,polymer,1334,133.4,0,0.0
2026-09-21,0x97316fa4730bc7d3b295234f8e4d04a0a4c093e8,openx402,189,129.63,28,98.2
2026-09-21,0x24d4f332d8e886fc005bb4a103bad21d9ebc2b7f,fluxa,230,94.37,22,7.54
2026-09-21,0x1363c7ff51ccce10258a7f7bddd63baab6aaf678,daydreams,64,54.52,64,54.52
2026-09-21,0x80735b3f7808e2e229ace880dbe85e80115631ca,virtuals,2680,26.8,2680,26.8
2026-09-21,0xfe0920a0a7f0f8a1ec689146c30c3bbef439bf8a,mogami,2155,8.28,2150,3.75
2026-09-21,0x7c766f5fd9ab3dc09acad5ecfacc99c4781efe29,openfacilitator,110,2.56,94,1.52
2026-09-21,0x402feee072d655b85e08f1751af9ddbcd249521f,dexter,38,1.77,0,0.0
2026-09-21,0xb578b7db22581507d62bdbeb85e06acd1be09e11,heurist,5,0.03,5,0.03
2026-09-21,0x021cc47adeca6673def958e324ca38023b80a5be,heurist,6,0.03,6,0.03
