kind,payee,category,usd_prev,usd_now,buyers_prev,buyers_now,usd_change
entered,0xffde1acbac169f822dabc3d97d6d7127dcae6003,large_ticket,0.0,26731.86,0,6,26731.86
continuing,0x93862e5b2b1fa10a01772e7e9ca7cdc7deb5ca25,large_ticket,7580.62,10480.5,130,123,2899.88
continuing,0xed9fcd0d36d1fc847b6489865261ccbbbf299902,large_ticket,2656.43,44.56,12,5,-2611.87
continuing,0x47d3394c7234714e4b9e9b74827c12be847f9dda,unclassed,8496.4,7326.8,25,25,-1169.6
continuing,0x6a0a10ffd285c971b841bee8892878c0d583bf67,unclassed,0.78,996.99,7,105,996.21
continuing,0x68396bd35874695ad86cd29410bd80a550991a2b,compute,19825.25,18839.78,714,720,-985.47
continuing,0x7284d41b5b852f2bd4c99bdf95043d84452d299c,other,2322.88,1641.38,903,1567,-681.5
continuing,0x480cd46e6fade651a0437deadda53d5c8e7d846a,other,4.82,365.43,11,27,360.61
continuing,0x2670b922ef37c7df47158725c0cc407b5382293f,unclassed,63.66,422.36,8,15,358.7
continuing,0xe9030014f5dae217d0a152f02a043567b16c1abf,data,216.97,559.11,119,118,342.14
continuing,0x159be9e316bc5fac8ce05aec4eaae46e8f8a4908,other,27.4,244.8,274,344,217.4
continuing,0x5aae638ccd22a4117c0441331e8e86ca979d482e,unclassed,30.34,234.48,139,238,204.14
continuing,0x3c0820e2dabd5feae1fd03b78079dee15c7f83d8,unclassed,237.12,54.52,10,11,-182.6
continuing,0xa0af9ed64c8fe5d00ce879badd40e94b47db2542,unclassed,304.16,144.51,205,52,-159.65
exited,0x8b1cf12e7efe6aea59cd1124ebbe7709e3ac6085,other,155.21,0.0,5,0,-155.21
exited,0xcc1984e79726e7a0ae2b9df2ac9e79fb4983930e,other,148.9,0.0,320,0,-148.9
exited,0x41bb09043062a90598fcfe2e82a2b951f1971dee,large_ticket,109.92,0.0,5,0,-109.92
continuing,0x3291e96b3bff7ed56e3ca8364273c5b4654b2b37,other,311.11,222.91,17,17,-88.2
continuing,0x213c8d7434e2ae7aa1c392767c5120778d413215,compute,69.53,150.19,12,12,80.66
continuing,0x26572ff23c6c52bfb1a69cb0c9114a8be443b422,compute,99.5,21.5,21,25,-78.0
continuing,0x4aabe17c239ef71c3a26ba7c2b3e0aebbfc1df26,data,175.0,103.0,13,11,-72.0
continuing,0x17cd53c04d707ef0dd615ef56c633f02915a7905,other,241.2,305.1,56,53,63.9
exited,0x4f180b7752993b785be84ebbb15ce99c97a926a1,unclassed,59.67,0.0,5,0,-59.67
exited,0xb0ae6a9bd7a573ddda58db6c28622417e8ca2099,search,57.25,0.39,7,4,-56.86
exited,0xdd350976b8cffc65938c0464d39a2c78be079bd0,other,45.1,1.03,8,4,-44.07
continuing,0xcfa26f13c6c18307033ece13bbb8f470da5b4dbe,search,66.78,26.94,26,29,-39.84
exited,0x8a99fef40d17e0bd6d48ce088cc207847d1c0596,other,35.03,0.0,9,0,-35.03
exited,0x66d7c2f952362bfb24fd7f02a9bec9c754ea83bc,data,57.63,23.73,9,4,-33.9
continuing,0xe740d5701749d262da5e4fcb9f814c5b6d91cf46,data,41.71,8.85,10,6,-32.86
continuing,0xa13d363aecccf878ec64f6eb687eb4a771fb0599,data,41.03,10.49,6,7,-30.54
continuing,0x7d2ceb7a0e0c39a3d0f7b5b491659fde4bb7bcfe,other,80.1,50.45,73,72,-29.65
entered,0xbf22b6ddb5a08c823856a779f1004eea60c5ab92,content,4.7,34.0,3,8,29.3
entered,0xef4364fe4487353df46eb7c811d4fac78b856c7f,other,0.0,24.73,0,558,24.73
continuing,0x50ab2018c06c6e4eaa9ba52057eb55ed284912fc,other,2.38,26.3,17,15,23.92
continuing,0x942bd3e3073543c674efc0c378d5bce20f9120c1,data,43.6,21.8,10,6,-21.8
continuing,0x589a2314a2e05f45e40c4823da3ba58d421db3d8,other,0.23,21.41,17,40,21.18
continuing,0x325bdf6f7efab24a2210c48c1b64cab2eae1d430,data,287.49,308.35,121,121,20.86
exited,0x79e999e2f9d5417f2803f1d88602ab1ea4323881,other,20.43,0.04,9,4,-20.39
continuing,0x21dd37e3e4ea6ccc0a5c98a4944702ede6e7be10,large_ticket,75.04,55.0,11,5,-20.04
continuing,0x3e0a7c9a79f0646fc4e72d52b5ee8877f5aa78e7,unclassed,23.3,41.62,1015,1164,18.32
continuing,0xab6731a0bcdf511c2842c768a03448075ab654ca,other,19.32,3.92,14,25,-15.4
entered,0x75ddd3c42eace13c59ea0cd1141b886a1c70d2a5,data,3.2,16.75,4,5,13.55
continuing,0xf121fbecec43e1b616d47285851c20d5fc64431b,data,0.55,14.05,6,6,13.5
continuing,0xdc59fa7b64988b846e76ec9849bb68f889071506,data,18.25,4.78,16,7,-13.47
entered,0x7f33b3c113915a0f2981070553ba9538c0f90171,data,1.0,14.28,2,5,13.28
continuing,0x40a8cdd6a10ec1a8cb3dfb2834675e7a2cf4ad8b,other,32.43,19.43,77,78,-13.0
continuing,0xdd257723b86b4947483905cdacbbbc70facf2ec0,data,0.22,13.05,16,19,12.83
continuing,0xa9dd7cc9cbf0e05551332209289f04be36bc2315,data,198.26,211.01,42,55,12.75
exited,0xd219db8179bb9c1899ef87f39eeba9d1070c6801,unclassed,12.42,0.0,6,0,-12.42
exited,0xe2a8b8c61e38a25f6567d25fb4e78957e86c594c,unclassed,12.0,0.0,12,0,-12.0
exited,0x6d7a2d65b26a87134c0571fb1baaa248eb0a291b,data,11.85,0.03,5,2,-11.82
continuing,0x7dd5be069f2d2ead75ec7c3423b116ff043c2629,compute,0.77,12.33,13,20,11.56
continuing,0x3c5cbe28eca3b96023c45d3f877da834f1c7d5fa,data,1.1,11.89,9,8,10.79
exited,0xce668a6eed09dc1b53d6b231c4875456668c1775,unclassed,10.0,0.0,9,0,-10.0
continuing,0x26c2ebffb2b332e5c188b1e33d4c7fa1a0ce0937,unclassed,12.12,2.23,5,5,-9.89
continuing,0x52ab53912d37759b2ad364f22dd06b16714b6c06,data,13.52,3.63,9,11,-9.89
continuing,0x9811c0900fcb719bbc363a3846d2d6db2771dea8,compute,0.27,10.12,5,5,9.85
continuing,0x2b6d4988db4723e6908db86ab2b8dfbc51fc32c5,other,7.82,0.51,33,19,-7.31
continuing,0x51d577c8cbb8b3fb1ba0ce31c7923cc27a07f78b,data,8.77,2.5,12,15,-6.27
continuing,0xd494a454888a390b2b05df74ae2b5fd9c9902b71,compute,9.2,3.1,6,57,-6.1
continuing,0x52e29e0d2aa49bfbfc548c0a9f2196f4aa51f3ea,data,32.31,26.91,598,499,-5.4
entered,0xf732ea490c5766071785a2310523f7fa2cebb829,search,0.0,5.25,0,10,5.25
entered,0x7360d007c5b96c1a0be4d3faf7f4bc3f8d1fb832,unclassed,2.09,7.27,3,5,5.18
continuing,0xcc985ba6934d134feec4824ba40258608f3a4333,compute,9.5,4.5,7,6,-5.0
continuing,0x93053f1e7a5efeda532fe69cbbe43cbec3a0f13f,data,19.05,23.87,48,106,4.82
exited,0xd5f951c86b0a4022c72c38ab5ba66a682a259420,data,4.79,0.0,5,0,-4.79
entered,0x2a90d68071b16ba7ab236709d4e37a54f56fea3b,compute,0.53,5.08,4,5,4.55
exited,0x90e8c7956a9e42f3154fd01a5a6d5722add10d6d,unclassed,4.51,0.0,31,0,-4.51
exited,0xcbdbff72469523a4e44adda585c5fd8b58240100,unclassed,4.41,0.0,10,0,-4.41
entered,0x00acee6cd97a308ace9a3fe7da90664bfa9b6d21,compute,0.84,5.09,3,5,4.25
continuing,0xdadc335482ad545296fd7b28518a251ffcbeb9df,data,6.27,2.2,18,17,-4.07
continuing,0xd593832ce9c2b13b192ba50b55dd9af44e96700d,data,9.14,5.11,8,10,-4.03
exited,0x8a598a28a435fe44d31854251b1c88d0781ea822,other,4.02,0.01,7,4,-4.01
continuing,0xade02dff58b0316f04cd59806e3fdb4690fe89ab,data,16.19,12.19,18,12,-4.0
continuing,0x4f4beb658084d7bd7ea0b6f74dbf6e99f93d422d,data,5.5,9.45,589,933,3.95
continuing,0x1f81da453901d15296c1710af83e0bc0371d39f1,data,14.11,18.01,11,23,3.9
entered,0x348ac9e3b010ba2300ba9a7bcfe5ae592b9fcfaa,data,0.48,4.12,4,6,3.64
continuing,0x6d6e695b09861467c7d462f5aaf31cf3540b9192,search,3.89,7.32,48,53,3.43
exited,0x6f847a09e9ebd73e3fc3aae33c49985e20a945f4,unclassed,3.42,0.0,15,0,-3.42
continuing,0xfa45c1c9e6e21bfc7fc6ca21efefae60627ce3d7,unclassed,4.4,0.98,31,5,-3.42
continuing,0x07317e7713aa8ee93913214a4a74f334ff7db048,unclassed,12.58,9.32,7,9,-3.26
continuing,0xdb5aa553feeb2c3e3d03e8360b36fb0f7e480671,unclassed,2.3,5.5,11,7,3.2
continuing,0x0e84ddedaae6a779c462c22a59f301ec31b6b808,data,6.19,3.23,122,208,-2.96
exited,0x44dc2dceaa22c7ef6b2e2cf2362fd3fb476b7c2c,compute,8.79,11.74,5,3,2.95
continuing,0x973a31858f4d2125f48c880542da11a2796f12d6,data,4.74,1.9,10,5,-2.84
exited,0x788b4ca11950879550353d8ae82d1c0af6018454,other,49.05,46.22,5,3,-2.83
continuing,0xc3d01fd2f79d4c57ad106ab8ecc12a5de24f97cb,data,0.14,2.95,6,14,2.81
exited,0x8cf48d837b6a8fcf2c3ba495d1aaa2f0da49fd18,unclassed,2.66,0.0,28,0,-2.66
continuing,0x3070fbb3803819fb5bdfe9286fdc6325a877fa85,data,5.53,7.97,11,9,2.44
continuing,0x8aab9a6d28e9aba2a15a613c90f24f352f0cce15,data,11.66,9.22,6,6,-2.44
continuing,0xd4bf214e1c1f7ec0e798eea554d1a1157158ff2b,unclassed,4.8,2.4,15,5,-2.4
continuing,0x06dff3c8380b5d1799874ada903fc3422882fd6f,other,2.98,0.63,24,13,-2.35
continuing,0x4466d4a84b7c49a6a094ec6eef4a0712d6dd125e,data,16.58,18.87,32,40,2.29
continuing,0x7c655d3d3944bd27994dd81a036c3afb19806c40,data,11.15,13.4,42,25,2.25
continuing,0xc9b70d8d342609437bc87ec3c877911a306d3e6a,data,3.2,1.01,7,6,-2.19
continuing,0x6c0752c09e7f6fa6526fcdf40e456a159ebb5621,compute,3.4,1.28,16,12,-2.12
exited,0x0573c4da7fc31e944e5ff959fef3b42199c308b2,unclassed,0.01,2.0,6,4,1.99
entered,0x7d9a65d06dcc435a52d5880c6310bd6e96c156db,data,0.0,1.93,0,8,1.93
continuing,0x9aaceabad8e1858b72fcea1665381b168841b2fa,data,17.46,15.53,6,5,-1.93
continuing,0x36038e1d712c5e39f35952164ec58ec2b96caee7,data,2.94,1.09,13,15,-1.85
continuing,0x43b85ae58f0a2505c710bc715d6f3eb16b1f63de,data,2.2,4.02,7,8,1.82
continuing,0xc3b66d340390d5dd2ec8294168f185e811b6c06b,data,3.03,1.29,11,7,-1.74
exited,0xf1453b5498760508765c29f090492ac1714bced1,unclassed,1.73,0.0,21,0,-1.73
exited,0xce48d4c2914c9e22a920883622cc04b1f6a5856c,search,1.56,0.0,5,0,-1.56
continuing,0x4df66b6c140778fe0717880a7c6dde5ea53acdea,data,2.6,1.15,11,9,-1.45
exited,0x22c24daf579629a6d7418e09e9c71e6c8883f8e2,data,1.42,0.04,5,3,-1.38
exited,0x6e9c2ebca537f861fe9242f8f974d99b3df762b2,data,0.24,1.58,8,3,1.34
exited,0x13e060adcc6f4b731da8382b333027b8b2bff707,data,2.48,3.7,7,3,1.22
continuing,0x6e007731870ede419cfb31889cd5c4493cecb04c,data,0.89,2.11,75,70,1.22
exited,0xab62452b4b019bc4402bffcca6c706d16d72a7bf,compute,1.26,0.04,6,4,-1.22
exited,0x96ac2cc7c4b3d3b0ceaa833ee2c67aca209bceb3,unclassed,1.61,0.41,8,4,-1.2
continuing,0xaeeb8eabdc05532a26123045f99d208eb1cc00ab,data,23.09,24.28,5,5,1.19
continuing,0x07f067959297767c887dbfa3c72379c66e82a045,compute,33.96,35.14,27,22,1.18
exited,0x3803a19280deefe533d177c4a169412bd341101b,unclassed,1.17,0.0,12,0,-1.17
exited,0x9863ab6242663fcc84c33632741711db78f8fd15,data,1.7,0.55,6,2,-1.15
exited,0xb836a641dae76424861f7f1fcb37c1295e44e329,data,1.13,0.0,5,0,-1.13
continuing,0x48d5a78d480b4c32de319c2aef69e682dc304615,data,0.74,1.86,5,5,1.12
continuing,0x54ebfcf3870439b9db62381848c5dabc05c70d5b,data,1.61,0.53,8,6,-1.08
continuing,0xb3f4de103f34b99f0da19b4f16d6b53a14c2194a,data,2.32,1.24,14,16,-1.08
continuing,0xf22e558a00d91ee12a1f50c52186fecb8ddff493,data,2.07,1.01,20,20,-1.06
continuing,0x9dba414637c611a16bea6f0796bfcbcbdc410df8,data,4.68,3.63,32,20,-1.05
continuing,0x4395c7e383b7e05665aad7f36ed77c01923dd965,data,1.65,0.63,7,8,-1.02
continuing,0xb1ef5415e9d3695e16977b8be422ab7512f788c0,data,3.27,4.24,8,9,0.97
exited,0x838841ce8e7d3fd4a3f14efe30b4249936f32598,unclassed,0.95,0.0,5,0,-0.95
continuing,0x3873d15cf3209c32aaa8d9aa542164e658567129,data,1.11,0.17,7,5,-0.94
continuing,0x970007590acc5c938cd51345b17af51b1b40d3ab,other,0.15,1.06,24,52,0.91
continuing,0x2ec4545f96a24876764bf2b04d54e66a1351be71,data,3.33,2.46,14,11,-0.87
exited,0x49245ae5cfbf5b751f83ba66e8502b33551fa9c4,unclassed,1.46,0.6,7,3,-0.86
continuing,0x0550779cfbc832657a8bb46bac9f359a5ad038b8,data,3.57,2.74,8,8,-0.83
continuing,0xcb9b3f94387389e38ef2a7b3c0b851fb8325d7e9,data,2.83,2.0,12,12,-0.83
continuing,0x2a462db85807f0ff497ddd15f5978317d079a3a1,unclassed,0.12,0.91,6,42,0.79
entered,0xd662a1aeec74e6021068a4f2ad998b1fb375803c,unclassed,0.0,0.79,0,6,0.79
exited,0x59964b603ea563b2a74b1a57980ed9592cb7091e,unclassed,0.78,0.0,7,0,-0.78
continuing,0xc2afb91833f4de19542a025872c6085cc29185eb,data,0.92,0.21,10,13,-0.71
continuing,0x525f6ddce9af7a7179d7696aabfcd5fcd15a21e6,data,2.01,1.33,10,11,-0.68
exited,0x81c4143ee57906239718de4a904bff00436fa1c1,unclassed,0.68,0.0,7,0,-0.68
continuing,0x8c128f1ee62bb5e47867cfbae2ad89be325df1b2,data,4.07,4.75,17,11,0.68
exited,0x260fbe1ec46968ee02e5b972507d7bb7f09f82b0,data,0.87,0.25,6,4,-0.62
exited,0x175562431dfcb38ab3a1762b7fc1fbc08a93bbbb,content,0.68,0.08,5,2,-0.6
continuing,0x110cdbba7fe6434ec4ce3464cc523942ad6fb784,data,0.83,1.4,22,15,0.57
continuing,0xabf4fabd7c416fb67202e5f9002389fc75e2a9d0,data,20.69,21.23,78,85,0.54
continuing,0xbfd71ea27ffc99747da2873372f84346d9a8b7ed,unclassed,1.86,1.34,12,14,-0.52
entered,0x9acfdc5a3d6bfbb127615751e0f0e44014e32abf,compute,0.03,0.54,2,7,0.51
continuing,0xce339395d7f2ea5a5009022ef1c392fb208a989e,search,0.72,0.21,7,6,-0.51
continuing,0x29322ea7ecb34aa6164cb2ddeb9ce650902e4f60,data,1.65,1.15,114,124,-0.5
continuing,0x058d0cc5cc97e61e8a9f38d6d6365bce525921b2,search,1.72,1.23,14,9,-0.49
continuing,0xb3c2776ce3f99cb3366520c27b4ac5d436942ab6,data,0.64,0.17,8,8,-0.47
exited,0x177ea123a35253ba8869a7e21e717978e482351d,data,0.58,0.13,5,3,-0.45
continuing,0xc751344ee09b5159160173f77d4a1169bcd386a1,data,3.11,2.68,21,21,-0.43
exited,0xf080a1aab08650946acda41410a7edc14f7be035,compute,0.46,0.04,5,3,-0.42
continuing,0xfdb4b511f6ae1f270776e500b3360217d5e7ed03,data,0.58,1.0,11,12,0.42
exited,0x176b5a928dc3ef323883c789b31170fdc2c36cb8,unclassed,0.4,0.0,5,0,-0.4
continuing,0x2c871c2b8876dc35e9e19646fda5abf1cd27735f,compute,2.82,2.42,9,7,-0.4
continuing,0x68e3e7822cf83c824cf9606ec999b5e8a93c85b5,data,0.17,0.56,9,12,0.39
exited,0xa09ae66ec8664475697ffc0eb45aa3fe52aa6030,search,0.47,0.08,6,2,-0.39
exited,0x4eba5ea3cf0f3fc307099317e17e54390f7a4c58,other,0.36,0.0,5,0,-0.36
continuing,0xb15a55e85fdf5edc41b6c1eaf7813e2c6e6def59,other,1.69,1.34,11,7,-0.35
continuing,0x9d667bc76f166322df087b3b3927d4d83d44a5d0,data,0.41,0.07,5,5,-0.34
exited,0xa9a38639ed4aebc04092e21f3399c56545450713,data,0.59,0.25,6,3,-0.34
continuing,0x5253666c40432f009ebd99908b9cd2a7fd1019cb,other,0.38,0.06,10,16,-0.32
exited,0x6e8b64638b24c6d625b045dd353120d850064e2e,compute,0.29,0.0,5,0,-0.29
continuing,0xcc42ed39a06b6cf3f484307ef76b88bf56fb305f,data,0.77,0.48,8,8,-0.29
continuing,0x02c2fcafce36b4aadb39625866bc6b1699d83043,data,1.43,1.71,11,8,0.28
exited,0x1d1b81247c407521e2a01f3e21514870dcf1620f,data,0.39,0.12,6,2,-0.27
continuing,0x59ea036c64f0f54cdd14a3be8a1a6586b58da71c,data,0.52,0.26,7,8,-0.26
continuing,0x9fb365e4e9385e2a39febad70368267e6f571d9a,data,0.65,0.9,14,14,0.25
continuing,0xf444abc53f5e1e73caec7df64d147ddb119514a0,data,1.11,1.36,10,10,0.25
continuing,0xb6a6ba7f58fe92e77bce040cc0818c63ab9ac768,search,0.6,0.37,7,5,-0.23
continuing,0xef879bfd6c4accb8f795136de90246e1ec245e06,data,0.42,0.65,5,7,0.23
continuing,0xf752eeb75d3bea24aa867ad93bfd8ef5a2f431b9,search,1.16,0.95,14,15,-0.21
exited,0xc648116b5debe4af7d78838aa468d07e0a9ab697,data,0.26,0.06,6,2,-0.2
exited,0x05a877ef93e7818828d199e2df0028bca3c75bf0,compute,0.19,0.0,5,0,-0.19
continuing,0x850363a27f0ac6feb9c7a3ec4c1d295262df9432,data,0.24,0.05,5,7,-0.19
exited,0x8e57bfde053dbb6862991759c19affc5f383d5d0,search,0.23,0.04,5,3,-0.19
continuing,0x3c5f3a6ce224bb89d72f5eb4232ecc27f67b3eea,data,0.49,0.67,11,9,0.18
continuing,0x3dcbef58b30fac60a897cd4ed1daed5de33b32e1,data,0.45,0.27,88,62,-0.18
exited,0xc91ce6291edc0713ec753bafba002506ffb2b95c,other,1.21,1.03,10,3,-0.18
continuing,0x54d6c2c08e10f1a1d3da88df513bbe9bcf1a4afa,search,1.07,0.9,6,9,-0.17
exited,0x549c82e6bfc54bdae9a2073744cbc2af5d1fc6d1,content,0.26,0.1,5,3,-0.16
exited,0xc13789e82661635d9cea38a53a0390cf9939ef4f,other,0.7,0.86,5,3,0.16
continuing,0x24facafeb49b4e3facf0b3e69604a2f4640c9bf2,data,0.43,0.28,6,7,-0.15
exited,0x072f3a2bd93bb75b1eb84a9e45d17a4f90a6d801,search,0.17,0.03,6,3,-0.14
continuing,0x2880edfff13100677bf97a3cbdf3bc34771c4e5e,data,0.38,0.24,8,10,-0.14
exited,0x9504a5939ab5be2b2b1f8bea7d7ebeccd96c485d,other,0.16,0.02,5,2,-0.14
continuing,0x33661b8496075c3b8b2b69cb3e03bc3436808d78,content,0.27,0.14,21,8,-0.13
continuing,0xcb8025d951e5e45be7d288b658eeee6f05713006,data,0.19,0.32,6,5,0.13
entered,0x44b16952484b6dbea40ede12927ee03a5ea6cdd3,data,0.0,0.12,0,5,0.12
continuing,0x66717045858d9f598e2ebd046bf42a0b1063c0fa,data,0.16,0.28,7,10,0.12
continuing,0xc327d0aeb5f65b514b193b5e5a95cc6f4060815f,search,0.59,0.47,9,12,-0.12
exited,0xe79aa9d55170f7e1ac420266ec93a6c28c436de8,data,0.14,0.02,7,2,-0.12
exited,0x23d931f95831cee50b5f5edf4d0e88270f6c8411,search,0.18,0.07,7,3,-0.11
entered,0x65e02cb7fee27630bb7d1a3add02ef7aa2d21701,other,0.1,0.21,4,5,0.11
exited,0xaab91727a29827783bc42135fc56bff5bfb8911d,data,0.19,0.08,6,2,-0.11
entered,0xe9740820225b3918b4ddd1292c7ca4ca0e2c2f08,compute,0.31,0.2,3,6,-0.11
continuing,0xffc458db291b4abce020fe3de4f91f2770e537b1,data,0.14,0.03,8,6,-0.11
entered,0x444731dac7c9cde478147f41e621a064fcbe70f2,data,0.0,0.1,0,5,0.1
exited,0x59f3a6dcb6f482c53872dd8f8f9e1f9161a1c5f7,data,0.28,0.38,5,3,0.1
continuing,0x0d083590c048a243e24a75e3a7c968145de25b44,data,0.93,0.84,13,15,-0.09
exited,0x48096526488f2d51df6bca1b1f3a3639986cc3dd,other,0.1,0.01,5,2,-0.09
exited,0x8a897d546c22d726b45fa25f0ebb56207e63ff4e,data,0.09,0.0,5,0,-0.09
exited,0xa43774fd2e867fc45b782456d78f135a215d5561,other,0.44,0.35,5,2,-0.09
exited,0x0ccd097f92475d3eaf88e3b73e38a4dd4cb08667,other,0.08,0.0,5,0,-0.08
exited,0x383190a4f26f075fc2c73f6738eabf4dc6f33442,data,0.1,0.02,5,3,-0.08
exited,0x7cf45cd775bdf31a5a96fa0a5805df0b610d87ff,data,0.12,0.04,6,2,-0.08
entered,0x8d0663bbb967ebf1c047405a888ddf865f3e8854,data,0.47,0.39,4,5,-0.08
continuing,0xa3068cfae6217ae906958250072bdf51b7f910c3,compute,0.11,0.03,33,9,-0.08
continuing,0xb810b599bc730aa85800babe7f5d160524322c86,data,0.24,0.16,11,16,-0.08
continuing,0xd70d01c73b0c5f3246f2b55cce5ff1b41842ab5e,other,0.1,0.02,32,10,-0.08
continuing,0xe3738580ede5384bb8b8d1c8786b391c59d2668d,data,0.11,0.19,7,8,0.08
continuing,0x255cdb4e42afefc7120b0388eb78f96d996d387b,other,0.09,0.02,33,10,-0.07
continuing,0xe82ebef57fa5af958b8ecb6843d4327d314f59e3,data,1.12,1.05,14,12,-0.07
continuing,0x1e21dba6eeb902343e4128a1957eafb8cdf36f39,content,0.07,0.01,44,13,-0.06
exited,0x45ac00db8bdd4b837abbbf75888cbdfe6b6d8943,other,0.06,0.0,5,0,-0.06
continuing,0x6a4921474848d3fa168ee7fa87222547acc4712f,content,0.07,0.01,37,11,-0.06
continuing,0xbbba34e9e10130ce852aa9f1d651cd73c36206d4,compute,0.08,0.02,32,13,-0.06
continuing,0xbd17480bf6ff056f7b91d9adc9dfda001eb7283d,data,0.26,0.2,7,8,-0.06
continuing,0x2af91df69bd04ccf82d6477adc046c815b7ae129,content,0.07,0.02,35,11,-0.05
exited,0x492ec81ecf395fbea2f19fece203ee14d0544b71,search,0.05,0.0,6,0,-0.05
continuing,0x5bb4b0c766e0d5d791d9403fc275c22064709f68,data,0.16,0.11,50,49,-0.05
exited,0x5e4413f7ec69b67c07a60c4f1f75391370f79b13,data,0.05,0.0,5,0,-0.05
exited,0x9862ca83b72ab95521f457aff6e6efb03d8164c3,data,0.05,0.0,5,0,-0.05
continuing,0xb5f08f2db7baa682f308baa02cf0edb35aca336a,content,0.06,0.01,40,11,-0.05
continuing,0xb8c578e039aa2c44dd3dec48e6875ba5763cd67f,other,0.06,0.01,47,8,-0.05
exited,0xc4f9f3b2cc0eac2542df9f1cb8f5c118e13a0045,data,0.05,0.0,5,0,-0.05
continuing,0xc87a06dee4c0e85912296002617120bbfd5ef990,data,0.14,0.09,6,6,-0.05
exited,0xd617a7145ca56e3ed58d639f9dec6999b22441ee,data,0.12,0.07,6,4,-0.05
entered,0xe813d34c0525e0fbb1e6478b86d40b83603c2008,compute,0.0,0.05,0,6,0.05
continuing,0x1350a77befebbcc05f8e3a13cc6d4ad781c59d34,content,0.05,0.01,37,12,-0.04
exited,0x21353452e547b306a6007d834c433a118638d3b3,data,0.08,0.04,5,3,-0.04
continuing,0x217e5fe265eb78b29067bf8324ef03a7d8e167c4,data,0.08,0.12,9,7,0.04
continuing,0x23f713411c30bbd9a989c9cbc22eb0b55f7f7334,other,0.1,0.14,5,10,0.04
exited,0x2740651e046c59ab2a6510401140643292d3a96f,data,0.21,0.25,5,4,0.04
continuing,0x38c063312719220c676e988f0dee14b4ec0e44c8,data,0.16,0.12,24,31,-0.04
exited,0x3f4cee4c6bad04fcca3138dffdee579ddf17049b,other,0.07,0.03,10,4,-0.04
entered,0x7b53524d5c5d29efb8c1d128c56f62fe38cd9476,data,0.07,0.03,4,6,-0.04
exited,0x7f74ce6d34ee0180f0217a16ce05f3b91272570f,data,0.2,0.16,5,4,-0.04
continuing,0x9200c98c8188ef50302ed3b8b0ffd5d39832090c,compute,0.07,0.03,7,6,-0.04
continuing,0xa0bfa4f07281c9b248dc3aed2217836bca24869b,other,0.01,0.05,6,7,0.04
exited,0xa3091005a76b1480f1897a9d0c2e1c55b7767674,other,0.04,0.0,5,2,-0.04
exited,0xb3cc1566b213dc97f6aac5984e849df2f2391772,other,0.06,0.02,6,2,-0.04
exited,0xb91504d6f77d36923376c302ccc0237df0efaa35,other,0.04,0.0,12,0,-0.04
exited,0xcd6b6d99b7751ff30b68fa1365488eb73fa7cefa,data,0.1,0.06,5,3,-0.04
continuing,0xd7d49d6a12ee3852f29a52a40908069bf4e48914,other,0.06,0.02,39,16,-0.04
continuing,0xffff4b8da8c165b556326453446f6940c8afe0db,data,0.08,0.04,7,5,-0.04
continuing,0x3cc1d8ee1dfdfd326c19b0884b8df4b24b623f0c,data,0.1,0.07,7,7,-0.03
continuing,0x3da40a9ad36640a2c0f533bac368490095574664,data,0.04,0.07,22,46,0.03
continuing,0x446e51deab3ae656c99e65369e8ef1148d23d7f7,data,0.07,0.04,6,5,-0.03
continuing,0x548fc289526ab2f0391d562a723cda64bbf1abc4,data,0.17,0.14,9,13,-0.03
entered,0x5c3db195a38f39074d8c891741a82f6d8f2a16cc,data,0.01,0.04,3,7,0.03
continuing,0x63ae98f3363b346a94fcc1cbcb621f1c2b1fcddc,search,0.21,0.24,5,6,0.03
continuing,0x88a4cdea106f18e919613a4eaed8efdb2183e9ea,other,0.05,0.02,33,16,-0.03
continuing,0xa7f3ad0e69f61864092fabba6cee00af6e584689,compute,0.17,0.14,5,7,-0.03
continuing,0xba667287b8ef89565f8fd7acd4d22ce98e0f39cd,compute,0.04,0.01,28,8,-0.03
exited,0xc529edd6d47c60923902514c7c0b3993ae42c2ec,data,0.03,0.0,5,0,-0.03
exited,0xc55a2d530b53cbad1001e4afd4720b7e71f9c291,other,0.04,0.01,6,4,-0.03
exited,0xd6b585dd2f48263d08fb75ea28c1598d845d23a8,data,0.04,0.01,5,3,-0.03
exited,0x0b6e3594df4faa6d66196d5a3271796ad8bb505d,compute,0.1,0.08,5,4,-0.02
exited,0x25a8b697da5c0baf698fd6bd9701b5e825214145,data,0.03,0.01,6,2,-0.02
continuing,0x32793f68dc2ea26bbc75eb900da120069e8b6d02,data,0.06,0.04,6,5,-0.02
continuing,0x38c9f689274e2fc3ae360744ef88ce212077a584,other,0.04,0.06,5,5,0.02
exited,0x3a43fdf92b1596b22ddf719d5b528c537da4237d,data,0.1,0.12,5,3,0.02
exited,0x3b59f268ebc38c5f43b8b9be37238bf43378ad87,unclassed,0.02,0.0,5,0,-0.02
continuing,0x53a05c0eed6cbf065f31aedbae7b0d8ce1a0f4db,data,0.04,0.06,8,7,0.02
continuing,0x58bdad5e654691ac5ed4631758f3d8da00666b6c,data,0.07,0.05,9,17,-0.02
exited,0x624faf18c78456c8da5bf156cd77c1a2033f21c5,data,0.03,0.01,7,2,-0.02
exited,0x67ac1e671e87b2c91847230748ed38a596013ea6,data,0.02,0.0,5,2,-0.02
continuing,0x7971a809c18c918cad50cf004c190cbb6e1bf668,compute,0.06,0.04,31,13,-0.02
exited,0x859af250df0b68bfd0768ca22142a1afa0abeaf4,content,0.07,0.05,5,4,-0.02
exited,0x9173fc7aca730ae34838f08dfe85d4a608f38c38,data,0.03,0.01,5,3,-0.02
exited,0x9baa4417d1e78f2ed5b09aa4abfb541aeb2cd6ed,data,0.04,0.02,5,2,-0.02
continuing,0x9f8bd9875b3e0b632a24a3a7c73f7787175e73a2,other,0.13,0.15,6,8,0.02
exited,0xbd61dfb01f81c91f02b0ccd51b0220e0c8918639,other,0.03,0.01,6,4,-0.02
continuing,0xbf0df63a4a47e5a72a976ece1d78aefeccc773a0,other,0.04,0.02,32,18,-0.02
continuing,0xe55359021a6a22d8385b827405991c56075f56f8,data,0.12,0.1,9,7,-0.02
exited,0xf7fdeffc3abc97379418b0a687fdb54e1cbce163,search,0.03,0.05,5,3,0.02
continuing,0xffa9155a0e4b3d8d42351da226cc1feee449686f,search,0.05,0.03,8,6,-0.02
exited,0x108bcd8a07c3fdfca3aa500784a8573123a1029f,data,0.01,0.0,5,2,-0.01
exited,0x374cfb844a5c702d637d72a5387fd9ef6b82108c,other,0.05,0.04,5,4,-0.01
exited,0x506c3995cb7b9bb6ea4d2f95e1e43461b74c9aff,data,0.05,0.06,5,3,0.01
continuing,0x552cc4a10878c7f20574489d47184249657ca3f6,data,0.06,0.05,6,5,-0.01
continuing,0x5a78ace5dd133316c8aaf7e156fbfc57e1209cf9,data,0.02,0.01,10,14,-0.01
continuing,0x5f5a631e975183d084f60d7121e967b30ec83cb8,other,0.04,0.03,5,5,-0.01
exited,0x649006bc937e7a60f98e49455d0fe3425321a3b0,data,0.01,0.0,6,0,-0.01
continuing,0x6ab8efe305cce67daa48c97bde29c04402822dff,data,0.03,0.04,8,5,0.01
continuing,0x9d86e0e74333b297b1d0b6ba30d2ed1b5f01f296,data,0.02,0.01,7,5,-0.01
exited,0xae2634e709c454f2720c65a0b2f9ba168e431842,data,0.73,0.72,5,3,-0.01
exited,0xc29185fa176357612f3194735753e520e91adc46,data,0.04,0.03,5,4,-0.01
exited,0xc863b1c6658971ca427e90665dccce90a41a2bc2,data,0.01,0.0,5,0,-0.01
continuing,0xcc69d619e6053f88a4845066518f465bd06fc96c,data,0.03,0.02,10,14,-0.01
entered,0xd433f056270912659f073d5ffe7ae247e39235a5,data,0.0,0.01,3,5,0.01
continuing,0xdd5fcea81ca6f1eb39fed5b973de794293b81ba6,compute,0.07,0.08,12,9,0.01
continuing,0xe4181c7de066959bcca010525304ba68a84768e0,data,0.39,0.4,9,6,0.01
exited,0xe73d86f185be79a33b0318d881b71f2a24371114,compute,0.01,0.0,5,3,-0.01
exited,0xed7d30e8bc643503f9da261ed8e623bb6ecf6189,other,0.01,0.0,7,0,-0.01
exited,0xefc3f6ba8a706af67162ebab84fc2d09fa73360e,data,0.01,0.0,7,0,-0.01
continuing,0xf567cfe0fdb87a1d6ca330e3f30f0d3da0f7cb98,data,0.01,0.02,7,15,0.01
exited,0x0e525428d66c111672ce58b1bf649a6d167f36b1,unclassed,0.04,0.04,7,4,0.0
continuing,0x1035e11e861aab9fa443491bfeeb0b3152c7a9f3,unclassed,0.0,0.0,23,21,0.0
continuing,0x127462e296fac1a7f5cf33ba57bb2f0fff5cd0b6,other,0.12,0.12,17,37,0.0
exited,0x315708415764b7f2b783714ce82cf9c628e33fcf,data,0.02,0.02,6,4,0.0
exited,0x318d34fa0bd69eff17fac648d2df8cf7a88b3dbe,other,0.04,0.04,5,3,0.0
continuing,0x3fc3bfe0e28824cdc964b8ba3ba97ac3c8d8ffb0,unclassed,0.0,0.0,18,20,0.0
entered,0x46ba634261566cf242c853d1f49511f9268ba674,data,0.01,0.01,4,5,0.0
continuing,0x59dc4e72ff68bd2fdcf904f7dea50ba34369c9dd,unclassed,0.0,0.0,22,21,0.0
exited,0x5d17c40fd6b119dc6006c4ab3c20a917fcab2acd,compute,0.02,0.02,6,3,0.0
continuing,0x5fd3e2915b3a726db50b6ff60f281f59a591ab3c,unclassed,0.0,0.0,18,16,0.0
continuing,0x6a82fe3f9471fdf7c8987b482737a44084dfe2cb,unclassed,0.0,0.0,33,17,0.0
exited,0x7beca68dd9ac733d4de6b16d16b85dc391c071e2,other,0.36,0.36,5,3,0.0
continuing,0x7e5af504234a9a992009b4de3f5ca9c4fe0db5be,unclassed,0.0,0.0,29,15,0.0
continuing,0x82b17d0bb4de9ae6c3491257b60e8245e70acd7b,data,0.01,0.01,6,7,0.0
continuing,0x84fa7ea8303d4f503267e2e998a3f7d980e814a5,content,0.02,0.02,6,5,0.0
continuing,0x8553670d4b9302a6c6499707e1ad742bd941f930,unclassed,0.0,0.0,27,19,0.0
exited,0x962794fb8ad92941faf1ab446b9e30637b86f331,compute,0.05,0.05,5,3,0.0
continuing,0x98e83fbcb5f8fb8414acd0aeeb93160046b65666,other,0.14,0.14,6,5,0.0
exited,0x995c0abdcd2ad76548e5f7deb54d32549b2b781f,data,0.01,0.01,5,4,0.0
continuing,0xa55b06462a2e48661badf22f5841f95ae654b716,data,0.06,0.06,7,12,0.0
continuing,0xad62f03c7514bb8c51f1ea70c2b75c37404695c8,other,0.22,0.22,12,8,0.0
continuing,0xb77bb730db97d8ced7d85b59dd702f83c65bd02c,unclassed,0.0,0.0,11,13,0.0
exited,0xb86f95ef5fa904318ea9df3b59adce099b478fc4,compute,0.05,0.05,9,4,0.0
continuing,0xc87a34ea2051c052c9e4ccb4bfc5d308560abc68,unclassed,0.0,0.0,17,17,0.0
continuing,0xcf9223ece895258dea8d288aebcf846ab8e342fb,data,0.13,0.13,25,24,0.0
continuing,0xd07bb762a322029df4f4fb728af1c805591fc7d0,unclassed,0.0,0.0,26,22,0.0
continuing,0xe341add833f9d62082e97ea260baa6546cd09f73,data,0.01,0.01,5,9,0.0
