week_start,sellers,buyers
2026-08-03,1,3977
2026-08-03,2,210
2026-08-03,3–5,181
2026-08-03,6–10,99
2026-08-03,11+,35
2026-08-10,1,4622
2026-08-10,2,187
2026-08-10,3–5,179
2026-08-10,6–10,72
2026-08-10,11+,22
2026-08-17,1,4484
2026-08-17,2,174
2026-08-17,3–5,157
2026-08-17,6–10,68
2026-08-17,11+,46
2026-08-24,1,3762
2026-08-24,2,171
2026-08-24,3–5,169
2026-08-24,6–10,83
2026-08-24,11+,63
2026-08-31,1,3354
2026-08-31,2,183
2026-08-31,3–5,206
2026-08-31,6–10,70
2026-08-31,11+,69
2026-09-07,1,5617
2026-09-07,2,216
2026-09-07,3–5,145
2026-09-07,6–10,60
2026-09-07,11+,55
2026-09-14,1,5825
2026-09-14,2,488
2026-09-14,3–5,203
2026-09-14,6–10,84
2026-09-14,11+,48
2026-09-21,1,7939
2026-09-21,2,210
2026-09-21,3–5,328
2026-09-21,6–10,49
2026-09-21,11+,37
