week_start,category,bin_lo_usd,bin_hi_usd,payments,usd
2026-08-24,all,0.0001,0.000316,272,0.0
2026-08-24,all,0.001,0.003162,253337,522.39
2026-08-24,all,0.003162,0.01,21439,113.58
2026-08-24,all,0.01,0.031623,54736,648.3
2026-08-24,all,0.031623,0.1,9209,476.42
2026-08-24,all,0.1,0.316228,3218,582.73
2026-08-24,all,0.316228,1.0,2338,1330.03
2026-08-24,all,1.0,3.162278,7324,8778.57
2026-08-24,all,3.162278,10.0,2887,14592.37
2026-08-24,all,10.0,31.622777,1466,21298.29
2026-08-24,all,31.622777,100.0,10,604.04
2026-08-24,all,100.0,316.227766,2,223.75
2026-08-24,all,316.227766,1000.0,3,1699.89
2026-08-24,compute,0.001,0.003162,19841,58.7
2026-08-24,compute,0.003162,0.01,2119,10.76
2026-08-24,compute,0.01,0.031623,1025,15.45
2026-08-24,compute,0.031623,0.1,132,7.11
2026-08-24,compute,0.1,0.316228,220,37.99
2026-08-24,compute,0.316228,1.0,72,41.24
2026-08-24,compute,1.0,3.162278,4750,4770.41
2026-08-24,compute,3.162278,10.0,2266,11327.71
2026-08-24,compute,10.0,31.622777,673,10114.78
2026-08-24,compute,100.0,316.227766,1,100.0
2026-08-24,content,0.001,0.003162,236,0.28
2026-08-24,content,0.003162,0.01,13,0.08
2026-08-24,content,0.01,0.031623,135,1.72
2026-08-24,content,0.031623,0.1,3,0.13
2026-08-24,content,0.1,0.316228,6,1.2
2026-08-24,content,0.316228,1.0,1,0.7
2026-08-24,content,1.0,3.162278,7,7.0
2026-08-24,content,10.0,31.622777,2,40.0
2026-08-24,content,31.622777,100.0,1,50.0
2026-08-24,data,0.001,0.003162,225580,450.11
2026-08-24,data,0.003162,0.01,13397,71.49
2026-08-24,data,0.01,0.031623,40748,493.73
2026-08-24,data,0.031623,0.1,4910,247.56
2026-08-24,data,0.1,0.316228,1750,304.93
2026-08-24,data,0.316228,1.0,709,383.92
2026-08-24,data,1.0,3.162278,116,161.9
2026-08-24,data,3.162278,10.0,13,88.4
2026-08-24,data,10.0,31.622777,7,80.0
2026-08-24,large_ticket,0.01,0.031623,20,0.4
2026-08-24,large_ticket,0.031623,0.1,17,1.17
2026-08-24,large_ticket,0.1,0.316228,30,4.76
2026-08-24,large_ticket,1.0,3.162278,53,139.48
2026-08-24,large_ticket,3.162278,10.0,58,360.04
2026-08-24,large_ticket,10.0,31.622777,602,8443.02
2026-08-24,large_ticket,31.622777,100.0,3,207.75
2026-08-24,large_ticket,100.0,316.227766,1,123.75
2026-08-24,large_ticket,316.227766,1000.0,3,1699.89
2026-08-24,other,0.001,0.003162,6516,11.5
2026-08-24,other,0.003162,0.01,1182,5.91
2026-08-24,other,0.01,0.031623,11811,121.35
2026-08-24,other,0.031623,0.1,2925,146.28
2026-08-24,other,0.1,0.316228,130,18.48
2026-08-24,other,0.316228,1.0,18,10.68
2026-08-24,other,1.0,3.162278,20,24.2
2026-08-24,other,3.162278,10.0,18,104.9
2026-08-24,other,10.0,31.622777,25,621.9
2026-08-24,other,31.622777,100.0,6,346.29
2026-08-24,search,0.001,0.003162,427,0.99
2026-08-24,search,0.003162,0.01,1053,6.9
2026-08-24,search,0.01,0.031623,169,2.25
2026-08-24,search,0.031623,0.1,889,52.87
2026-08-24,search,0.1,0.316228,8,0.9
2026-08-24,unclassed,0.0001,0.000316,272,0.0
2026-08-24,unclassed,0.001,0.003162,737,0.8
2026-08-24,unclassed,0.003162,0.01,3675,18.44
2026-08-24,unclassed,0.01,0.031623,828,13.4
2026-08-24,unclassed,0.031623,0.1,333,21.3
2026-08-24,unclassed,0.1,0.316228,1074,214.46
2026-08-24,unclassed,0.316228,1.0,1538,893.49
2026-08-24,unclassed,1.0,3.162278,2378,3675.57
2026-08-24,unclassed,3.162278,10.0,532,2711.31
2026-08-24,unclassed,10.0,31.622777,157,1998.59
2026-08-31,all,0.0001,0.000316,226,0.0
2026-08-31,all,0.001,0.003162,217332,436.43
2026-08-31,all,0.003162,0.01,102715,614.44
2026-08-31,all,0.01,0.031623,112888,1482.54
2026-08-31,all,0.031623,0.1,16511,808.56
2026-08-31,all,0.1,0.316228,6358,1053.85
2026-08-31,all,0.316228,1.0,2737,1712.51
2026-08-31,all,1.0,3.162278,4768,6791.15
2026-08-31,all,3.162278,10.0,1795,9106.74
2026-08-31,all,10.0,31.622777,1163,17757.95
2026-08-31,all,31.622777,100.0,14,831.27
2026-08-31,all,100.0,316.227766,6,1359.19
2026-08-31,compute,0.001,0.003162,7257,19.49
2026-08-31,compute,0.003162,0.01,2386,12.01
2026-08-31,compute,0.01,0.031623,1526,22.43
2026-08-31,compute,0.031623,0.1,404,23.07
2026-08-31,compute,0.1,0.316228,406,62.56
2026-08-31,compute,0.316228,1.0,84,43.88
2026-08-31,compute,1.0,3.162278,1338,1349.41
2026-08-31,compute,3.162278,10.0,677,3383.57
2026-08-31,compute,10.0,31.622777,178,2707.6
2026-08-31,compute,31.622777,100.0,1,52.0
2026-08-31,content,0.001,0.003162,560,0.72
2026-08-31,content,0.003162,0.01,8,0.04
2026-08-31,content,0.01,0.031623,267,3.39
2026-08-31,content,0.031623,0.1,9,0.45
2026-08-31,content,0.1,0.316228,3,0.45
2026-08-31,content,1.0,3.162278,2,2.5
2026-08-31,data,0.001,0.003162,205646,410.86
2026-08-31,data,0.003162,0.01,94797,568.63
2026-08-31,data,0.01,0.031623,104210,1356.97
2026-08-31,data,0.031623,0.1,12085,562.57
2026-08-31,data,0.1,0.316228,3776,649.91
2026-08-31,data,0.316228,1.0,210,106.62
2026-08-31,data,1.0,3.162278,123,194.97
2026-08-31,data,3.162278,10.0,103,626.72
2026-08-31,data,10.0,31.622777,6,70.0
2026-08-31,data,31.622777,100.0,7,350.0
2026-08-31,large_ticket,0.001,0.003162,2,0.0
2026-08-31,large_ticket,0.031623,0.1,439,26.32
2026-08-31,large_ticket,0.1,0.316228,328,48.1
2026-08-31,large_ticket,0.316228,1.0,293,240.21
2026-08-31,large_ticket,1.0,3.162278,615,1118.63
2026-08-31,large_ticket,3.162278,10.0,398,1946.36
2026-08-31,large_ticket,10.0,31.622777,817,12868.81
2026-08-31,large_ticket,31.622777,100.0,3,294.97
2026-08-31,large_ticket,100.0,316.227766,4,909.19
2026-08-31,other,0.001,0.003162,3023,3.88
2026-08-31,other,0.003162,0.01,1129,5.63
2026-08-31,other,0.01,0.031623,3653,40.04
2026-08-31,other,0.031623,0.1,1899,95.05
2026-08-31,other,0.1,0.316228,96,17.34
2026-08-31,other,0.316228,1.0,28,20.11
2026-08-31,other,1.0,3.162278,50,56.24
2026-08-31,other,3.162278,10.0,38,198.12
2026-08-31,other,10.0,31.622777,16,277.24
2026-08-31,other,31.622777,100.0,2,100.0
2026-08-31,other,100.0,316.227766,2,450.0
2026-08-31,search,0.001,0.003162,428,0.93
2026-08-31,search,0.003162,0.01,4074,26.52
2026-08-31,search,0.01,0.031623,994,20.97
2026-08-31,search,0.031623,0.1,1270,73.34
2026-08-31,search,0.1,0.316228,180,18.1
2026-08-31,search,1.0,3.162278,96,96.0
2026-08-31,unclassed,0.0001,0.000316,226,0.0
2026-08-31,unclassed,0.001,0.003162,416,0.54
2026-08-31,unclassed,0.003162,0.01,321,1.61
2026-08-31,unclassed,0.01,0.031623,2238,38.74
2026-08-31,unclassed,0.031623,0.1,405,27.76
2026-08-31,unclassed,0.1,0.316228,1569,257.38
2026-08-31,unclassed,0.316228,1.0,2122,1301.7
2026-08-31,unclassed,1.0,3.162278,2544,3973.41
2026-08-31,unclassed,3.162278,10.0,579,2951.96
2026-08-31,unclassed,10.0,31.622777,146,1834.3
2026-08-31,unclassed,31.622777,100.0,1,34.3
2026-09-07,all,0.0001,0.000316,219,0.0
2026-09-07,all,0.001,0.003162,112181,221.09
2026-09-07,all,0.003162,0.01,21004,108.74
2026-09-07,all,0.01,0.031623,96661,1592.85
2026-09-07,all,0.031623,0.1,9577,499.08
2026-09-07,all,0.1,0.316228,5293,971.97
2026-09-07,all,0.316228,1.0,4726,2534.42
2026-09-07,all,1.0,3.162278,3491,5404.8
2026-09-07,all,3.162278,10.0,750,3781.32
2026-09-07,all,10.0,31.622777,640,9301.67
2026-09-07,all,31.622777,100.0,17,813.84
2026-09-07,all,100.0,316.227766,4,689.54
2026-09-07,all,316.227766,1000.0,5,2413.11
2026-09-07,all,1000.0,3162.27766,1,1250.88
2026-09-07,compute,0.001,0.003162,368,0.58
2026-09-07,compute,0.003162,0.01,152,0.86
2026-09-07,compute,0.01,0.031623,1114,14.57
2026-09-07,compute,0.031623,0.1,268,16.17
2026-09-07,compute,0.1,0.316228,271,43.34
2026-09-07,compute,0.316228,1.0,59,34.24
2026-09-07,compute,1.0,3.162278,140,186.19
2026-09-07,compute,3.162278,10.0,5,21.32
2026-09-07,compute,10.0,31.622777,1,10.0
2026-09-07,content,0.001,0.003162,86,0.12
2026-09-07,content,0.003162,0.01,18,0.1
2026-09-07,content,0.01,0.031623,149,1.96
2026-09-07,content,0.031623,0.1,24,1.15
2026-09-07,content,0.1,0.316228,6,0.75
2026-09-07,content,0.316228,1.0,2,1.0
2026-09-07,content,1.0,3.162278,4,4.5
2026-09-07,data,0.001,0.003162,100049,198.72
2026-09-07,data,0.003162,0.01,8785,49.75
2026-09-07,data,0.01,0.031623,29519,386.83
2026-09-07,data,0.031623,0.1,4850,234.48
2026-09-07,data,0.1,0.316228,3581,711.41
2026-09-07,data,0.316228,1.0,2714,1350.66
2026-09-07,data,1.0,3.162278,695,1007.45
2026-09-07,data,3.162278,10.0,12,52.53
2026-09-07,data,10.0,31.622777,4,80.0
2026-09-07,large_ticket,0.316228,1.0,1,0.98
2026-09-07,large_ticket,1.0,3.162278,25,56.69
2026-09-07,large_ticket,3.162278,10.0,51,279.5
2026-09-07,large_ticket,10.0,31.622777,445,6495.15
2026-09-07,large_ticket,31.622777,100.0,8,427.84
2026-09-07,large_ticket,100.0,316.227766,3,539.54
2026-09-07,large_ticket,316.227766,1000.0,5,2413.11
2026-09-07,large_ticket,1000.0,3162.27766,1,1250.88
2026-09-07,other,0.001,0.003162,6505,11.13
2026-09-07,other,0.003162,0.01,2596,12.92
2026-09-07,other,0.01,0.031623,64429,1169.1
2026-09-07,other,0.031623,0.1,2470,123.75
2026-09-07,other,0.1,0.316228,709,77.93
2026-09-07,other,0.316228,1.0,64,42.58
2026-09-07,other,1.0,3.162278,60,75.62
2026-09-07,other,3.162278,10.0,27,142.23
2026-09-07,other,10.0,31.622777,43,833.94
2026-09-07,other,31.622777,100.0,6,240.0
2026-09-07,other,100.0,316.227766,1,150.0
2026-09-07,search,0.001,0.003162,1607,4.22
2026-09-07,search,0.003162,0.01,1303,7.61
2026-09-07,search,0.01,0.031623,266,3.55
2026-09-07,search,0.031623,0.1,1622,97.07
2026-09-07,search,0.1,0.316228,13,1.49
2026-09-07,search,0.316228,1.0,5,2.4
2026-09-07,search,1.0,3.162278,2,2.0
2026-09-07,unclassed,0.0001,0.000316,219,0.0
2026-09-07,unclassed,0.001,0.003162,3566,6.32
2026-09-07,unclassed,0.003162,0.01,8150,37.5
2026-09-07,unclassed,0.01,0.031623,1184,16.84
2026-09-07,unclassed,0.031623,0.1,343,26.47
2026-09-07,unclassed,0.1,0.316228,713,137.06
2026-09-07,unclassed,0.316228,1.0,1881,1102.56
2026-09-07,unclassed,1.0,3.162278,2565,4072.36
2026-09-07,unclassed,3.162278,10.0,655,3285.73
2026-09-07,unclassed,10.0,31.622777,147,1882.57
2026-09-07,unclassed,31.622777,100.0,3,146.0
2026-09-14,all,0.0001,0.000316,278,0.0
2026-09-14,all,0.000316,0.001,3,0.0
2026-09-14,all,0.001,0.003162,157037,299.42
2026-09-14,all,0.003162,0.01,18621,97.66
2026-09-14,all,0.01,0.031623,149919,2755.17
2026-09-14,all,0.031623,0.1,13248,686.06
2026-09-14,all,0.1,0.316228,5129,770.54
2026-09-14,all,0.316228,1.0,2645,1494.83
2026-09-14,all,1.0,3.162278,6477,8371.67
2026-09-14,all,3.162278,10.0,2890,14819.02
2026-09-14,all,10.0,31.622777,1201,17492.46
2026-09-14,all,31.622777,100.0,6,359.83
2026-09-14,all,100.0,316.227766,9,1276.33
2026-09-14,compute,0.001,0.003162,18748,55.44
2026-09-14,compute,0.003162,0.01,251,1.48
2026-09-14,compute,0.01,0.031623,1082,16.64
2026-09-14,compute,0.031623,0.1,240,12.96
2026-09-14,compute,0.1,0.316228,295,53.02
2026-09-14,compute,0.316228,1.0,71,37.6
2026-09-14,compute,1.0,3.162278,3415,3430.08
2026-09-14,compute,3.162278,10.0,1778,8887.54
2026-09-14,compute,10.0,31.622777,509,7641.4
2026-09-14,content,0.001,0.003162,283,0.34
2026-09-14,content,0.003162,0.01,8,0.04
2026-09-14,content,0.01,0.031623,64,0.76
2026-09-14,content,0.031623,0.1,16,0.85
2026-09-14,content,0.1,0.316228,1,0.1
2026-09-14,content,0.316228,1.0,2,1.2
2026-09-14,content,1.0,3.162278,5,5.0
2026-09-14,data,0.001,0.003162,99077,197.21
2026-09-14,data,0.003162,0.01,11234,61.64
2026-09-14,data,0.01,0.031623,19997,281.44
2026-09-14,data,0.031623,0.1,4426,228.49
2026-09-14,data,0.1,0.316228,1990,377.6
2026-09-14,data,0.316228,1.0,152,77.97
2026-09-14,data,1.0,3.162278,95,119.92
2026-09-14,data,3.162278,10.0,12,69.0
2026-09-14,data,10.0,31.622777,4,80.0
2026-09-14,large_ticket,0.0001,0.000316,1,0.0
2026-09-14,large_ticket,0.000316,0.001,3,0.0
2026-09-14,large_ticket,0.001,0.003162,8,0.01
2026-09-14,large_ticket,0.003162,0.01,2,0.01
2026-09-14,large_ticket,0.01,0.031623,2,0.02
2026-09-14,large_ticket,0.1,0.316228,46,13.05
2026-09-14,large_ticket,0.316228,1.0,418,229.74
2026-09-14,large_ticket,1.0,3.162278,285,567.63
2026-09-14,large_ticket,3.162278,10.0,351,2010.25
2026-09-14,large_ticket,10.0,31.622777,519,7626.64
2026-09-14,large_ticket,31.622777,100.0,2,169.83
2026-09-14,large_ticket,100.0,316.227766,7,869.73
2026-09-14,other,0.001,0.003162,6543,11.51
2026-09-14,other,0.003162,0.01,1181,5.89
2026-09-14,other,0.01,0.031623,127814,2442.72
2026-09-14,other,0.031623,0.1,7263,363.26
2026-09-14,other,0.1,0.316228,1853,190.93
2026-09-14,other,0.316228,1.0,37,26.05
2026-09-14,other,1.0,3.162278,48,55.26
2026-09-14,other,3.162278,10.0,25,128.29
2026-09-14,other,10.0,31.622777,7,117.5
2026-09-14,other,31.622777,100.0,3,150.0
2026-09-14,other,100.0,316.227766,1,207.6
2026-09-14,search,0.001,0.003162,706,1.42
2026-09-14,search,0.003162,0.01,1105,6.46
2026-09-14,search,0.01,0.031623,315,4.09
2026-09-14,search,0.031623,0.1,1155,68.74
2026-09-14,search,0.1,0.316228,8,1.43
2026-09-14,search,0.316228,1.0,3,1.5
2026-09-14,search,1.0,3.162278,33,61.0
2026-09-14,unclassed,0.0001,0.000316,277,0.0
2026-09-14,unclassed,0.001,0.003162,31672,33.5
2026-09-14,unclassed,0.003162,0.01,4840,22.15
2026-09-14,unclassed,0.01,0.031623,645,9.5
2026-09-14,unclassed,0.031623,0.1,148,11.77
2026-09-14,unclassed,0.1,0.316228,936,134.41
2026-09-14,unclassed,0.316228,1.0,1962,1120.78
2026-09-14,unclassed,1.0,3.162278,2596,4132.78
2026-09-14,unclassed,3.162278,10.0,724,3723.94
2026-09-14,unclassed,10.0,31.622777,162,2026.92
2026-09-14,unclassed,31.622777,100.0,1,40.0
2026-09-14,unclassed,100.0,316.227766,1,199.0
2026-09-21,all,0.0001,0.000316,226,0.0
2026-09-21,all,0.001,0.003162,293036,628.28
2026-09-21,all,0.003162,0.01,75548,340.96
2026-09-21,all,0.01,0.031623,133986,2281.99
2026-09-21,all,0.031623,0.1,12577,649.73
2026-09-21,all,0.1,0.316228,9966,1358.46
2026-09-21,all,0.316228,1.0,2288,1243.77
2026-09-21,all,1.0,3.162278,5935,7442.07
2026-09-21,all,3.162278,10.0,2417,12170.17
2026-09-21,all,10.0,31.622777,1329,19378.7
2026-09-21,all,31.622777,100.0,11,676.51
2026-09-21,all,100.0,316.227766,4,442.56
2026-09-21,all,316.227766,1000.0,5,2650.18
2026-09-21,all,1000.0,3162.27766,2,4425.0
2026-09-21,all,3162.27766,10000.0,3,19656.68
2026-09-21,compute,0.001,0.003162,19499,57.18
2026-09-21,compute,0.003162,0.01,257,1.3
2026-09-21,compute,0.01,0.031623,1200,20.73
2026-09-21,compute,0.031623,0.1,346,19.96
2026-09-21,compute,0.1,0.316228,241,48.98
2026-09-21,compute,0.316228,1.0,66,30.48
2026-09-21,compute,1.0,3.162278,3469,3490.4
2026-09-21,compute,3.162278,10.0,1721,8592.13
2026-09-21,compute,10.0,31.622777,465,6964.0
2026-09-21,compute,31.622777,100.0,2,80.0
2026-09-21,content,0.001,0.003162,88,0.12
2026-09-21,content,0.003162,0.01,48,0.24
2026-09-21,content,0.01,0.031623,154,2.7
2026-09-21,content,0.031623,0.1,87,4.45
2026-09-21,content,0.1,0.316228,31,3.15
2026-09-21,content,0.316228,1.0,4,2.4
2026-09-21,content,1.0,3.162278,11,16.3
2026-09-21,content,3.162278,10.0,3,15.3
2026-09-21,data,0.001,0.003162,119570,240.25
2026-09-21,data,0.003162,0.01,13042,82.73
2026-09-21,data,0.01,0.031623,25151,353.53
2026-09-21,data,0.031623,0.1,3299,173.29
2026-09-21,data,0.1,0.316228,1539,308.6
2026-09-21,data,0.316228,1.0,652,294.65
2026-09-21,data,1.0,3.162278,135,162.92
2026-09-21,data,3.162278,10.0,23,120.0
2026-09-21,data,10.0,31.622777,11,133.0
2026-09-21,large_ticket,0.1,0.316228,6,0.87
2026-09-21,large_ticket,0.316228,1.0,21,11.13
2026-09-21,large_ticket,1.0,3.162278,103,258.34
2026-09-21,large_ticket,3.162278,10.0,13,65.25
2026-09-21,large_ticket,10.0,31.622777,701,10340.21
2026-09-21,large_ticket,31.622777,100.0,2,199.8
2026-09-21,large_ticket,100.0,316.227766,1,100.0
2026-09-21,large_ticket,316.227766,1000.0,5,2650.18
2026-09-21,large_ticket,1000.0,3162.27766,2,4425.0
2026-09-21,large_ticket,3162.27766,10000.0,3,19656.68
2026-09-21,other,0.001,0.003162,5014,9.02
2026-09-21,other,0.003162,0.01,6096,30.46
2026-09-21,other,0.01,0.031623,94029,1762.9
2026-09-21,other,0.031623,0.1,8238,416.4
2026-09-21,other,0.1,0.316228,2602,263.3
2026-09-21,other,0.316228,1.0,27,16.94
2026-09-21,other,1.0,3.162278,37,47.33
2026-09-21,other,3.162278,10.0,8,35.69
2026-09-21,other,10.0,31.622777,10,138.9
2026-09-21,other,31.622777,100.0,4,211.71
2026-09-21,other,100.0,316.227766,2,218.72
2026-09-21,search,0.001,0.003162,458,0.85
2026-09-21,search,0.003162,0.01,2358,13.75
2026-09-21,search,0.01,0.031623,226,3.11
2026-09-21,search,0.031623,0.1,499,29.33
2026-09-21,search,0.1,0.316228,2,0.26
2026-09-21,search,1.0,3.162278,16,16.0
2026-09-21,unclassed,0.0001,0.000316,226,0.0
2026-09-21,unclassed,0.001,0.003162,148407,320.87
2026-09-21,unclassed,0.003162,0.01,53747,212.48
2026-09-21,unclassed,0.01,0.031623,13226,139.02
2026-09-21,unclassed,0.031623,0.1,108,6.31
2026-09-21,unclassed,0.1,0.316228,5545,733.3
2026-09-21,unclassed,0.316228,1.0,1518,888.17
2026-09-21,unclassed,1.0,3.162278,2164,3450.78
2026-09-21,unclassed,3.162278,10.0,649,3341.8
2026-09-21,unclassed,10.0,31.622777,142,1802.59
2026-09-21,unclassed,31.622777,100.0,3,185.0
2026-09-21,unclassed,100.0,316.227766,1,123.84
