week_start,category,payments,p10_usd,median_usd,p90_usd
2026-08-24,all,362181,0.002,0.002,0.0126
2026-08-24,compute,31661,0.003,0.003,1.0
2026-08-24,content,408,0.001,0.0015,0.02
2026-08-24,data,291924,0.002,0.002,0.01
2026-08-24,large_ticket,798,2.691,10.791,18.0
2026-08-24,other,23079,0.002,0.01,0.05
2026-08-24,search,2608,0.003,0.007,0.06
2026-08-24,unclassed,11703,0.005,0.0899,2.3228880000000047
2026-08-31,all,466513,0.002,0.005,0.01656979999999999
2026-08-31,compute,14257,0.003,0.003,1.0
2026-08-31,content,849,0.001,0.0015,0.01
2026-08-31,data,420963,0.002,0.004809,0.013625
2026-08-31,large_ticket,2899,0.060457,1.96,18.0
2026-08-31,other,9936,0.001,0.01,0.05
2026-08-31,search,7042,0.004,0.007,0.06
2026-08-31,unclassed,10567,0.01,0.3747,2.5
2026-09-07,all,254569,0.002,0.005135,0.03
2026-09-07,compute,2378,0.002,0.01,0.21
2026-09-07,content,289,0.001,0.01,0.041999999999999885
2026-09-07,data,150209,0.002,0.002,0.02
2026-09-07,large_ticket,539,5.0,10.791,18.0
2026-09-07,other,76910,0.005,0.02,0.02
2026-09-07,search,4818,0.003,0.007,0.06
2026-09-07,unclassed,19426,0.001,0.005183,1.5
2026-09-14,all,357463,0.001,0.01,0.02
2026-09-14,compute,26389,0.003,0.003,1.0
2026-09-14,content,379,0.001,0.0013,0.01
2026-09-14,data,136987,0.002,0.002,0.014
2026-09-14,large_ticket,1644,0.418,3.982,18.0
2026-09-14,other,144775,0.01,0.02,0.02
2026-09-14,search,3325,0.002,0.007,0.06
2026-09-14,unclassed,43964,0.001,0.001,0.5
2026-09-21,all,594130,0.001918,0.003,0.02
2026-09-21,compute,31951,0.003,0.003,1.0
2026-09-21,content,564,0.0011,0.02,0.07399999999999977
2026-09-21,data,197720,0.002,0.002,0.011
2026-09-21,large_ticket,934,2.691,10.791,18.0
2026-09-21,other,129585,0.005,0.02,0.02
2026-09-21,search,4090,0.002,0.005,0.06
2026-09-21,unclassed,229286,0.001,0.002806,0.01
