week_start,step,label,payments,usd
2026-08-24,ours,My own test and API payments,0,0.0
2026-08-24,c1,Closed loops and self-payments,3878,547.6
2026-08-24,c2,Funding-linked payer and seller,23238,28739.81
2026-08-24,fanout,Fan-out from shared funders,0,0.0
2026-08-24,dust,Sellers with a single buyer,5497,4586.78
2026-08-24,clean,Demand-cleaned,362181,51651.22
2026-08-31,ours,My own test and API payments,0,0.0
2026-08-31,c1,Closed loops and self-payments,3068,466.53
2026-08-31,c2,Funding-linked payer and seller,25339,1581.72
2026-08-31,fanout,Fan-out from shared funders,0,0.0
2026-08-31,dust,Sellers with a single buyer,21662,10363.5
2026-08-31,clean,Demand-cleaned,466513,41954.62
2026-09-07,ours,My own test and API payments,0,0.0
2026-09-07,c1,Closed loops and self-payments,3289,519.85
2026-09-07,c2,Funding-linked payer and seller,22006,1025.62
2026-09-07,fanout,Fan-out from shared funders,0,0.0
2026-09-07,dust,Sellers with a single buyer,6514,5730.75
2026-09-07,clean,Demand-cleaned,254569,29583.31
2026-09-14,ours,My own test and API payments,0,0.0
2026-09-14,c1,Closed loops and self-payments,2898,1098.67
2026-09-14,c2,Funding-linked payer and seller,22963,1080.06
2026-09-14,fanout,Fan-out from shared funders,0,0.0
2026-09-14,dust,Sellers with a single buyer,9703,38291.16
2026-09-14,clean,Demand-cleaned,357463,48422.99
2026-09-21,ours,My own test and API payments,0,0.0
2026-09-21,c1,Closed loops and self-payments,3214,640.86
2026-09-21,c2,Funding-linked payer and seller,24192,540.19
2026-09-21,fanout,Fan-out from shared funders,976,1620.81
2026-09-21,dust,Sellers with a single buyer,33180,59108.69
2026-09-21,clean,Demand-cleaned,594130,81695.3
