pay_to,checks_7d,endpoints_7d,days_checked,valid_402_share
0x1d61faa032d3f40d9c470d2bf3a3f53de0e55a38,120,120,2,1.0
0x836be278f1739fb4308091cd1852f7971bc19ee2,120,120,2,1.0
0x8bc2aecdd86097f74a1a5fa17764108d9a683c8c,120,120,2,1.0
0x91d568599fb802cb3f03f067d2063785dbaf0abd,109,109,2,1.0
0xa2a8df0f7caabea4e120a2568118f141569fc8aa,96,96,2,0.7292
0xfc24fd34da9e49a0110dcaee3ad30ec54175ebb3,77,77,2,1.0
0xb9f06d2734b7e9d7b21b64c4d8b95bd774b71acf,35,35,2,1.0
0xba7d7dca32b3659dbab451e5b408ff8f23f13442,30,30,2,1.0
0x5976376b0c2125655e01d0a7758c744c43fb6d93,25,25,2,1.0
0xb3ba3ca99f9742b32fc527cf62688c83b39aed8c,21,21,2,0.9048
0x2d16a243ba9facc6ac85519d5efad2149dc4c6c3,20,20,2,1.0
0xeca891e34b3e5873181fb779672564e198c55354,20,20,2,1.0
0x548efd4f4d4a5c3669dbb4cbb2b1a637feeec5f6,19,19,2,1.0
0x8ede9ed2e6acdd9b2bafa42ff4078d3f3263607c,14,14,2,1.0
0x215200bd7e6973ad2d2927bdd3e04a61531f5629,13,13,2,1.0
0xec84c1cd6602bbe387bc8e6f0d3c062f2762de28,12,12,2,1.0
0xe81c67c086c83997b41673e1e41e481c14d756f6,11,11,2,1.0
0xfb5625d44be488414606773244f0de35410b2f39,11,11,2,1.0
0x02c2fcafce36b4aadb39625866bc6b1699d83043,10,10,2,1.0
0x03d773c52b67993e60ecb3134b17436fe03b584c,10,5,2,1.0
0x0550779cfbc832657a8bb46bac9f359a5ad038b8,10,7,2,1.0
0x058d0cc5cc97e61e8a9f38d6d6365bce525921b2,10,9,2,1.0
0x05e1720bb82f86b5bc7940a99fdc702e32256357,10,5,2,1.0
0x0adc7adac7bbaffffbd73505711e42378c4f9f9e,10,9,2,1.0
0x0b4242adf40726d9b09688030948176752d29924,10,8,2,1.0
0x0b6e3594df4faa6d66196d5a3271796ad8bb505d,10,5,2,1.0
0x0cd2c9724f185a029101b4aeacf3f114415c394f,10,10,2,1.0
0x0db4c96d8b14f431f3bb8ce1a33f07d2c696a62c,10,8,2,1.0
0x0e84ddedaae6a779c462c22a59f301ec31b6b808,10,10,2,1.0
0x0eba5d314f4f5dcb7a094953fa9311a45172dd1b,10,8,2,0.6
0x0ff5a6ecef783bba35463ec2f8403b9b5e9e7c86,10,8,2,1.0
0x110cdbba7fe6434ec4ce3464cc523942ad6fb784,10,9,2,1.0
0x127462e296fac1a7f5cf33ba57bb2f0fff5cd0b6,10,7,2,1.0
0x1304ec1a8945365e43a5c18a734065f107b417ca,10,8,2,1.0
0x1394a802c94ab096abbd91ccc632843b03f46614,10,7,2,1.0
0x13e060adcc6f4b731da8382b333027b8b2bff707,10,9,2,1.0
0x1538726707212f4db3eb67cec0910422a310475c,10,10,2,0.9
0x15459498e1191d8787c83177809bd54022fa18c4,10,7,2,1.0
0x169bf49c6ee5a179190121ab8d180b50e31683d1,10,9,2,1.0
0x177ea123a35253ba8869a7e21e717978e482351d,10,9,2,1.0
0x17cd53c04d707ef0dd615ef56c633f02915a7905,10,6,2,1.0
0x1831f336585a6c67b6a954d28f3e07f44c4eebbd,10,9,2,1.0
0x1888192fac6a69e4cd7d078ec4bcf6f24f7c767b,10,7,2,1.0
0x19ea1e953542d7ac76f042f8bdc94d81b964c53d,10,7,2,1.0
0x1b24deac0951efcd6923f684b574fe9a4202cf1f,10,7,2,1.0
0x1ccef327b34853f6ac51464ea47fb3c291328d5e,10,8,2,1.0
0x1f0409ccd20a2fb497d4decef4e17e9d0688fea6,10,8,2,1.0
0x1f5f8474fa0dc1fde79187abd68ef8ea15adae34,10,5,2,1.0
0x1f81da453901d15296c1710af83e0bc0371d39f1,10,10,2,1.0
0x217e5fe265eb78b29067bf8324ef03a7d8e167c4,10,8,2,1.0
0x22c24daf579629a6d7418e09e9c71e6c8883f8e2,10,10,2,1.0
0x22db3a9686ee5261e7bf3ed4f91277232e8076e6,10,9,2,1.0
0x22f7e9518dff04a5db1fddaabc0e001b8c425b3a,10,10,2,0.9
0x23d931f95831cee50b5f5edf4d0e88270f6c8411,10,6,2,1.0
0x24a5ec14de5dbf0ed1e27784d63d22dc9451998f,10,7,2,1.0
0x24facafeb49b4e3facf0b3e69604a2f4640c9bf2,10,8,2,0.8
0x2583aac89f58a63d9ccbedaa5e3baf2196aa967e,10,9,2,1.0
0x25a8b697da5c0baf698fd6bd9701b5e825214145,10,7,2,1.0
0x25d408ef54e60f3006bd13d5a040d525e2f359c2,10,9,2,1.0
0x260fbe1ec46968ee02e5b972507d7bb7f09f82b0,10,7,2,1.0
0x26572ff23c6c52bfb1a69cb0c9114a8be443b422,10,7,2,1.0
0x267ead21c0a5c1bf7e44cb357641556edc52d232,10,9,2,1.0
0x2740651e046c59ab2a6510401140643292d3a96f,10,9,2,1.0
0x28410eac7393dba041cd5a92eefe7a8e834310bb,10,6,2,1.0
0x2880edfff13100677bf97a3cbdf3bc34771c4e5e,10,10,2,1.0
0x29322ea7ecb34aa6164cb2ddeb9ce650902e4f60,10,10,2,1.0
0x2a90d68071b16ba7ab236709d4e37a54f56fea3b,10,8,2,0.6
0x2b6d4988db4723e6908db86ab2b8dfbc51fc32c5,10,10,2,1.0
0x2c871c2b8876dc35e9e19646fda5abf1cd27735f,10,9,2,1.0
0x2e8dfc2a77adcdd865a46293844c250462a1c32d,10,8,2,0.9
0x2ec4545f96a24876764bf2b04d54e66a1351be71,10,8,2,1.0
0x2fecabdfc849c76fdc28ca13aa0ab392753ef35c,10,8,2,0.6
0x3070fbb3803819fb5bdfe9286fdc6325a877fa85,10,10,2,1.0
0x3078368e0740fa5f8d9b900ea428c946a1006cb7,10,6,2,1.0
0x315708415764b7f2b783714ce82cf9c628e33fcf,10,8,2,1.0
0x318d34fa0bd69eff17fac648d2df8cf7a88b3dbe,10,9,2,1.0
0x325bdf6f7efab24a2210c48c1b64cab2eae1d430,10,9,2,1.0
0x32793f68dc2ea26bbc75eb900da120069e8b6d02,10,5,2,1.0
0x3291e96b3bff7ed56e3ca8364273c5b4654b2b37,10,8,2,1.0
0x32a1ef342b5d6a82bc53208602341474d623e5c3,10,9,2,1.0
0x33cc8de6e86761d217044a8a6b394ad23b579596,10,10,2,1.0
0x348ac9e3b010ba2300ba9a7bcfe5ae592b9fcfaa,10,10,2,1.0
0x36038e1d712c5e39f35952164ec58ec2b96caee7,10,9,2,1.0
0x367f1b3d8ca90d1e087481a9a40d585bf3451a03,10,9,2,1.0
0x383190a4f26f075fc2c73f6738eabf4dc6f33442,10,7,2,1.0
0x3873d15cf3209c32aaa8d9aa542164e658567129,10,10,2,1.0
0x38c063312719220c676e988f0dee14b4ec0e44c8,10,7,2,1.0
0x38c9f689274e2fc3ae360744ef88ce212077a584,10,9,2,0.7
0x3a43fdf92b1596b22ddf719d5b528c537da4237d,10,7,2,1.0
0x3c5cbe28eca3b96023c45d3f877da834f1c7d5fa,10,10,2,1.0
0x3cc1d8ee1dfdfd326c19b0884b8df4b24b623f0c,10,10,2,1.0
0x3da40a9ad36640a2c0f533bac368490095574664,10,6,2,1.0
0x3f60008dfd0efc03f476d9b489d6c5b13b3ebf2c,10,10,2,1.0
0x3fb1413adb2aadb1c84f34e762d9cacfd8b068c1,10,8,2,1.0
0x40a8cdd6a10ec1a8cb3dfb2834675e7a2cf4ad8b,10,8,2,1.0
0x41595e02275629126ad11551e39ee9ac8531ad3c,10,7,2,1.0
0x41adee1eba2c276be5e8cabe0ce523e4dd792170,10,9,2,1.0
0x421b1e2ebc5458b5f3e156fd57300bbd8fd0a89e,10,10,2,1.0
0x4395c7e383b7e05665aad7f36ed77c01923dd965,10,10,2,1.0
0x43b85ae58f0a2505c710bc715d6f3eb16b1f63de,10,8,2,1.0
0x4466d4a84b7c49a6a094ec6eef4a0712d6dd125e,10,10,2,1.0
0x446e51deab3ae656c99e65369e8ef1148d23d7f7,10,6,2,1.0
0x44dc2dceaa22c7ef6b2e2cf2362fd3fb476b7c2c,10,5,2,1.0
0x464374fb066f08273740e99ad5c07b92d8ac665f,10,8,2,1.0
0x470a1b647d668d3820add26d70c8371557ff4c6b,10,7,2,1.0
0x478bcdea94b9cb5ea14c33e6f0d7e920743d39f2,10,6,2,1.0
0x480cd46e6fade651a0437deadda53d5c8e7d846a,10,8,2,1.0
0x48d5a78d480b4c32de319c2aef69e682dc304615,10,10,2,1.0
0x4aabe17c239ef71c3a26ba7c2b3e0aebbfc1df26,10,5,2,1.0
0x4c1a4fce51fea51f128a01cce8becb106d391155,10,6,2,1.0
0x4dd5e59475a55f1c2c0816469600663cb74cc1dc,10,8,2,1.0
0x4df66b6c140778fe0717880a7c6dde5ea53acdea,10,10,2,1.0
0x4ff893df9ab8603d5460fbbaee0d9b8c0fa4d5e9,10,9,2,1.0
0x50ab2018c06c6e4eaa9ba52057eb55ed284912fc,10,9,2,1.0
0x5100a134d768415cc4a25d7bdbcfc44394d62282,10,9,2,1.0
0x51d577c8cbb8b3fb1ba0ce31c7923cc27a07f78b,10,8,2,1.0
0x5253666c40432f009ebd99908b9cd2a7fd1019cb,10,10,2,1.0
0x525f6ddce9af7a7179d7696aabfcd5fcd15a21e6,10,9,2,1.0
0x52ab53912d37759b2ad364f22dd06b16714b6c06,10,10,2,1.0
0x52e29e0d2aa49bfbfc548c0a9f2196f4aa51f3ea,10,10,2,1.0
0x53598173ce7c26025bab0520d9e9d0c28fbcf7de,10,6,2,1.0
0x53884ef9a486b805bfa5e4f55290ff66dca7c457,10,6,2,1.0
0x53a05c0eed6cbf065f31aedbae7b0d8ce1a0f4db,10,7,2,1.0
0x548fc289526ab2f0391d562a723cda64bbf1abc4,10,6,2,1.0
0x549c82e6bfc54bdae9a2073744cbc2af5d1fc6d1,10,7,2,1.0
0x54d6c2c08e10f1a1d3da88df513bbe9bcf1a4afa,10,9,2,0.4
0x54ebfcf3870439b9db62381848c5dabc05c70d5b,10,9,2,0.2
0x555379f9f4750eb34ffc8b3daf8eda2ea0f6d112,10,7,2,1.0
0x55d06e282a699710e03088c218a9e79d2b1616fc,10,7,2,1.0
0x589a2314a2e05f45e40c4823da3ba58d421db3d8,10,7,2,1.0
0x594bb80bb2993e5b1b6adf3c94df980d94a54933,10,10,2,1.0
0x59ea036c64f0f54cdd14a3be8a1a6586b58da71c,10,8,2,1.0
0x59f3a6dcb6f482c53872dd8f8f9e1f9161a1c5f7,10,9,2,1.0
0x5b32c973596078a967562ca652761404f19be0e9,10,10,2,1.0
0x5bb4b0c766e0d5d791d9403fc275c22064709f68,10,7,2,1.0
0x5bcda55247b238a573a968b234f788a2d35664dd,10,7,2,1.0
0x5c3db195a38f39074d8c891741a82f6d8f2a16cc,10,9,2,1.0
0x5d89060682fce50ecaa7600af6a5645bd2b107eb,10,7,2,0.0
0x5deaebaf98034cc0d9abe3757a440b121c42ef0a,10,6,2,1.0
0x5e709929a4ab69ec3a8811d03417869059bc4eb9,10,9,2,1.0
0x5f7254f252ef9b9f92b6b4f2cf91205ed7a96c7a,10,10,2,1.0
0x61195a8af1f72350d85790f6edfd5d11d1fa02db,10,6,2,1.0
0x624faf18c78456c8da5bf156cd77c1a2033f21c5,10,5,2,1.0
0x6382e6929a20b7eb02bdacfb5368362984b24c15,10,5,2,1.0
0x63a20fa244d3e6a8902121e99704b7f857dc6ebb,10,10,2,1.0
0x63ae98f3363b346a94fcc1cbcb621f1c2b1fcddc,10,8,2,1.0
0x66717045858d9f598e2ebd046bf42a0b1063c0fa,10,6,2,1.0
0x66d7c2f952362bfb24fd7f02a9bec9c754ea83bc,10,10,2,1.0
0x67ac1e671e87b2c91847230748ed38a596013ea6,10,5,2,1.0
0x68e3e7822cf83c824cf9606ec999b5e8a93c85b5,10,9,2,1.0
0x6a667a72d3d36d95421474019aa46f0308d643fc,10,7,2,1.0
0x6ab8efe305cce67daa48c97bde29c04402822dff,10,9,2,1.0
0x6b0f4651ed42893ab58139938175e4a69f175f25,10,10,2,1.0
0x6c0752c09e7f6fa6526fcdf40e456a159ebb5621,10,10,2,0.8
0x6cb53f00a586f7704e1f7121c2e397b579eb3ed0,10,9,2,1.0
0x6d6c398390cfb88f1cd42715b84906a0bd6652aa,10,6,2,0.4
0x6e007731870ede419cfb31889cd5c4493cecb04c,10,9,2,1.0
0x6e9c2ebca537f861fe9242f8f974d99b3df762b2,10,8,2,1.0
0x71033ab6ed376a0b53d1826ea632ddfec96b3661,10,5,2,0.9
0x74500ee8519da3b6bf43642bc06be5874a9ecc99,10,5,2,1.0
0x74d68013530407300dc0e9f99f99eefec202a6c7,10,6,2,1.0
0x76a672eee56d29d475b0715cc03b8c99d70ec8a2,10,10,2,1.0
0x771e9b2cc7013b903d76a7b98bbb16e6ab9199f2,10,8,2,1.0
0x79e999e2f9d5417f2803f1d88602ab1ea4323881,10,10,2,1.0
0x7b53524d5c5d29efb8c1d128c56f62fe38cd9476,10,9,2,1.0
0x7beca68dd9ac733d4de6b16d16b85dc391c071e2,10,9,2,1.0
0x7c655d3d3944bd27994dd81a036c3afb19806c40,10,9,2,1.0
0x7cf45cd775bdf31a5a96fa0a5805df0b610d87ff,10,6,2,1.0
0x7d9a65d06dcc435a52d5880c6310bd6e96c156db,10,10,2,1.0
0x7d9c21acb6be3f6ea4723c148a32dc327a3ecb5b,10,10,2,1.0
0x7dd5be069f2d2ead75ec7c3423b116ff043c2629,10,10,2,0.5
0x7eebd75b116a553e02cbaca28cfbd47bc411e6b1,10,5,2,1.0
0x7f4ce6c23f851f13b386efdb22fe0d09821b9d53,10,10,2,0.2
0x7f520c845d5dc5e51a27699a1f098dc13aa789b7,10,10,2,1.0
0x81832eede3a4ad96cb3d7ca09977636d912fd3d5,10,8,2,1.0
0x820d61a720963fab63ab6e0aef4d1779eb42f6bb,10,10,2,0.9
0x837c40e2b4e976f43ffb4451ee281a00fa9477dd,10,10,2,1.0
0x849610c11c1e9b309235932faab6368cee7f7c57,10,8,2,1.0
0x84fa7ea8303d4f503267e2e998a3f7d980e814a5,10,9,2,1.0
0x850363a27f0ac6feb9c7a3ec4c1d295262df9432,10,9,2,1.0
0x86256e25d4e5511eb6dcc474a4e779970267e903,10,5,2,1.0
0x8647f7d7a1368a467ad1ff757fbc2e7167973558,10,10,2,1.0
0x879933456986877f5d87e6ee24d1e0ebd264f527,10,8,2,1.0
0x87fc8c5b2c5000d50d6808f3526eeec57e240211,10,6,2,0.5
0x8a598a28a435fe44d31854251b1c88d0781ea822,10,9,2,1.0
0x8aa6a85a2723e2816204f3cf48d76b84bafdaab4,10,7,2,0.6
0x8aab9a6d28e9aba2a15a613c90f24f352f0cce15,10,6,2,1.0
0x8afbd522f8a16bea184b41c593b8925a66830bc6,10,10,2,1.0
0x8c128f1ee62bb5e47867cfbae2ad89be325df1b2,10,10,2,0.6
0x8d0663bbb967ebf1c047405a888ddf865f3e8854,10,10,2,1.0
0x8e37022edcf0f21cf3c9f93fee9d4d32519f36f4,10,8,2,1.0
0x8e3c3e9c91cc0161b5e1cf138180ef3641d2371e,10,8,2,1.0
0x90b0dc893406d6ea63bb077ed59f5e8340f98d84,10,9,2,1.0
0x93053f1e7a5efeda532fe69cbbe43cbec3a0f13f,10,9,2,1.0
0x93a1f57d2e0dbe4cc882b5dbaebe7f0f16443338,10,9,2,1.0
0x95063cede9c4b02452242543669238e5460087ed,10,6,2,1.0
0x962794fb8ad92941faf1ab446b9e30637b86f331,10,9,2,1.0
0x970007590acc5c938cd51345b17af51b1b40d3ab,10,9,2,1.0
0x973a31858f4d2125f48c880542da11a2796f12d6,10,10,2,1.0
0x9811c0900fcb719bbc363a3846d2d6db2771dea8,10,8,2,0.8
0x9863ab6242663fcc84c33632741711db78f8fd15,10,6,2,1.0
0x9876af0f6d8ed5155cd02d1ca56d128601612690,10,7,2,1.0
0x995c0abdcd2ad76548e5f7deb54d32549b2b781f,10,5,2,1.0
0x9a4fb84633c690e422c33491d1fcc319849e6bb0,10,7,2,1.0
0x9acfdc5a3d6bfbb127615751e0f0e44014e32abf,10,9,2,1.0
0x9baa4417d1e78f2ed5b09aa4abfb541aeb2cd6ed,10,6,2,1.0
0x9cc774a8ed49d89cba1a288f4a050b8f7fba77ee,10,5,2,1.0
0x9d0bb5da24cade855dee8d1231a1c416e0bb2ffe,10,8,2,1.0
0x9d667bc76f166322df087b3b3927d4d83d44a5d0,10,9,2,1.0
0x9d6b6fdb04040a55d58b24ff4c90c08cf6083c8f,10,5,2,1.0
0x9d86e0e74333b297b1d0b6ba30d2ed1b5f01f296,10,10,2,1.0
0x9dba414637c611a16bea6f0796bfcbcbdc410df8,10,7,2,1.0
0x9ea52806db0b25a8130d2b210d5336ec1dcfba0e,10,5,2,1.0
0x9edc06e69fbf71b191510ca9446fe09caa95668d,10,5,2,1.0
0x9f8bd9875b3e0b632a24a3a7c73f7787175e73a2,10,10,2,1.0
0x9fb365e4e9385e2a39febad70368267e6f571d9a,10,9,2,1.0
0xa0bfa4f07281c9b248dc3aed2217836bca24869b,10,10,2,1.0
0xa136b6919a7b3c45c2c793b069ce6e3441aec32a,10,5,2,1.0
0xa13d363aecccf878ec64f6eb687eb4a771fb0599,10,8,2,1.0
0xa2ad8183209e5d2f7f0d8f995f5601a0bb5100c7,10,9,2,1.0
0xa3091005a76b1480f1897a9d0c2e1c55b7767674,10,10,2,1.0
0xa369ac3412360206db63507b190e691c0c5b9f3e,10,5,2,1.0
0xa43774fd2e867fc45b782456d78f135a215d5561,10,8,2,1.0
0xa499f6f6ab97ba87db2e1fd7a1e3534125b60018,10,10,2,1.0
0xa7e1fe3744e3b6d55237d95ce575cafe3b8abecd,10,8,2,1.0
0xa7f3ad0e69f61864092fabba6cee00af6e584689,10,10,2,1.0
0xa8774facfd3da2ea11f240c977b9973d78adfcfe,10,7,2,1.0
0xa9a38639ed4aebc04092e21f3399c56545450713,10,10,2,1.0
0xab62452b4b019bc4402bffcca6c706d16d72a7bf,10,10,2,1.0
0xab6731a0bcdf511c2842c768a03448075ab654ca,10,10,2,1.0
0xabf4fabd7c416fb67202e5f9002389fc75e2a9d0,10,10,2,1.0
0xad62f03c7514bb8c51f1ea70c2b75c37404695c8,10,10,2,1.0
0xae2634e709c454f2720c65a0b2f9ba168e431842,10,10,2,1.0
0xaeeb8eabdc05532a26123045f99d208eb1cc00ab,10,9,2,1.0
0xb0ae6a9bd7a573ddda58db6c28622417e8ca2099,10,9,2,0.3
0xb1ef5415e9d3695e16977b8be422ab7512f788c0,10,10,2,1.0
0xb3c2776ce3f99cb3366520c27b4ac5d436942ab6,10,7,2,0.9
0xb3e9391f04f791462ed2a1ebafabe254d7afe3a5,10,8,2,1.0
0xb3f32bdfe8d07825bc0d7387295ab1d7559ba69d,10,10,2,1.0
0xb3f4de103f34b99f0da19b4f16d6b53a14c2194a,10,10,2,1.0
0xb48699946ce35fdab44b5cd99ad41eb8d977ba8b,10,6,2,1.0
0xb4f9061e3a6a5533431336506b34e1035029599f,10,5,2,1.0
0xb5194a98dbdbb7028b585db26b972e7f0f3f826a,10,7,2,1.0
0xb799d3be2f79021bd698f770bd809c296ee754a2,10,7,2,0.5
0xb810b599bc730aa85800babe7f5d160524322c86,10,10,2,1.0
0xb86f95ef5fa904318ea9df3b59adce099b478fc4,10,6,2,1.0
0xbc64b379295310b4e020f9186de44be0ca4fe3b0,10,8,2,1.0
0xbd17480bf6ff056f7b91d9adc9dfda001eb7283d,10,7,2,1.0
0xbd61dfb01f81c91f02b0ccd51b0220e0c8918639,10,6,2,1.0
0xbd62f8dcb52e21ca5bdf20ba173488da101ebcf0,10,10,2,0.8
0xbd65c2d2ac9d3df9ce77e5e2579b5b38efee36f0,10,5,2,1.0
0xbef3e7cfd486c14dd8c3aa5911134bf361b973c5,10,8,2,0.5
0xc0ccf68a8e61a4d25eecfcacd486e673e900de0a,10,7,2,1.0
0xc13789e82661635d9cea38a53a0390cf9939ef4f,10,6,2,1.0
0xc210ea7d5692a6401adf25bbcb7acde9cdb7e9ff,10,10,2,1.0
0xc29185fa176357612f3194735753e520e91adc46,10,9,2,1.0
0xc2afb91833f4de19542a025872c6085cc29185eb,10,6,2,1.0
0xc3426919d3c3e822fde601187ada28ef41c5f85d,10,6,2,1.0
0xc3d01fd2f79d4c57ad106ab8ecc12a5de24f97cb,10,8,2,1.0
0xc55a2d530b53cbad1001e4afd4720b7e71f9c291,10,8,2,1.0
0xc648116b5debe4af7d78838aa468d07e0a9ab697,10,9,2,1.0
0xc751344ee09b5159160173f77d4a1169bcd386a1,10,10,2,1.0
0xc87a06dee4c0e85912296002617120bbfd5ef990,10,7,2,1.0
0xc91ce6291edc0713ec753bafba002506ffb2b95c,10,6,2,1.0
0xc9b70d8d342609437bc87ec3c877911a306d3e6a,10,9,2,1.0
0xca1271e777c209e171826a681855351f4989cd0c,10,5,2,1.0
0xca37de138574432b96f92b0cd9826dadfd1cf443,10,8,2,1.0
0xca87adbcffdf6539a387783fef17a91dbabeef52,10,5,2,1.0
0xcb8025d951e5e45be7d288b658eeee6f05713006,10,10,2,1.0
0xcb9b3f94387389e38ef2a7b3c0b851fb8325d7e9,10,7,2,1.0
0xcc42ed39a06b6cf3f484307ef76b88bf56fb305f,10,10,2,1.0
0xcd673f7e1dad254347aeab6be0defe8b9c6b3a39,10,10,1,1.0
0xcd6b6d99b7751ff30b68fa1365488eb73fa7cefa,10,5,2,1.0
0xce339395d7f2ea5a5009022ef1c392fb208a989e,10,8,2,1.0
0xcf9223ece895258dea8d288aebcf846ab8e342fb,10,8,2,1.0
0xcfa26f13c6c18307033ece13bbb8f470da5b4dbe,10,9,2,1.0
0xd334ab5151c624cada654854e2879903dc4217ed,10,8,2,1.0
0xd433f056270912659f073d5ffe7ae247e39235a5,10,7,2,1.0
0xd441d9f4c59cb26253e2f0a7a62ac9ce7823b4b4,10,8,2,1.0
0xd494a454888a390b2b05df74ae2b5fd9c9902b71,10,7,2,0.3
0xd593832ce9c2b13b192ba50b55dd9af44e96700d,10,10,2,1.0
0xd5ba9711a3d052846a3695c70e7fcb8b3168fe7d,10,10,2,1.0
0xd5f8481d8f25d3966d2010dbf9b47ffbdf745a9e,10,6,2,1.0
0xd5f96558fcb1f127c77c7d95eea067f526d08618,10,7,2,0.0
0xd617a7145ca56e3ed58d639f9dec6999b22441ee,10,8,2,1.0
0xd6b585dd2f48263d08fb75ea28c1598d845d23a8,10,10,2,1.0
0xd9f3261c9fea20a99d0708815010280c549e8ebf,10,5,2,1.0
0xdadc335482ad545296fd7b28518a251ffcbeb9df,10,9,2,1.0
0xdc59fa7b64988b846e76ec9849bb68f889071506,10,7,2,1.0
0xdcbc59a62c3a9c5cec58ac806ebc579fa13d67f7,10,6,2,1.0
0xdceca23ff8a7145e1b5b35427c9886cf21a67566,10,9,2,1.0
0xdd257723b86b4947483905cdacbbbc70facf2ec0,10,9,2,1.0
0xdd350976b8cffc65938c0464d39a2c78be079bd0,10,10,2,1.0
0xdd5fcea81ca6f1eb39fed5b973de794293b81ba6,10,9,2,1.0
0xe2520f1497ee47645072a6214304807bc3340d58,10,7,2,1.0
0xe3244a21d0d68bfa78b7cad8c3b8777adfbb3188,10,10,2,1.0
0xe3738580ede5384bb8b8d1c8786b391c59d2668d,10,6,2,0.7
0xe4181c7de066959bcca010525304ba68a84768e0,10,9,2,1.0
0xe55359021a6a22d8385b827405991c56075f56f8,10,9,2,1.0
0xe73d86f185be79a33b0318d881b71f2a24371114,10,7,2,1.0
0xe740d5701749d262da5e4fcb9f814c5b6d91cf46,10,8,2,1.0
0xe79aa9d55170f7e1ac420266ec93a6c28c436de8,10,5,2,1.0
0xe82ebef57fa5af958b8ecb6843d4327d314f59e3,10,8,2,0.6
0xe8e26183736d796d401df30810207465fa708959,10,7,2,0.8
0xe9030014f5dae217d0a152f02a043567b16c1abf,10,8,2,0.8
0xe9740820225b3918b4ddd1292c7ca4ca0e2c2f08,10,8,2,1.0
0xeb12bb2f52eed33dba6a00774e48324032fd87c6,10,7,2,1.0
0xee72b902af7466023595512e3359bb5bf312977c,10,8,2,1.0
0xef879bfd6c4accb8f795136de90246e1ec245e06,10,10,2,1.0
0xefcd28bb1bf3a80c26c7195af15c47ff3b815669,10,10,2,1.0
0xf080a1aab08650946acda41410a7edc14f7be035,10,8,2,1.0
0xf121fbecec43e1b616d47285851c20d5fc64431b,10,9,2,0.7
0xf16f0882de08315b438e9f3a2abfb2d2e5d94eca,10,5,2,1.0
0xf22e558a00d91ee12a1f50c52186fecb8ddff493,10,10,2,1.0
0xf444abc53f5e1e73caec7df64d147ddb119514a0,10,6,2,1.0
0xf4a904d8326786d90157cf791c281302f11b2036,10,7,2,1.0
0xf732ea490c5766071785a2310523f7fa2cebb829,10,10,2,1.0
0xf8b2dd46542175ad46e14e6133340e652665f2ee,10,9,2,1.0
0xf99b281010c5e6cbcf486d7ef108b315be7ce0e9,10,7,2,1.0
0xf9c2a7255e7c51d7bf38331dcfc23ba881cf61ba,10,9,2,1.0
0xfdb4b511f6ae1f270776e500b3360217d5e7ed03,10,10,2,1.0
0xffa9155a0e4b3d8d42351da226cc1feee449686f,10,7,2,1.0
0xffc458db291b4abce020fe3de4f91f2770e537b1,10,10,2,1.0
0x33693228b706cb30f4b4dbf35f79129a763f91c5,9,5,2,1.0
0x33b37c6d7a98b58da3ccb3f36a4b578053d0ea74,9,9,2,1.0
0x88096b3da9f45b8f923458e6cef69fc0a5be3cae,9,9,2,1.0
0x995ffef6c39234f0bbc95cf0e84fe1b6e6e2d8e0,9,9,1,1.0
0xe5690d37805107c56f6195e65a262b234e0e5e75,9,5,2,0.7778
0x0d083590c048a243e24a75e3a7c968145de25b44,8,4,2,1.0
0x108bcd8a07c3fdfca3aa500784a8573123a1029f,8,4,2,1.0
0x2a47e248ee3b5f3e680b5f6b5832e5ef1206b7e3,8,4,2,1.0
0x32e293a7fa946331b3ecd013cf0461bf32c99a9d,8,4,2,1.0
0x3a4f2ea5e1a32a1af8716edf089b74a28a68ebda,8,4,2,1.0
0x403b72e2edbc9db738e09d3064a6a54f8a027055,8,4,2,1.0
0x40b62aa49f4a929760fb2dd0fcb0642f0aa872eb,8,4,2,1.0
0x46830a57ca3806ec71b981e063dc39ca2a3c6fb0,8,4,2,1.0
0x48096526488f2d51df6bca1b1f3a3639986cc3dd,8,4,2,1.0
0x506c3995cb7b9bb6ea4d2f95e1e43461b74c9aff,8,4,2,1.0
0x581ab190df2b2932175d987e787acd28a85eaa1c,8,4,2,1.0
0x58bdad5e654691ac5ed4631758f3d8da00666b6c,8,4,2,1.0
0x65e02cb7fee27630bb7d1a3add02ef7aa2d21701,8,4,2,1.0
0x6d9f318463168ff637b50e5b9a21392e97c7c167,8,4,2,1.0
0x71deac098914a009e3720524642a6be6f65ee528,8,8,2,1.0
0x77065d81e18ad403bcd6e9a0616b288e16744121,8,4,2,1.0
0x77761c2ae9545dfcd117afd9029ff141215c2e34,8,4,2,1.0
0x788b4ca11950879550353d8ae82d1c0af6018454,8,4,2,1.0
0x7f33b3c113915a0f2981070553ba9538c0f90171,8,4,2,1.0
0x82b17d0bb4de9ae6c3491257b60e8245e70acd7b,8,4,2,1.0
0x85df5380debe236ad6bf49de788243924b080267,8,4,2,1.0
0x9173fc7aca730ae34838f08dfe85d4a608f38c38,8,4,2,1.0
0x9504a5939ab5be2b2b1f8bea7d7ebeccd96c485d,8,4,2,1.0
0x9aaceabad8e1858b72fcea1665381b168841b2fa,8,4,2,1.0
0x9e3df8006b1917ecced9591beccb893d0de9ebd9,8,4,2,1.0
0xa733875f2f7e8a2817040b5c60b63ae07d58a1d6,8,4,2,1.0
0xb6a6ba7f58fe92e77bce040cc0818c63ab9ac768,8,4,2,1.0
0xbad1aa224bfe4feb460e12b2553dcdf98a7098d0,8,4,2,1.0
0xbbfce2d320de6ab328ba93a771c531ebfc9ce704,8,4,2,1.0
0xccd231829e24b42195b500028f8779b8f8b1131a,8,4,2,1.0
0xd29d93f0a5e161f1f286f5cd5afeb718837c15e1,8,4,2,1.0
0xd993eafba87cffa2ca2cff5a56ef89034575a7ef,8,4,2,1.0
0xe295b6641b32998537ae0f8e61babf729eaed6e5,8,4,2,1.0
0xf0f285a471c69907d8d536348daf0df3fbf1a1d4,8,4,2,0.25
0xf61f957d9ac432309219549b1ae79ae8b7c71ff5,8,4,2,1.0
0xf752eeb75d3bea24aa867ad93bfd8ef5a2f431b9,8,4,2,1.0
0xf7fdeffc3abc97379418b0a687fdb54e1cbce163,8,4,2,1.0
0xfa6f352e71c44d217df04ecad902c82b72d2378c,8,8,2,1.0
0x079a5ac8cbab926ecd2b2fccc13b693fb88e12bb,7,7,2,1.0
0x081d7f97ca4478dac465569e1fe3f5846ad598dd,7,7,2,1.0
0x1d1b81247c407521e2a01f3e21514870dcf1620f,7,4,2,1.0
0xbf22b6ddb5a08c823856a779f1004eea60c5ab92,7,4,2,0.5714
0xef7674f50f84e9b9a89af9dc40ffea56edf67d6c,7,7,2,1.0
0xf74f2020ac3d73f2bf5ee0f8bf635475ea881319,7,7,2,1.0
0x10ff767043a1723e0bb5b9207bc37d3442cc9e4f,6,3,2,1.0
0x158e90dd58fbe897ed8c244f472febee37283d00,6,3,2,0.6667
0x175562431dfcb38ab3a1762b7fc1fbc08a93bbbb,6,3,2,1.0
0x1c8b3c34dca2ba2a71598f1f9e0bc2a04a0bea36,6,3,2,1.0
0x21353452e547b306a6007d834c433a118638d3b3,6,3,2,1.0
0x21f4a2da07bcce60878cab223358d11ad8f11a94,6,6,2,1.0
0x32d711c66dd1ad0c42d0cfe48e58ee5f2de7c243,6,3,2,1.0
0x39e10e5f431b26cae3d7d0a39aef86055d015d8c,6,3,2,1.0
0x3c5f3a6ce224bb89d72f5eb4232ecc27f67b3eea,6,3,2,1.0
0x515e7bce44baa5f6e42d16d4b5f27768e7f2f8cc,6,3,2,1.0
0x5d17c40fd6b119dc6006c4ab3c20a917fcab2acd,6,3,2,0.8333
0x5f5a631e975183d084f60d7121e967b30ec83cb8,6,3,2,1.0
0x6121654d3fd4c8b42a90d30472e4d40927c3e6bb,6,6,2,1.0
0x6d6e695b09861467c7d462f5aaf31cf3540b9192,6,3,2,1.0
0x7194ec1f397bb6c02c82a2d8eb57d32443fc5164,6,3,2,1.0
0x71bc7ffb81825fa5b61bfb2b9527bfaf661ff42b,6,3,2,1.0
0x734dd50abb63ea5af3d92b8016825475694bd883,6,3,2,1.0
0x737426d3ed53930b889b3f61774669a0fdf3be54,6,3,2,1.0
0x766b4cc27333955bbb163a61e2b85afa6e491422,6,6,2,1.0
0x76a51b5dd3729950b3b60c17f19252d221968fce,6,3,2,1.0
0x83f15f5bea445109e255ab82622fbdfecd1e4c9f,6,3,2,1.0
0x8e57bfde053dbb6862991759c19affc5f383d5d0,6,3,2,1.0
0x8f43274b121663b18a0246e9908bac8eac866c12,6,6,2,1.0
0x9720950d3e4d9e8c9e23e84e04e683b00204874c,6,3,2,1.0
0x9cd3f0d8a73a9a87f752f09d220652dc7de398cc,6,3,2,1.0
0x9d305938253c491f7259d437eff064418b3fdfa0,6,4,2,1.0
0xa0a2494006b72109137630bc026434a809731c07,6,6,2,1.0
0xa18e34607479b706123ca5e1831f24d2ecece4c6,6,3,2,1.0
0xad277cf8b5d9fa5008d06cbdbe349f5df3c0cc8f,6,3,2,0.3333
0xae393a9cd728f7397f50f6f8c88096a0f3d2b42c,6,3,2,1.0
0xbeebd30639e99bbce11faa2b463fcccf6215831b,6,6,2,1.0
0xcc69d619e6053f88a4845066518f465bd06fc96c,6,3,2,1.0
0xd07c06a650a88bbcf4f0c4fbf2c6c08c9a60acc6,6,3,2,1.0
0xdc9f94a8b93f070b58cfa580cbe740d763005fe6,6,6,2,1.0
0xe22f691ed420143bfdab022a14e7d6873b33eef9,6,3,2,1.0
0xe341add833f9d62082e97ea260baa6546cd09f73,6,3,2,1.0
0xe4b6e29305b5eef77aa296dc87d8683e9750ed8f,6,6,2,1.0
0xe72b85a97a6e19413d8b80633787eda6d6237a77,6,3,2,1.0
0xe813d34c0525e0fbb1e6478b86d40b83603c2008,6,3,2,1.0
0xe8b25a72dd6aef69515452a61ad231c7df2843b7,6,3,2,1.0
0xe8dc41f9e675ba8340140c99180cfaee65d4d160,6,3,2,1.0
0xeb0f642c1b71ec3b3594303de1d09ea2532b0f5e,6,3,2,1.0
0xf3d62244749ea344aa5408e7bc50b5287f2b32cc,6,3,2,1.0
0xf4a6cea7ce19ce36d6420905e5a1eafb30bfd133,6,3,2,1.0
0xf4b1093a9498523e18c484989df5157012abb85f,6,6,2,1.0
0xf567cfe0fdb87a1d6ca330e3f30f0d3da0f7cb98,6,3,2,1.0
0xffff4b8da8c165b556326453446f6940c8afe0db,6,3,2,1.0
0x072f3a2bd93bb75b1eb84a9e45d17a4f90a6d801,5,3,2,1.0
0x0fad15c9f4c38f439fd56c4d4e4bc8fc71c42767,5,5,2,1.0
0x153aa87807d8f6deb65bd53b137cee7ad2daccdb,5,5,2,1.0
0x75ddd3c42eace13c59ea0cd1141b886a1c70d2a5,5,3,2,1.0
0x834b189a1c087d0af169a905454979952f59e8ac,5,5,2,1.0
0x00acee6cd97a308ace9a3fe7da90664bfa9b6d21,4,2,2,1.0
0x01b34d04b658990fd1f22cc4dddeaba10349b1c4,4,2,2,1.0
0x04cce6f938fb8e48afc10dab0ff2f09cce392a7b,4,2,2,1.0
0x06dff3c8380b5d1799874ada903fc3422882fd6f,4,2,2,1.0
0x07f067959297767c887dbfa3c72379c66e82a045,4,2,2,1.0
0x0d4ee4e945601865e3a5bc5a188e4a9cf23c00d5,4,2,2,1.0
0x12d2425fd88c693edb4de004e0c747879b7d6933,4,2,2,1.0
0x1520ef5530aa71350049be2903cf078b38c40ae5,4,4,2,1.0
0x154b1006435e5cfe2206e7777c1003f9438119b1,4,2,2,1.0
0x1563cde0042d17f53b23d91fd9b73ace9da26a09,4,2,2,1.0
0x1e84f1f4e83ddfc91f8d5298b0cf49da34d041a6,4,2,2,0.5
0x1f0130669ca6fd02e025a984cc038f139df19a2f,4,4,2,1.0
0x21e16f1bc3aa847236354c8193d0cb21cf412efa,4,2,2,1.0
0x239de97929b20f27aa503b236d33420670bf5ad1,4,2,2,1.0
0x23f713411c30bbd9a989c9cbc22eb0b55f7f7334,4,2,2,1.0
0x26026370fe8b2bb17af9092a17691c76519366da,4,4,2,1.0
0x34d3ed2c5fc6d6a0f25d1aad77193a8aa88a52b5,4,2,2,1.0
0x3e6ce487f82bef79d699932d31ed87a5ce7c1852,4,2,2,1.0
0x3f4cee4c6bad04fcca3138dffdee579ddf17049b,4,2,2,1.0
0x402faccc3faeb72351cc2b68c7966faf5f22b0d4,4,2,2,1.0
0x435afac555fe115f18e657e49960063c12c6aed0,4,2,2,1.0
0x455f20ec147477cafcd6d77c1604529f3c4ff665,4,2,2,1.0
0x4d7d842536de9eb491ae2300126b3cdde7b0ade3,4,2,2,1.0
0x4e024e356bd01853654b7b5196f2b85f67cc39ec,4,2,2,1.0
0x4eba5ea3cf0f3fc307099317e17e54390f7a4c58,4,4,2,1.0
0x552cc4a10878c7f20574489d47184249657ca3f6,4,2,2,1.0
0x5533c0e8ef9f833b0bac10d74e582da9767309b7,4,2,2,1.0
0x56cfdcc1ab02e027a11ebced1b884351ea6467ca,4,2,2,0.5
0x5a78ace5dd133316c8aaf7e156fbfc57e1209cf9,4,2,2,1.0
0x5d4ecba4458c49b6f92fd5384686f0caf0c3080b,4,2,2,1.0
0x62a0d3d9df0de8804983009949c714eaeafd87f1,4,2,2,1.0
0x6746dff7bdb1ed4940dbe50024795ad97cba09af,4,4,2,1.0
0x6b1ac7935dad576b921af0e6edc27319bc27aadd,4,2,2,1.0
0x6b2683f66d35b91ed05a1646c0305b02260b6acb,4,4,2,1.0
0x6ee49a7872844397fb52870cc07b308ffadc9427,4,2,2,1.0
0x7284d41b5b852f2bd4c99bdf95043d84452d299c,4,2,2,1.0
0x733f40a4fa0cd13d59abade04b9ed2e9acac6457,4,4,2,0.0
0x7d7ce550251fd81457bfe9afb40c800c2cd50a73,4,4,2,1.0
0x7eaf3c393a8996e124c0fa7ccbc55019854c4c5b,4,4,2,1.0
0x7f74ce6d34ee0180f0217a16ce05f3b91272570f,4,2,2,1.0
0x814efe784709f5bf8df47735d87602b01030e5d2,4,2,2,1.0
0x835323c73dd9cf4d0d23054d1ee7c11cfea34d4a,4,2,2,1.0
0x841ef35b7b7ee4c820bff040369a8ade4741b45d,4,2,2,1.0
0x859af250df0b68bfd0768ca22142a1afa0abeaf4,4,2,2,1.0
0x95de884e9eb3f90e496200693d94a636942a130d,4,2,2,1.0
0x9ff25c4acf1dcddf15fd2702c127a285f1dfa712,4,4,1,1.0
0xa0f3c29f25778ddf46fce2cab5f7e7c25e6a1451,4,2,2,1.0
0xa55b06462a2e48661badf22f5841f95ae654b716,4,2,2,1.0
0xaab91727a29827783bc42135fc56bff5bfb8911d,4,2,2,1.0
0xadc3a47efbd82ed724a0e9a3d08d5a1a8e6586fd,4,4,2,1.0
0xade02dff58b0316f04cd59806e3fdb4690fe89ab,4,2,2,1.0
0xb1df90631e2e27c2ea755f91c050732850739e1c,4,2,2,1.0
0xb32e6b14b706bc64ec7a67285973c4556e97a8e6,4,2,2,0.5
0xb58d12a9db82707b5b097cc127ad0bd2a800b766,4,2,2,1.0
0xb92bb76e3c5575160a2a561913047727d33af9a6,4,4,2,1.0
0xbe578a4543904b4af3f27e3b0db73bc1b1e58f77,4,2,2,1.0
0xc327d0aeb5f65b514b193b5e5a95cc6f4060815f,4,2,2,1.0
0xca03fb4b1d2f66f5a83a5ca91021b874ac4a34a3,4,4,2,1.0
0xcc985ba6934d134feec4824ba40258608f3a4333,4,2,2,1.0
0xd004278bc57fe4b9f743abf17d713ed4169a88e9,4,2,2,1.0
0xd0cb67af1adbf8982ed1cd085cd4b845704609ce,4,4,2,1.0
0xdd666cdcf2bccff8d1c8161ed24ff26c0ed429b9,4,2,2,1.0
0xfcc0d3d72d8689871979c3caa036ffabc5674bd0,4,2,2,1.0
0xfe31fd52a89461b8d54895cfcf86187aa3c95f21,4,2,2,1.0
0x0bfd52ea41841d0f1121399167bfe36781d40ebb,3,3,2,1.0
0x12fe99c184192a0d4a3c507602ad4b03aa3a6fbb,3,3,2,1.0
0x1f2a484ef654d49c58c625b09e78b538501d652d,3,3,1,1.0
0x25e8245f07d5e4873987293dad666afbe56a9608,3,3,1,0.3333
0x2a65491e93ad0d484b74405401a38e2e0e5edd7e,3,3,1,1.0
0x2c34eb776aa5ec50987a32774eb242a5bc20b357,3,3,1,1.0
0x350a947254e59291fab58430e03a86589e0d8ba8,3,3,2,1.0
0x3a137ae81cfd1ea48414c85db362591fd238d3cc,3,3,2,1.0
0x3a6e1866f38385025fa9024304882cf59e3330ab,3,3,2,1.0
0x3e7c9ca818f713f19e126e3b7b37b47dc1411570,3,3,1,1.0
0x485ffc037f02dddc154a454a9ca89c4b1b29e25b,3,3,2,1.0
0x487b28a4fbba8cf46eb6e1d72e6959202bb75e90,3,3,2,1.0
0x5037546753d64f77a6fa95b6f85659b6a4a7f6fd,3,3,2,1.0
0x617da9383fba67e86137bc4924b8b7e400fb7c9e,3,3,1,1.0
0x6bab1d63b3b51a88c7f87402db2803b05f0ae9e9,3,3,2,1.0
0x74ae7540109f9640c426b34dfd06e60d4918cd0a,3,3,2,1.0
0x7e4d786057930b66cb45e2017a587425ebade587,3,3,1,0.0
0x8b9b012432a6b17dd08934fa357d61aab3fce93d,3,3,2,1.0
0x9273429d71565154fa0fdf4bf0f404eb02c91518,3,3,2,1.0
0xbaf55b24ca99bd7393b6e627093b13c6628b53cc,3,3,1,0.0
0xbba594f5549392df7a8182049291b605948f5f86,3,3,2,1.0
0xbecc987508adf6696a3254bed485cc2d9493c8ad,3,3,1,1.0
0xd6fce15298fc9d60f867d9455d497177da9bfb0a,3,3,2,1.0
0xdb7b2b54f80479826222749a2ea73a8acc306e1e,3,3,2,0.0
0xe90316121189715cdc2515b7c2673658b810b751,3,3,2,1.0
0xf786a555be87c6d3b316c976b643c70326565f3f,3,3,2,0.0
0x055ab9be224bc906db503557d71aa2ef6f502507,2,2,1,1.0
0x05a877ef93e7818828d199e2df0028bca3c75bf0,2,2,2,0.0
0x105bc7a04eec0c162342874110084dfe01996435,2,1,2,1.0
0x1350a77befebbcc05f8e3a13cc6d4ad781c59d34,2,1,2,1.0
0x14849afa040edeee524a40c52b877fe1b6e6c2c5,2,2,2,1.0
0x159be9e316bc5fac8ce05aec4eaae46e8f8a4908,2,1,2,1.0
0x16706c173e945a1949695a2517b32f635e50fd4d,2,2,2,0.5
0x16be07aec4d16e8ec9039d16e7049ee47834acd7,2,1,2,1.0
0x19a78b27a28ed93c3c914878bde7f2f843afaea8,2,2,2,0.5
0x1b258d4962e2a0103e932c155a3b9efcac40964a,2,2,2,1.0
0x1c9923489cd7d75dd2f6735c48090b8bd4c7e5a9,2,1,2,1.0
0x1d813e4e4c7b0ae7900a6d2b6bca560941102859,2,2,2,1.0
0x1deeaec4250e66702e22777ec1e3a70b19745a72,2,1,2,1.0
0x1e21dba6eeb902343e4128a1957eafb8cdf36f39,2,1,2,1.0
0x1e453e07d5d5fb7289b2f8d085c626f5bebc2ae1,2,2,1,1.0
0x1e937abc519f7b9f959986bfe259d29f745f6ecf,2,2,2,0.5
0x1ee42717b1c370dace197a8850bf41a932f3b5a8,2,2,1,1.0
0x1fa89e3b7b3ca98afdd801f35e721251149cea3b,2,1,2,1.0
0x20beffad24499e9b3d45dd0971b1d6afb0ae925d,2,2,1,1.0
0x213c8d7434e2ae7aa1c392767c5120778d413215,2,1,2,0.0
0x21ba2c2f9cb292cf72360776389099dd0e9a3ae0,2,1,2,1.0
0x237371f8b372a02b58fb430eb564b7c5cb936f75,2,1,2,1.0
0x255cdb4e42afefc7120b0388eb78f96d996d387b,2,1,2,1.0
0x2af91df69bd04ccf82d6477adc046c815b7ae129,2,1,2,1.0
0x2bcfa4f7e1fa5e96934846a7dea623398ed7f752,2,2,1,1.0
0x2be121e010deb3c6c3a9442021e9217356f43580,2,2,2,1.0
0x2cf1aad0f7352b9f5f3c1b79f78810a834ada470,2,2,2,1.0
0x2d50131399ddb89de63eee353eeda2c7ab97dfba,2,2,2,1.0
0x2f6ba59f09fd4693c6df12aec5acf14a4ba43f1d,2,2,1,1.0
0x2fe63598ad75281fa36d271f4c155a074296a943,2,2,2,1.0
0x3205859b58fcb55ac6c30a01bd09c7ed371323b7,2,1,2,1.0
0x348df429bd49a7506128c74ce1124a81b4b7dc9d,2,1,2,1.0
0x36256c1d592ed0161082b4971988ae880af29a32,2,2,2,1.0
0x374cfb844a5c702d637d72a5387fd9ef6b82108c,2,1,2,1.0
0x38287535a4f47f53360940cfad8bf9ac5bc04a69,2,2,2,1.0
0x3a438b911b8e2995a9c855578f95b2889752498f,2,2,2,1.0
0x3bf4f4914f78c3c2b2f2801f8ea717135b7d3bdf,2,1,2,1.0
0x3dcefd14f76fd76d36bec7c271ff28d1bdb9989d,2,1,2,1.0
0x417da74cdc0d3babf6adc851b6e5c638574c0d58,2,1,2,1.0
0x42a3c399f83bccc3b9eef81e65954a715d54855e,2,1,2,1.0
0x444731dac7c9cde478147f41e621a064fcbe70f2,2,1,2,1.0
0x4453fdec07a4a4dafe3399d942c6827ec1d28cfd,2,1,2,1.0
0x4465825b0ac713aa2fa07ea29023020804a128ee,2,2,1,1.0
0x44b16952484b6dbea40ede12927ee03a5ea6cdd3,2,1,2,1.0
0x479b69dfb8f7cce52da68f8276286840e8211ab9,2,2,1,0.5
0x4a82f147c8a4339409c9097adc1eedfd56e85bfe,2,2,2,1.0
0x4ce88238f669d04351937420c931988e464a975a,2,1,2,1.0
0x4cf33ccb14b43d76b4f672c3fede297d1d763ace,2,2,1,1.0
0x4da1ed782bd61bae9add5a5cabbcf32f767f8d7f,2,2,1,0.0
0x510d1c21788166b0a39f83796bf624e006849690,2,1,2,1.0
0x524bf56b92400bd232bf85348660b652e0dddb2a,2,2,2,1.0
0x53831fab63ba75a958115c3b4eb598a10cfcc7e0,2,2,2,0.0
0x55e6024b4eb9b9325537c7453f53fda5413b8417,2,1,2,1.0
0x56a093255d6e0536109b5f255fc71bb74bfe5838,2,2,2,0.5
0x59f45516ea4a2481ff45cf431d753d24b0ca6213,2,2,2,1.0
0x5c3351bf0843e533054e87e05b20486f25b04254,2,2,2,1.0
0x6013d764502369012df405a21c7dcbb6efd1507b,2,2,1,1.0
0x61b51131e1e44552de2f151ca59dac707d9cf1c6,2,2,1,1.0
0x63db6eaf635a31bbc6714fe37bdc85243864f611,2,2,2,1.0
0x66e19457ffc829e8ed74706f5c1399c6f6466de8,2,1,2,1.0
0x693d72fc5ad1f09b1c62be3707679cbe334c88df,2,2,1,1.0
0x6a4921474848d3fa168ee7fa87222547acc4712f,2,1,2,1.0
0x6a706d6fcf192c15fb592d7502258ed41425dd36,2,1,2,1.0
0x6b9fea865421422997654b35ac4a6c0e06b959f0,2,2,2,1.0
0x6cab485fc28ec70d3845113b704d4824e4d2b24f,2,1,2,1.0
0x6d7a2d65b26a87134c0571fb1baaa248eb0a291b,2,1,2,1.0
0x73ace32013985f715b5e00e5a341259cce17d220,2,2,2,1.0
0x75113dcf8ce34f0338440d40270e420f8c1762b8,2,1,2,1.0
0x754bd2a6799e766b1e2b9f1ae7fbdc0ced96ef13,2,1,2,1.0
0x7586b801b79a85fb9898b2017b786f7800bba691,2,2,1,1.0
0x75abce556c2450d58dad3779c57f5eb0885b9758,2,1,2,1.0
0x7662e00f8ab4c362166e1ff649ff6c2a638c80ad,2,2,2,1.0
0x788aa4a08da3025c5b5a68be80752ca244e73158,2,2,1,1.0
0x7904e8de283960f4176c44690f34af7da47dc75c,2,1,2,1.0
0x790fe337b89900028e16fe63cc087112f7a2ba49,2,2,1,1.0
0x7971a809c18c918cad50cf004c190cbb6e1bf668,2,1,2,1.0
0x7ccb91a3ad4c45097bda4c3c29d2cc89fa93ab36,2,1,2,1.0
0x7ebff188f2eba16518c02864589b1403a5d1296a,2,2,1,1.0
0x7f8043c400799643bcb62b41b84b297a8ecb7b9c,2,1,2,1.0
0x812db9b2691a457b67eb72f6b76a7fb4413d33f7,2,2,2,1.0
0x84a1827f1705c257e80771fdc2b152aea4a57a08,2,2,2,1.0
0x885e7bef433eb78f5976b28a7c10739c98db11e5,2,2,1,1.0
0x88a4cdea106f18e919613a4eaed8efdb2183e9ea,2,1,2,1.0
0x8904df3de6dfee6a7c8cc38619d2f17806213cee,2,2,2,1.0
0x8b1cf12e7efe6aea59cd1124ebbe7709e3ac6085,2,2,2,1.0
0x8b29dabd6fbb5a09dacbc7978eaed66a8540721d,2,1,2,1.0
0x8c69b13769ca7033145cedbf463a7fe1368537d1,2,1,2,1.0
0x8ecbd65228930060363c70854da7d37d57ffc358,2,2,2,1.0
0x8f9c3f91628497e2a72d6740022d46f87a9eb417,2,2,1,1.0
0x908b2cc89a2387f754ba3c80aedb06f3457436aa,2,1,2,1.0
0x9340d1d596fc63693b71a454516367ece2526f39,2,2,2,0.5
0x967f08fc4d3b9651314207f6cd4c7d166b94880c,2,1,2,1.0
0x96da70311d3fdb8500b9ab0855e17f213db0c9aa,2,2,2,1.0
0x98c67dfad5f7d70e2782521cd09bb80f560ea2c3,2,1,2,0.0
0x98e83fbcb5f8fb8414acd0aeeb93160046b65666,2,1,2,1.0
0x9a4a53e4f4345bce286cd47d9c3b3ef3b7992f69,2,2,1,0.0
0x9bbbb98e11e7be968bf4a02701c6e29fffd51d6b,2,1,2,1.0
0x9edb521a5ad936ef5d7054ed94252d4d7978cf90,2,2,2,1.0
0x9f6c07e3f772ec49435579ec34e13141a94b9958,2,1,2,0.0
0xa09ae66ec8664475697ffc0eb45aa3fe52aa6030,2,1,2,1.0
0xa1ebb2a8a8ed5497cf09c861a1e135520a3b3396,2,1,2,1.0
0xa238af2e66d9d7301f2d02932931851ddf900dcd,2,1,2,1.0
0xa2d72abf2c5e939fddca4156b74de482e03ca3ec,2,1,2,1.0
0xa3068cfae6217ae906958250072bdf51b7f910c3,2,1,2,1.0
0xa6e10884a70d00de8b8c5dff0a2a9b1a821ce074,2,1,2,1.0
0xa7325ad60f46a05db8645a267d6c99321431b3eb,2,1,2,1.0
0xa8cc4011eb545ee5d436a599c9a8bd03dd1e1df3,2,2,2,1.0
0xaa4a75114b5bda671844ae10256d2b048df8fdc3,2,1,2,1.0
0xabcb091d90419e1c8ad4818f1b33fc4645501892,2,1,2,1.0
0xabf4fc4feda1e02444247650a23f4acb4e308f66,2,2,1,0.0
0xac0bba6e3241a398b1911528a3e19f87aee12f6e,2,2,2,0.5
0xaed4a496fed1132b94c0a5f9fb5ee7cf63d869c2,2,2,1,1.0
0xb3cc1566b213dc97f6aac5984e849df2f2391772,2,1,2,1.0
0xb4848d1b4b7e31b75b9b30d717f89777dc65d68e,2,2,2,1.0
0xb5f08f2db7baa682f308baa02cf0edb35aca336a,2,1,2,1.0
0xb6a059e341769c08310a8cfaef17015fc5f896c4,2,1,2,1.0
0xb6b9c5a895afba1c119b571981eb84b2e715b367,2,2,2,1.0
0xb708af3bce13517357e498f8ffd277de93db9ef5,2,1,2,1.0
0xb8c578e039aa2c44dd3dec48e6875ba5763cd67f,2,1,2,1.0
0xb9db3966c7f18283624c97e860a84cef7f9ba607,2,2,2,1.0
0xba61c06e3534bf80dfe85c79982dfba5d3f7258a,2,1,2,1.0
0xba667287b8ef89565f8fd7acd4d22ce98e0f39cd,2,1,2,1.0
0xbbba34e9e10130ce852aa9f1d651cd73c36206d4,2,1,2,1.0
0xbc3a8eac0601f717e803935cabedee8edb7713c4,2,2,1,0.0
0xbd356968846829e32983bb4abe2d0dd29f2c2f7b,2,2,2,1.0
0xbd5eb5559f5ac14475ac0c81b6735a4d9106ce28,2,2,1,1.0
0xbd9420a98a7bd6b89765e5715e169481602d9c3d,2,2,1,1.0
0xbf0df63a4a47e5a72a976ece1d78aefeccc773a0,2,1,2,1.0
0xc077a55e71a43ad002fbac7bf91d48e9866e5727,2,2,2,0.5
0xc0ce6bfb16bb6b6e10a9d806e509d8d20996380f,2,1,2,1.0
0xc3b8ddada48c034541f8e7bffc7da93df17d3aed,2,1,2,1.0
0xc58f8eff2b6f46b9f5e75432fcdebd5dd949b09f,2,1,2,1.0
0xc7693f1ba43e6d1f1885292e1194dc1fdc6e7585,2,2,1,0.0
0xca4556c3f1fab4af46a089d6346c86f0cac63a2d,2,1,2,0.0
0xcab797230aa7a9caa2d6da4ac8b2a06416225ca9,2,1,2,1.0
0xcb1aae940c1adfd1560962ddda27d2ae4d951620,2,2,2,1.0
0xcb79b3c5a7dadcd7c30e3be252c0ca44a06c6f78,2,1,2,1.0
0xcd3273893d1c8df15a4d6bc411aa3d25a60fdc60,2,1,2,1.0
0xd0f5d2e48e67a265174593ace2cd540337c1564a,2,2,1,1.0
0xd4e4192495bea3101309c00c3be523fd19313d87,2,1,2,1.0
0xd5f951c86b0a4022c72c38ab5ba66a682a259420,2,2,1,1.0
0xd63e74bcb00757c8fdb1817f1558ed8b97c608b6,2,2,1,1.0
0xd6dd152a8a9c8d4a77006373253d5b5bb4022b61,2,1,2,1.0
0xd70d01c73b0c5f3246f2b55cce5ff1b41842ab5e,2,1,2,1.0
0xd7d49d6a12ee3852f29a52a40908069bf4e48914,2,1,2,1.0
0xda2f35d283c42dd60b965322394bc658a5c1769f,2,2,2,1.0
0xdaa8d9befefdadf1d8753cb26164892e5a6d7089,2,2,2,1.0
0xe025442c0d6dc17ad2b9eb888b3565bdfcd98638,2,2,1,1.0
0xe11d166355825215d33a7b2dc47c05d4dcf6975c,2,2,2,1.0
0xe4a4e5b226be71e7b6ed523bc7a91089c770572f,2,2,2,1.0
0xea47c042cdd021d19b4fcbb2b27fbc8824fd3b16,2,2,1,1.0
0xebd21df2f2a79fc629d0fac34c22d2b612335abb,2,2,1,1.0
0xed617f79201248df99909fbde4269b6eeaee39b6,2,1,2,1.0
0xf058d8a375343daa6967adf3ac6d425f3c9c8dfc,2,1,2,1.0
0xf624f9fe1d3165c5ca32c7fbdbf82f4a5b1d2d0e,2,1,2,1.0
0xf68bc1098469356eb57e70db9fed0bb524707132,2,1,2,1.0
0xf69586f5e0e5b3b105a1937364d8b299877c9735,2,2,1,1.0
0xf8a376ebf123d7252cd7b66bcd77a727a4def22f,2,2,1,0.0
0x010ab46d566cde25cca0ee55eb105e781c7bcf3a,1,1,1,0.0
0x021028695eafdde60e139d87000a8bd6cb65645e,1,1,1,1.0
0x02dc8f414eebbadd9a9f383e87757beab4bb1ab0,1,1,1,1.0
0x0300e73759b357ceee5a248d1801ecb8abf7a1d4,1,1,1,1.0
0x054469c7ed9560706148a37e75017fa9e08b3980,1,1,1,1.0
0x0663f5d71fac9cf99027f85caef1e9cd3e20e031,1,1,1,1.0
0x07066ea0e66cf277cd279ed7fbca220ecb41e5a4,1,1,1,1.0
0x07851f02f4b0e85f18f5ef06a4545b713eaa39fe,1,1,1,1.0
0x081f8761f68e9387d339bddaaa0c8db5d3a72f5e,1,1,1,1.0
0x08a6a2ddecdebdbfcb29d725042a6f3d74849e08,1,1,1,1.0
0x08e3edbf5fe9e8b2312838d6c563fc03b037700a,1,1,1,1.0
0x0928b96e482676440ea91f547a49aadbdc1a7eb9,1,1,1,1.0
0x0bf63f37b0f512839c001548dc66a6a99bfc019b,1,1,1,1.0
0x0c926035c8c3b8c2237b9d4efe30c54a6b709c4e,1,1,1,1.0
0x0cc2cdc0eb992860d6c2a216b1dc0895fd2df82f,1,1,1,1.0
0x0ccd097f92475d3eaf88e3b73e38a4dd4cb08667,1,1,1,1.0
0x0ceb89c3add0eb15ad3ecdb09c8fea3d5c96dcf5,1,1,1,1.0
0x0deb462437ab46f703fcd15f9cf9c9ea6472eacb,1,1,1,1.0
0x124f620b4f3b53559cd9148c9b1b2773ca104478,1,1,1,1.0
0x147991a1c25e78f6d9225d2dba61ed93a6158c7b,1,1,1,1.0
0x15773309e68e7d6b561a86bfca8f1bfbf1807d90,1,1,1,1.0
0x15841575b048291622909439029bb674753ae2db,1,1,1,1.0
0x1664530dc2a1ca350b1dbad1fc1f1a70c90fe4de,1,1,1,1.0
0x16e5a48ec75a3fe91c82ddc38dfb3424db53fadf,1,1,1,1.0
0x16f619c78f5f85d00663a7275cca3d4a01f82b11,1,1,1,1.0
0x1937e2d648b8f07a03429ae35f28c4942a756c94,1,1,1,1.0
0x19a09691d0a9c4fb80cc40694704a15858c6a454,1,1,1,1.0
0x1a4ce63eef34e46ee63f410e667bd27a52954ab7,1,1,1,1.0
0x1a9a7c72208abf3552750eb1c4a4f2ca9e8733e5,1,1,1,1.0
0x1a9fa76f5b420e85de147c4419638bebe64d6de5,1,1,1,1.0
0x1bdd0cf6c2457765afeb717bc1e5d74b27d45a0f,1,1,1,1.0
0x1c4d18c39b1f7a3f5987ad2d877d6cfed675d9e0,1,1,1,1.0
0x1db0475da5d6a9375ca99f1fc275e8e9c119fbd3,1,1,1,1.0
0x1e15e64e815473385b571deec7bce4f0cc262817,1,1,1,1.0
0x1f3f6191bea8a57dd7a1fe90a4249c706ad4fb46,1,1,1,1.0
0x1f64b0e6b0132bae77f886ec57352549b18af4e5,1,1,1,1.0
0x202bab22a1117acba00738e2a6e7d8837dab311c,1,1,1,1.0
0x2042aaad6e72f8beeb82f4325ef3896774bc7a12,1,1,1,1.0
0x21b077b26bfda6d2b8fdf0130977362d61e18912,1,1,1,1.0
0x2211e12e6bc8da27b48b9dd66a55f5c3388d713a,1,1,1,1.0
0x25904d69555507e86c19164d692c95731c9bc666,1,1,1,1.0
0x25955c4a690e13f8a5de0ce3fda34163f01f88e8,1,1,1,1.0
0x2618d97b0975d8db91fd1f11fa407073f3b21a90,1,1,1,1.0
0x26f3855b56a50f36ec2e69e72d53deb694d85537,1,1,1,1.0
0x274ee965605473bc9c70ec976fa0dd1dd8bc3a04,1,1,1,1.0
0x289aa17875d1adbe3dc66d7658218d14258d81f2,1,1,1,1.0
0x2a0a7a70844877362e5ad1e33d5045a2fdd6678f,1,1,1,1.0
0x2a266c87f7b0d1f8a471d2d5234f5cf4fb62b206,1,1,1,1.0
0x2d42f48d8dabd263dfca580480f41316fc3110db,1,1,1,1.0
0x2f58f210fca0e3a486eacc29057a04576aee265e,1,1,1,1.0
0x2fd027c3ec9b0c7393da84624cd0e62ab6195289,1,1,1,1.0
0x306c8148a5e433ceddf184a0b0db4a6631e74e51,1,1,1,1.0
0x318a4b4764eb37c3fcbce434713128143815fd57,1,1,1,1.0
0x3268c9434d8603957420f04510ca0ff6097a5c64,1,1,1,1.0
0x32c50a19e5f8fa5157e5e441be0ccf4933728a28,1,1,1,1.0
0x338d8649efa45b940d6656030faa58d9d01e6983,1,1,1,1.0
0x3429dd2c405f03a8a836d650e7dea43e3e9c2401,1,1,1,1.0
0x3567c566e194dd25ed580ad917160b8700fe7460,1,1,1,1.0
0x36de990133d36d7e3df9a820aa3ede5a2320de71,1,1,1,1.0
0x3731f5c2c1835e3ace2ac157c4e31b1cea0cb0e0,1,1,1,1.0
0x380238347e58435f40b4da1f1a045a271d5838f5,1,1,1,1.0
0x3b20d22540deb3cf1162b195cd15756adb5ceb5d,1,1,1,1.0
0x3c423b365efb79bfb42c9ec8f6f0745195ca7745,1,1,1,1.0
0x3cedc3cba49c3809ee46b9bf60da75d6607b45ec,1,1,1,1.0
0x3f9dbb57e651e1870f2f005b43470f709371f358,1,1,1,1.0
0x407ebfbe56172fac4795541eb5aef6f463cfc868,1,1,1,1.0
0x4094383033c1861e2686eac4d4bbae6f0031f5d2,1,1,1,1.0
0x429dfa4010511d0d4ed43e7f90ab07fa5533bcea,1,1,1,1.0
0x42baa7debbb71afb90f14d0352f0390ae0c35abb,1,1,1,1.0
0x43988aa17c017677a1508b5232aad038e482e638,1,1,1,1.0
0x48ad35617e5f8b70d8c693a0c9295ab7a16634ec,1,1,1,1.0
0x49b7945ebe2e10fb7a012f97095c3120e9753a35,1,1,1,1.0
0x4a7a972f84e2a64b3b9b64ac1383df5c413c0e59,1,1,1,0.0
0x4c96da02d7120bfb81594d0e924b237e0c74660d,1,1,1,1.0
0x4e68be31183692e439f35a0e94aa2d3c71bbd7bf,1,1,1,1.0
0x515323b95e44ab18113916722236847a241b0462,1,1,1,1.0
0x5171c72a59b994a80097b6ab52d4a4fcb8bf4c1b,1,1,1,1.0
0x5229384bd502d85aa7eca0a31b515e5e48d3910f,1,1,1,1.0
0x52c76f43aa871b407e242dcc396ccc54a8c70ade,1,1,1,1.0
0x54d218316f48173df31559d4ca8f7448677ab8c0,1,1,1,1.0
0x55ae5d177cdc9493391a632794fd048e8dba4e20,1,1,1,1.0
0x57407d691f755caa107647718f3582a8a87467dd,1,1,1,1.0
0x57a4ba72d5cf3f4fe01c65a23aa449522d063869,1,1,1,1.0
0x582807f02712b4fbaa82d65b73d9b9101b7b33f4,1,1,1,1.0
0x58f42c60dfe9b662b9e573c13358e5d773790699,1,1,1,1.0
0x59d7c809e709e1b64a26536ecb0757cf8c964618,1,1,1,1.0
0x5b078ab958921613b71bc2a849b092db83f07b46,1,1,1,1.0
0x5b34cac219963f0a52f1764cfe3cbcd49e222dc8,1,1,1,1.0
0x5c08951b999cc133ee4161a3a2b299160f66c42e,1,1,1,1.0
0x5d51ecc50813e0937a5c43be298e9146796ad60d,1,1,1,1.0
0x5d568ffc646eef94c1fc2d5124f017ab23a1f3f4,1,1,1,1.0
0x60c4499870f115664d7ffd8411b023dbef3377d9,1,1,1,1.0
0x6302d9e6dbb22fec3c350551568bb39b4b35ad57,1,1,1,1.0
0x637482e9bbc3f23aa2561ffef50349e0addfafc3,1,1,1,0.0
0x6454a645c92b8722ec9a07fce12a582a877b8843,1,1,1,1.0
0x65003c15622f8fbecfa60805777f9c5ae8fb77fc,1,1,1,1.0
0x658dc531a7fe637f7ba31c3ddd4c9bf8a27c81e5,1,1,1,1.0
0x65c767c483dd862d08bc3d6500cd4cd770ae28ed,1,1,1,1.0
0x671eae6b65be7282c0ce74016d22a3d579e7834e,1,1,1,0.0
0x68aa47ea15f355462624675a4b82291ff2d29604,1,1,1,1.0
0x68b7e8be8f1a62f99e37f1ac191dd23486e8a2ad,1,1,1,0.0
0x6b2891b824206b0dc9884751fdbaf73e9cce651b,1,1,1,1.0
0x6cf0a0b5282409e24dc35e2c1834f9111315603b,1,1,1,1.0
0x6d9bfb01d003a680b1809e96c0d4003be2ec87d0,1,1,1,1.0
0x6ede3258bce2ef32f9bb614c781818b4efd0e765,1,1,1,1.0
0x6fdc1f22520151dfbc6273d6c48e413d434c7916,1,1,1,1.0
0x701fd2fc3295ff2e98d986bd2032a966f54555f7,1,1,1,0.0
0x712c78928080adb009e31315c0c3c7473da9648a,1,1,1,1.0
0x72df68e7b3e1e2fcfbaedc7183810b92cb6ddbd7,1,1,1,1.0
0x751c6acf5d1b704a1ad983a526207600968b4e41,1,1,1,1.0
0x764d6953132ac85eda0708c7ffd65eb1b1a80db3,1,1,1,0.0
0x7677a0ec93c75b540dada06e9f1952c950ee2dbb,1,1,1,1.0
0x77f3c9bcb898ad1d30e9a336e2cc3108d88d6c09,1,1,1,1.0
0x79ebde4b4582f6f81598ed97ec8cc1025c497d53,1,1,1,1.0
0x7a19cd388c7f69145fef09b960853e0a429b6f4a,1,1,1,1.0
0x7a9b696f3bec23eef6fc278adb922d0334a213c4,1,1,1,1.0
0x7aac1cce7113306c7af59f82637d0a38b3e5c6b0,1,1,1,1.0
0x7b13107779cfda1beba3289d0fbe27310436f3e3,1,1,1,1.0
0x7ba267b21ec77309cbbdce92d3005421329db62a,1,1,1,1.0
0x7c9846130239a4dc7d92f3da3a7dc843928190d1,1,1,1,0.0
0x7d6e22db7c2ee44859061061f99e55257a5ceac1,1,1,1,1.0
0x7df9c5edbf039b1c645d7697f58efd143f0986e1,1,1,1,1.0
0x7f5f784ba98cecfc0ba4336f0e48222a3d4d69a8,1,1,1,1.0
0x80aa1fa83f7b771bf2ab815da9ba1236b1b91e3f,1,1,1,1.0
0x80b5a3680d1476e7511f5111d6ff8759f5a063d8,1,1,1,0.0
0x82096bf08d81c14c678e915a04fcf150958ee571,1,1,1,1.0
0x8467be164c75824246cfd0fca8e7f7009fb8f720,1,1,1,1.0
0x85557c90027354eaeffe9ee4b4f4014818d8d3e1,1,1,1,1.0
0x8666a0796297de08364e0c8cda235463a79de43c,1,1,1,1.0
0x8686bd9bc270df09240e7d220a4bd4c627dccb03,1,1,1,1.0
0x876be690234aad9c7ae8bb02c6900f5844acaf68,1,1,1,1.0
0x8836b033566cc871b069c90c38bbde5c03182c33,1,1,1,0.0
0x88ff5a0608ff45077f68200af35618121a0fa443,1,1,1,1.0
0x899be41c39d88c97c264f91a95784707341047ec,1,1,1,1.0
0x8a694a869badec00a333e9213e2914dcd90d53ff,1,1,1,1.0
0x8d64a4834e262d96d1264e8900b5a4f1405b8982,1,1,1,1.0
0x8e525bfce1ef40aa8075ef64e45421b5855c8909,1,1,1,1.0
0x8ee7c76fcb175dd0f9e7fc240f6828ecb226e90c,1,1,1,1.0
0x8f9ef7f8c4744bfaedaa5d315c21f9770c10f931,1,1,1,1.0
0x9041f8a43d0b43209b9227de2c7fb25c9fe3847e,1,1,1,1.0
0x913805a5419c573075fc05bfb0133462e8ffbd69,1,1,1,1.0
0x91f44dfb04f2397ece4d3bffdb37ec466a304e88,1,1,1,1.0
0x93835cf2bd459e72b577ed944e33578d8529dacc,1,1,1,1.0
0x942bd3e3073543c674efc0c378d5bce20f9120c1,1,1,1,1.0
0x97a5667082efba1964437e1ab62f7779dec45e1f,1,1,1,1.0
0x97e63d23bd976032b2d0f5294fe84919e904408e,1,1,1,1.0
0x98886846918c7debe86e1d74e249dcdd64a9d367,1,1,1,1.0
0x9939fd16c796ea47e3fe89e24ca54fadf8f05ac3,1,1,1,1.0
0x9a62b1fc2337a9437038d97105f75c369505b563,1,1,1,1.0
0x9a8dfbe7a11ee89dd59d80c93ab0efe00d5d5767,1,1,1,1.0
0x9a983e4d091ca98f8591272d7b436893188e837a,1,1,1,1.0
0x9b442c40daac631f74de4094f2998e4ac016098a,1,1,1,1.0
0x9bc6982ffe208329b2bf076f5db8a53e9d5795ad,1,1,1,1.0
0x9cd9d96ded1522b0a086c712d6860ea0cd834c46,1,1,1,0.0
0x9deebb5d1b22e4a6e027977cead13893a7e4cc1a,1,1,1,0.0
0x9e53eecec0374290bfb1342f75e26eab27305a75,1,1,1,1.0
0x9fb6eb8de033f81b89bfc6ac00ed2976815e400a,1,1,1,1.0
0xa049ebf67b048ebcd76db2063ff68e500ce96a94,1,1,1,1.0
0xa0ac44becc6302298f01ed255b175ca1060c189e,1,1,1,1.0
0xa40dadc75b69bee8325e8089258235213293f8f4,1,1,1,1.0
0xa4b5056e8260d49213e64c081b504c8535c14bc4,1,1,1,0.0
0xa51701c330992d1c3997551b2d69a14ac402c29e,1,1,1,1.0
0xa61446444dae6c570813656ced71c18d68a5f0fd,1,1,1,1.0
0xa709b6534f392c5f4cfb986a329b734ecddc8c6f,1,1,1,1.0
0xa7660dea6aadcc87cbb5e79ccd262d391e61de5d,1,1,1,1.0
0xaa94e1f602ca71695a257c289fb54bd4f9a6ba15,1,1,1,1.0
0xab745e5f576667037696e78ba7da28e193e4423d,1,1,1,0.0
0xac9ad2609466fb92c69640fa2b9ee7b22a76e8fe,1,1,1,1.0
0xb0ba20954ea83f6e5417b893b3999d82cb061d3e,1,1,1,1.0
0xb1acd9e0269023546074400a434e703b646aabba,1,1,1,1.0
0xb1f5aa2d750547a84fc53b8519de235d7bc29e29,1,1,1,1.0
0xb1fe0fd90c16800c3d5e811c6f07972de9d2b98e,1,1,1,1.0
0xb4a9238c9400a7f1bb7924606ff2ea634a0f3ec4,1,1,1,0.0
0xb790ed3796194e5511c44411cf045f67e069cdc0,1,1,1,1.0
0xb847fe425f54cbc586f8e735ae4270b82119771e,1,1,1,1.0
0xb856b2c501a91d8dc13411dbaeafdcaca8d39901,1,1,1,1.0
0xb85c83cc448edca8eb724f5d79b523faff9375a7,1,1,1,0.0
0xb85d42c13a3d7a40d6a1c2dbeaba412e49b0fb9d,1,1,1,1.0
0xb876145625b6ed670657116187aef7facf1ac288,1,1,1,0.0
0xbb967f16c7f3e9b4c1626680684445d41dbe44ab,1,1,1,1.0
0xbbacd5111e0ca3a52ddaa39d4723cf75c1a75d91,1,1,1,1.0
0xbbecbe90f28632a9d52ed67b33b43767b8c89285,1,1,1,1.0
0xbf11e11ab3607ae7f1c51b79fd0e585c0cca4b82,1,1,1,1.0
0xc0a707f63df3120e018f119ddf44fc8eaab40e72,1,1,1,1.0
0xc1d1d0ba6b825375ace79f59148f9a1140997913,1,1,1,1.0
0xc1dab3c368f8b6595c49df67f4a17225e0ceb785,1,1,1,0.0
0xc1fe5ce97fb6038527d9660cf290b716a264e874,1,1,1,1.0
0xc273630db49632ecd077c7df606b306e400a9882,1,1,1,1.0
0xc66ee26cae6cd34970f51f644f36d720826d392a,1,1,1,1.0
0xc6e6138daac78cec93d491b4581afa1a61b98a17,1,1,1,1.0
0xc7ced5079d619478aaeb0c54c3673e83c5b4a020,1,1,1,1.0
0xc7d7b6d856ab058a9373e61cf46a85d1f73da695,1,1,1,1.0
0xc8d524703f1751b565a220087d1d4c44a413c1d7,1,1,1,1.0
0xca28eb92657f8a81afb5493b3a04a740b204d816,1,1,1,1.0
0xceec1c3f6cd66dc7c91fae0e232eac0d346564e9,1,1,1,1.0
0xcf216a76abd93674026f1a62b39aa57e2499e57a,1,1,1,1.0
0xd1502efbd2674236508bf6d39c81c2abad21cb1e,1,1,1,1.0
0xd7e59be8d3cf0bbaa24b6e04542411899f1905a9,1,1,1,1.0
0xda158f96c7d02e787ec75858d108366bda6aaeb3,1,1,1,1.0
0xdca14e2b0f7995fe9263d77a9e7dcd128d1e6dd7,1,1,1,1.0
0xdd51ae794f2cbbc69ef791be8aa4476d6d48c7ce,1,1,1,1.0
0xdedd050dfe4212d52f2a6ed6a2d5d3289de0d5ac,1,1,1,1.0
0xdfc32f8cb9d893dfb9692143a4552b9ddd352e08,1,1,1,1.0
0xe08e64d4044cd7ce4bfbb44d908e358c4eafde09,1,1,1,1.0
0xe16a1b12404cb2ebc6e783beca6e2a9253c3dc7e,1,1,1,1.0
0xe39571a1b62c21454dbee4dc699cb20ed40b372f,1,1,1,1.0
0xe3badbd4f38214b9eae528a1a5398f6678f63fb3,1,1,1,1.0
0xe5fa9502bd9f32a0fc90f2c809296b4835c2c400,1,1,1,1.0
0xe602344ef3944497a72981e36066c62e7a99f599,1,1,1,1.0
0xe682dc3c6b79c1c87dfd17e5e25b1a07834b9f5d,1,1,1,1.0
0xe84185f9fdb32c5bfe679f025ccf86491157f6f2,1,1,1,1.0
0xea09587ed59dc18ec3a307e35e96b315d3a9614f,1,1,1,1.0
0xea6c6d0361a758e51004fc5b0c31a3c6b2408858,1,1,1,1.0
0xeadeaf18f0adcc1e96ae00e5960d706447602566,1,1,1,0.0
0xecd6edc72f228dcff9a7e7e981fd64bea5a4a395,1,1,1,1.0
0xed1f3bd0c17b4eb4bcbb2ddb1e436015ac45b711,1,1,1,1.0
0xed6013a7f5a5cd54e21e5bdf8028a76a4e7b2ee5,1,1,1,1.0
0xeed6af31937a6123924d4ecdc3b3ed729f92867e,1,1,1,1.0
0xef0f3642e051dc1106d3cafa92e7f7ed405e44e6,1,1,1,1.0
0xefc3f6ba8a706af67162ebab84fc2d09fa73360e,1,1,1,1.0
0xf184b4ed26e0866417487c56acda10ddb5411e9d,1,1,1,1.0
0xf1b9926f3df357badc9b365734b41f267e4d85b6,1,1,1,0.0
0xf1c7c037891525e360c59f708739ac09a7670c59,1,1,1,1.0
0xf1eb97ddddeb0257548bc14d35f981b10f8c3fa3,1,1,1,1.0
0xf2a6416ebb0c594ab2977695bed061729ddeb47b,1,1,1,1.0
0xf33d7d225cc10ed8b5704d4101bcda13aeb4c284,1,1,1,1.0
0xf3b36a95913eb2676fcdedb2ba6b0c96ade58de1,1,1,1,1.0
0xf4d43bdaae23a7d2012c49cb9f57eaab89d4ffc2,1,1,1,1.0
0xf4efe76fe83e7e2e865cdf4ccf35ba71f91426c6,1,1,1,1.0
0xf4f7182508895812f235c5d1c47c0cfc89fdab5b,1,1,1,1.0
0xf57dc3fba89260a8126cbd190f44a6248e650b22,1,1,1,1.0
0xf6177d80e8aab6e85fadfc1bc00dcfa2fe2eac33,1,1,1,1.0
0xf66b43e9532493c8877ba1e518028457c3a093ea,1,1,1,1.0
0xf7c645b7600fb6aae07fd0cf31112a7788be8f85,1,1,1,1.0
0xf9d1d63f362bbf1ee08ab9acb36fe74afc48d5f1,1,1,1,1.0
0xf9de04c532beb059d48291fc7ee69e260c7ebe0a,1,1,1,1.0
0xfbd46201267609ad3c66bd1b99b7f1cc80b1852f,1,1,1,1.0
0xfc8922017ae8372a1fa94e93469c89218523ed76,1,1,1,1.0
0xfde7913abe6e4a4e3e3134cf050df9030ae8ef48,1,1,1,1.0
0xffa3e5fa7ae5f0dd1fd196cbd41d40325e4aa831,1,1,1,1.0
