rank,address,listed_as,category,clean_usd,clean_payments,buyers,median_paid_usd,posted_median_usd,first_seen_week
1,0xffde1acbac169f822dabc3d97d6d7127dcae6003,,large_ticket,26731.86,10,6,1042.5,,2026-08-24
2,0x68396bd35874695ad86cd29410bd80a550991a2b,api.clusterprotocol.ai,compute,18839.78,24072,720,0.003,0.002,2026-08-24
3,0x93862e5b2b1fa10a01772e7e9ca7cdc7deb5ca25,,large_ticket,10480.5,783,123,10.791,,2026-08-24
4,0x47d3394c7234714e4b9e9b74827c12be847f9dda,,unclassed,7326.8,3322,25,1.0,,2026-08-24
5,0x7284d41b5b852f2bd4c99bdf95043d84452d299c,AX1 Console,other,1641.38,82069,1567,0.02,0.02,2026-09-07
6,0x6a0a10ffd285c971b841bee8892878c0d583bf67,,unclassed,996.99,202940,105,0.00274,,2026-08-31
7,0xe9030014f5dae217d0a152f02a043567b16c1abf,BlockRun.AI,data,559.11,24391,118,0.003,0.002,2026-08-24
8,0x2670b922ef37c7df47158725c0cc407b5382293f,,unclassed,422.36,92,15,0.01,,2026-08-24
9,0x480cd46e6fade651a0437deadda53d5c8e7d846a,Bitrefill,other,365.43,237,27,0.002,0.002,2026-08-24
10,0x325bdf6f7efab24a2210c48c1b64cab2eae1d430,StableEnrich,data,308.35,13645,121,0.0126,0.0226,2026-08-24
11,0x17cd53c04d707ef0dd615ef56c633f02915a7905,keyring-agent.blockchhub.link,other,305.1,6102,53,0.05,0.05,2026-08-24
12,0x159be9e316bc5fac8ce05aec4eaae46e8f8a4908,BotPay NFT Mint,other,244.8,2448,344,0.1,0.1,2026-09-07
13,0x5aae638ccd22a4117c0441331e8e86ca979d482e,,unclassed,234.48,4898,238,0.001,,2026-09-07
14,0x3291e96b3bff7ed56e3ca8364273c5b4654b2b37,Laso Finance,other,222.91,19,17,0.001,5.24,2026-08-24
15,0xa9dd7cc9cbf0e05551332209289f04be36bc2315,claw402.ai,data,211.01,100415,55,0.002,0.01,2026-08-24
16,0x213c8d7434e2ae7aa1c392767c5120778d413215,CheapTokens AI Inference,compute,150.19,134,12,1.0,1.0,2026-08-24
17,0xa0af9ed64c8fe5d00ce879badd40e94b47db2542,,unclassed,144.51,145,52,0.5,,2026-09-07
18,0x4aabe17c239ef71c3a26ba7c2b3e0aebbfc1df26,Apify,data,103.0,33,11,1.0,1.0,2026-08-24
19,0x21dd37e3e4ea6ccc0a5c98a4944702ede6e7be10,,large_ticket,55.0,11,5,5.0,,2026-08-24
20,0x3c0820e2dabd5feae1fd03b78079dee15c7f83d8,,unclassed,54.52,64,11,0.001,,2026-08-24
21,0x7d2ceb7a0e0c39a3d0f7b5b491659fde4bb7bcfe,www.basehub.fun,other,50.45,993,72,0.05,0.1,2026-08-24
22,0xed9fcd0d36d1fc847b6489865261ccbbbf299902,,large_ticket,44.56,40,5,0.525,,2026-09-14
23,0x3e0a7c9a79f0646fc4e72d52b5ee8877f5aa78e7,,unclassed,41.62,9681,1164,0.004295,,2026-09-07
24,0x07f067959297767c887dbfa3c72379c66e82a045,StableStudio,compute,35.14,67,22,0.17,0.01,2026-08-24
25,0xbf22b6ddb5a08c823856a779f1004eea60c5ab92,Drip,content,34.0,18,8,1.25,2.75,2026-08-24
26,0xcfa26f13c6c18307033ece13bbb8f470da5b4dbe,StableSocial,search,26.94,449,29,0.06,0.06,2026-08-24
27,0x52e29e0d2aa49bfbfc548c0a9f2196f4aa51f3ea,api.onesource.io,data,26.91,3280,499,0.005,0.02,2026-08-24
28,0x50ab2018c06c6e4eaa9ba52057eb55ed284912fc,OnchainPulse,other,26.3,369,15,0.08,0.05,2026-08-24
29,0xef4364fe4487353df46eb7c811d4fac78b856c7f,acp-x402.virtuals.io,other,24.73,2473,558,0.01,0.001,2026-09-07
30,0xaeeb8eabdc05532a26123045f99d208eb1cc00ab,Stock Trends Market Intelligence,data,24.28,116,5,0.0625,0.15,2026-08-24
31,0x93053f1e7a5efeda532fe69cbbe43cbec3a0f13f,Nansen,data,23.87,1299,106,0.01,0.01,2026-08-24
32,0x942bd3e3073543c674efc0c378d5bce20f9120c1,api.arkm.com,data,21.8,53,6,0.2,1.4,2026-08-24
33,0x26572ff23c6c52bfb1a69cb0c9114a8be443b422,Ausca Agent Inbox,compute,21.5,112,25,0.25,0.275,2026-08-31
34,0x589a2314a2e05f45e40c4823da3ba58d421db3d8,X Pay,other,21.41,4282,40,0.005,0.005,2026-09-07
35,0xabf4fabd7c416fb67202e5f9002389fc75e2a9d0,Text-to-speech,data,21.23,2134,85,0.003,0.003,2026-08-24
36,0x40a8cdd6a10ec1a8cb3dfb2834675e7a2cf4ad8b,api.loyalspark.online,other,19.43,2735,78,0.01,0.005,2026-08-24
37,0x4466d4a84b7c49a6a094ec6eef4a0712d6dd125e,api.x402node.dev,data,18.87,663,40,0.008,0.005,2026-08-24
38,0x1f81da453901d15296c1710af83e0bc0371d39f1,Glassnode,data,18.01,369,23,0.05,0.05,2026-08-24
39,0x75ddd3c42eace13c59ea0cd1141b886a1c70d2a5,api.messari.io,data,16.75,54,5,0.25,0.1,2026-08-24
40,0x9aaceabad8e1858b72fcea1665381b168841b2fa,Google Trends SEO Keyword Data,data,15.53,361,5,0.05,0.03,2026-08-24
41,0x7f33b3c113915a0f2981070553ba9538c0f90171,People Data Labs API,data,14.28,59,5,0.02,0.07,2026-08-24
42,0xf121fbecec43e1b616d47285851c20d5fc64431b,api.locus.report,data,14.05,60,6,0.29,0.05,2026-08-24
43,0x7c655d3d3944bd27994dd81a036c3afb19806c40,Vaaya,data,13.4,306,25,0.01,0.01,2026-08-24
44,0xdd257723b86b4947483905cdacbbbc70facf2ec0,StableTravel,data,13.05,654,19,0.02,0.01,2026-08-24
45,0x7dd5be069f2d2ead75ec7c3423b116ff043c2629,x402engine.app,compute,12.33,121,20,0.004775,0.012405,2026-08-24
46,0xade02dff58b0316f04cd59806e3fdb4690fe89ab,Deepline GTM API,data,12.19,69,12,0.25,0.11,2026-08-24
47,0x3c5cbe28eca3b96023c45d3f877da834f1c7d5fa,Locus x402 Services,data,11.89,75,8,0.073,0.005,2026-08-24
48,0xa13d363aecccf878ec64f6eb687eb4a771fb0599,RobinX,data,10.49,215,7,0.05,0.02,2026-08-24
49,0x9811c0900fcb719bbc363a3846d2d6db2771dea8,WithZero,compute,10.12,122,5,0.05,0.05,2026-08-24
50,0x4f4beb658084d7bd7ea0b6f74dbf6e99f93d422d,dev-api2.slinkylayer.ai,data,9.45,933,933,0.0015,0.00405,2026-08-24
51,0x07317e7713aa8ee93913214a4a74f334ff7db048,,unclassed,9.32,27,9,0.01,,2026-08-24
52,0x8aab9a6d28e9aba2a15a613c90f24f352f0cce15,VAPE,data,9.22,918,6,0.01,0.01,2026-08-24
53,0xe740d5701749d262da5e4fcb9f814c5b6d91cf46,Linked Panda,data,8.85,60,6,0.05,0.05,2026-08-24
54,0x3070fbb3803819fb5bdfe9286fdc6325a877fa85,x402stock.xyz,data,7.97,258,9,0.01,0.02,2026-08-24
55,0x6d6e695b09861467c7d462f5aaf31cf3540b9192,Exa,search,7.32,1115,53,0.007,0.007,2026-08-24
56,0x7360d007c5b96c1a0be4d3faf7f4bc3f8d1fb832,,unclassed,7.27,155,5,0.020493,,2026-08-24
57,0xdb5aa553feeb2c3e3d03e8360b36fb0f7e480671,,unclassed,5.5,1134,7,0.001,,2026-08-24
58,0xf732ea490c5766071785a2310523f7fa2cebb829,Pocket Network,search,5.25,1051,10,0.005,0.005,2026-09-21
59,0xd593832ce9c2b13b192ba50b55dd9af44e96700d,api.myceliasignal.com,data,5.11,162,10,0.02,0.01,2026-08-24
60,0x00acee6cd97a308ace9a3fe7da90664bfa9b6d21,Driftflight,compute,5.09,166,5,0.01,0.06,2026-08-24
61,0x2a90d68071b16ba7ab236709d4e37a54f56fea3b,DeepAI,compute,5.08,97,5,0.01,0.045,2026-08-24
62,0xdc59fa7b64988b846e76ec9849bb68f889071506,api.jarvisclaw.ai,data,4.78,1368,7,0.001,0.003,2026-08-24
63,0x8c128f1ee62bb5e47867cfbae2ad89be325df1b2,Agent Arcade: Reasoning Games,data,4.75,105,11,0.05,0.005,2026-08-24
64,0xcc985ba6934d134feec4824ba40258608f3a4333,api.stacktr.ee,compute,4.5,8,6,0.5,0.75,2026-08-24
65,0xb1ef5415e9d3695e16977b8be422ab7512f788c0,clinkagent.com,data,4.24,178,9,0.02,0.02,2026-08-24
66,0x348ac9e3b010ba2300ba9a7bcfe5ae592b9fcfaa,Machina Sports,data,4.12,145,6,0.01,0.01,2026-08-31
67,0x43b85ae58f0a2505c710bc715d6f3eb16b1f63de,agent.connskill.com,data,4.02,49,8,0.03,0.05,2026-08-24
68,0xab6731a0bcdf511c2842c768a03448075ab654ca,Rubric Protocol,other,3.92,88,25,0.005,0.005,2026-08-24
69,0x52ab53912d37759b2ad364f22dd06b16714b6c06,ComputePulse,data,3.63,54,11,0.05,0.05,2026-08-24
70,0x9dba414637c611a16bea6f0796bfcbcbdc410df8,x402.twit.sh,data,3.63,560,20,0.006,0.01,2026-08-31
71,0x0e84ddedaae6a779c462c22a59f301ec31b6b808,Otto AI,data,3.23,691,208,0.002,0.0025,2026-08-24
72,0xd494a454888a390b2b05df74ae2b5fd9c9902b71,Cult OS Developer Tools,compute,3.1,495,57,0.001,0.001,2026-09-07
73,0xc3d01fd2f79d4c57ad106ab8ecc12a5de24f97cb,quotient-api-gateway.onrender.com,data,2.95,97,14,0.01,0.01,2026-08-24
74,0x0550779cfbc832657a8bb46bac9f359a5ad038b8,Satellite & GeoRisk x402 API,data,2.74,120,8,0.025,0.002,2026-08-24
75,0xc751344ee09b5159160173f77d4a1169bcd386a1,glim.sh,data,2.68,953,21,0.001,0.004,2026-08-24
76,0x51d577c8cbb8b3fb1ba0ce31c7923cc27a07f78b,Twitter/X API,data,2.5,417,15,0.006,0.005,2026-08-24
77,0x2ec4545f96a24876764bf2b04d54e66a1351be71,x402scan,data,2.46,245,11,0.01,0.01,2026-08-24
78,0x2c871c2b8876dc35e9e19646fda5abf1cd27735f,api.x-402.online,compute,2.42,254,7,0.005,0.005,2026-09-14
79,0xd4bf214e1c1f7ec0e798eea554d1a1157158ff2b,,unclassed,2.4,12,5,0.2,,2026-08-24
80,0x26c2ebffb2b332e5c188b1e33d4c7fa1a0ce0937,,unclassed,2.23,6,5,0.255,,2026-08-24
81,0xdadc335482ad545296fd7b28518a251ffcbeb9df,NetIntel,data,2.2,609,17,0.001,0.01,2026-08-24
82,0x6e007731870ede419cfb31889cd5c4493cecb04c,BlockRun.AI,data,2.11,248,70,0.0085,0.0085,2026-08-24
83,0xcb9b3f94387389e38ef2a7b3c0b851fb8325d7e9,botsmith,data,2.0,102,12,0.02,0.02,2026-08-24
84,0x7d9a65d06dcc435a52d5880c6310bd6e96c156db,Convert between XRP and drops,data,1.93,196,8,0.002,0.002,2026-09-21
85,0x973a31858f4d2125f48c880542da11a2796f12d6,4-Byte Selector Decoder,data,1.9,77,5,0.01,0.02,2026-08-24
86,0x48d5a78d480b4c32de319c2aef69e682dc304615,Market Intelligence API,data,1.86,149,5,0.005,0.005,2026-09-14
87,0x02c2fcafce36b4aadb39625866bc6b1699d83043,SocialFetch,data,1.71,122,8,0.014,0.014,2026-08-24
88,0x110cdbba7fe6434ec4ce3464cc523942ad6fb784,CoinGecko,data,1.4,140,15,0.01,0.01,2026-08-24
89,0xf444abc53f5e1e73caec7df64d147ddb119514a0,api.demandex.dev,data,1.36,93,10,0.01,0.01,2026-08-24
90,0xb15a55e85fdf5edc41b6c1eaf7813e2c6e6def59,agent.api.0x.org,other,1.34,134,7,0.01,0.01,2026-08-31
91,0xbfd71ea27ffc99747da2873372f84346d9a8b7ed,,unclassed,1.34,218,14,0.005,,2026-08-24
92,0x525f6ddce9af7a7179d7696aabfcd5fcd15a21e6,Massive,data,1.33,133,11,0.01,0.01,2026-08-24
93,0xc3b66d340390d5dd2ec8294168f185e811b6c06b,fetcher.sh,data,1.29,69,7,0.005,0.004,2026-08-24
94,0x6c0752c09e7f6fa6526fcdf40e456a159ebb5621,AgentUtility.ai,compute,1.28,74,12,0.005,0.01,2026-08-24
95,0xb3f4de103f34b99f0da19b4f16d6b53a14c2194a,Spreadsheet References,data,1.24,128,16,0.01,0.003,2026-09-07
96,0x058d0cc5cc97e61e8a9f38d6d6365bce525921b2,Onchain Query API,search,1.23,245,9,0.003,0.003,2026-08-24
97,0x29322ea7ecb34aa6164cb2ddeb9ce650902e4f60,scout.hugen.tokyo,data,1.15,167,124,0.005,0.01,2026-08-24
98,0x4df66b6c140778fe0717880a7c6dde5ea53acdea,Web Search (SERP),data,1.15,28,9,0.05,0.03,2026-08-24
99,0x36038e1d712c5e39f35952164ec58ec2b96caee7,Kronos Crypto Data & Forecasts,data,1.09,42,15,0.02,0.02,2026-08-24
100,0x970007590acc5c938cd51345b17af51b1b40d3ab,Oblique Markets,other,1.06,78,52,0.01,0.01,2026-08-24
101,0xe82ebef57fa5af958b8ecb6843d4327d314f59e3,TickersFeed,data,1.05,287,12,0.003,0.003,2026-08-24
102,0xc9b70d8d342609437bc87ec3c877911a306d3e6a,api.dripmetrics.ai,data,1.01,17,6,0.05,0.05,2026-08-24
103,0xf22e558a00d91ee12a1f50c52186fecb8ddff493,web-search,data,1.01,184,20,0.003,0.01,2026-08-24
104,0xfdb4b511f6ae1f270776e500b3360217d5e7ed03,x402stock,data,1.0,80,12,0.01,0.02,2026-08-24
105,0xfa45c1c9e6e21bfc7fc6ca21efefae60627ce3d7,,unclassed,0.98,6,5,0.1,,2026-08-31
106,0xf752eeb75d3bea24aa867ad93bfd8ef5a2f431b9,"Web Search, News & Page Reader",search,0.95,70,15,0.01,0.0175,2026-08-24
107,0x2a462db85807f0ff497ddd15f5978317d079a3a1,,unclassed,0.91,54,42,0.02,,2026-09-14
108,0x54d6c2c08e10f1a1d3da88df513bbe9bcf1a4afa,api.munition.io,search,0.9,27,9,0.05,0.0075,2026-08-24
109,0x9fb365e4e9385e2a39febad70368267e6f571d9a,win.oneshotagent.com,data,0.9,79,14,0.002,0.01,2026-08-24
110,0x0d083590c048a243e24a75e3a7c968145de25b44,base-gas-x402,data,0.84,171,15,0.005,0.0075,2026-08-24
111,0xd662a1aeec74e6021068a4f2ad998b1fb375803c,,unclassed,0.79,6,6,0.1,,2026-08-31
112,0x3c5f3a6ce224bb89d72f5eb4232ecc27f67b3eea,pro-api.coinmarketcap.com,data,0.67,67,9,0.01,0.01,2026-08-24
113,0xef879bfd6c4accb8f795136de90246e1ec245e06,SYNTHORA,data,0.65,21,7,0.03,0.03,2026-08-31
114,0x06dff3c8380b5d1799874ada903fc3422882fd6f,StableUpload,other,0.63,63,13,0.005,0.005,2026-08-24
115,0x4395c7e383b7e05665aad7f36ed77c01923dd965,agentbit.app,data,0.63,50,8,0.01,0.005,2026-08-31
116,0x68e3e7822cf83c824cf9606ec999b5e8a93c85b5,LION Verified Company,data,0.56,33,12,0.005,0.005,2026-08-24
117,0x9acfdc5a3d6bfbb127615751e0f0e44014e32abf,SkyCast,compute,0.54,109,7,0.002,0.002,2026-09-07
118,0x54ebfcf3870439b9db62381848c5dabc05c70d5b,Multi-Source News,data,0.53,22,6,0.02,0.01,2026-08-24
119,0x2b6d4988db4723e6908db86ab2b8dfbc51fc32c5,2s,other,0.51,57,19,0.003,0.003,2026-08-24
120,0xcc42ed39a06b6cf3f484307ef76b88bf56fb305f,x402-factory,data,0.48,35,8,0.02,0.02,2026-08-24
121,0xc327d0aeb5f65b514b193b5e5a95cc6f4060815f,api.you.com,search,0.47,73,12,0.005,0.0575,2026-08-24
122,0xe4181c7de066959bcca010525304ba68a84768e0,Crypto Market Data,data,0.4,78,6,0.005,0.01,2026-08-24
123,0x8d0663bbb967ebf1c047405a888ddf865f3e8854,apexrunner.ai,data,0.39,56,5,0.007,0.007,2026-08-24
124,0xb6a6ba7f58fe92e77bce040cc0818c63ab9ac768,Cloudflare API,search,0.37,36,5,0.01,0.035,2026-08-24
125,0xcb8025d951e5e45be7d288b658eeee6f05713006,DefiLlama DeFi TVL & Yields,data,0.32,64,5,0.005,0.005,2026-08-24
126,0x24facafeb49b4e3facf0b3e69604a2f4640c9bf2,market.memoryapi.org,data,0.28,12,7,0.02,0.001,2026-08-24
127,0x66717045858d9f598e2ebd046bf42a0b1063c0fa,Agentic Reservations,data,0.28,28,10,0.01,0.01,2026-08-24
128,0x3dcbef58b30fac60a897cd4ed1daed5de33b32e1,globalapi.dev,data,0.27,72,62,0.005,0.005,2026-08-24
129,0x59ea036c64f0f54cdd14a3be8a1a6586b58da71c,Places & Local Business Search,data,0.26,13,8,0.02,0.02,2026-08-24
130,0x2880edfff13100677bf97a3cbdf3bc34771c4e5e,HALOWERK Eastern Land,data,0.24,55,10,0.002,0.001,2026-08-24
131,0x63ae98f3363b346a94fcc1cbcb621f1c2b1fcddc,skim402.com,search,0.24,88,6,0.002,0.005,2026-08-24
132,0xad62f03c7514bb8c51f1ea70c2b75c37404695c8,gateway.spraay.app,other,0.22,17,8,0.02,0.005,2026-08-24
133,0x65e02cb7fee27630bb7d1a3add02ef7aa2d21701,ads.forgemesh.io,other,0.21,9,5,0.01,0.015,2026-08-24
134,0xc2afb91833f4de19542a025872c6085cc29185eb,api.clawfetch.ai,data,0.21,126,13,0.001,0.004,2026-08-24
135,0xce339395d7f2ea5a5009022ef1c392fb208a989e,Crypto Price History (OHLC),search,0.21,48,6,0.0035,0.00375,2026-08-24
136,0xbd17480bf6ff056f7b91d9adc9dfda001eb7283d,StableFinance,data,0.2,10,8,0.02,0.02,2026-08-24
137,0xe9740820225b3918b4ddd1292c7ca4ca0e2c2f08,US CPI Data & Inflation Report,compute,0.2,19,6,0.01,0.01,2026-08-24
138,0xe3738580ede5384bb8b8d1c8786b391c59d2668d,finance-api.kdlcfa.workers.dev,data,0.19,11,8,0.01,0.02,2026-08-24
139,0x3873d15cf3209c32aaa8d9aa542164e658567129,api.govparse.io,data,0.17,10,5,0.001,1.25,2026-08-24
140,0xb3c2776ce3f99cb3366520c27b4ac5d436942ab6,GEDX402 Social,data,0.17,13,8,0.01,0.014,2026-08-24
141,0xb810b599bc730aa85800babe7f5d160524322c86,x402 Heartbeat,data,0.16,58,16,0.003,0.0015,2026-08-24
142,0x9f8bd9875b3e0b632a24a3a7c73f7787175e73a2,FLUX Image for Agents,other,0.15,35,8,0.005,0.001,2026-08-24
143,0x23f713411c30bbd9a989c9cbc22eb0b55f7f7334,Chit402,other,0.14,22,10,0.002,0.002,2026-08-24
144,0x33661b8496075c3b8b2b69cb3e03bc3436808d78,basedailybrief.vercel.app,content,0.14,14,8,0.01,0.01,2026-08-24
145,0x548fc289526ab2f0391d562a723cda64bbf1abc4,hyperextend,data,0.14,14,13,0.002,0.007237,2026-08-24
146,0x98e83fbcb5f8fb8414acd0aeeb93160046b65666,Amoraw,other,0.14,29,5,0.005,0.001,2026-08-24
147,0xa7f3ad0e69f61864092fabba6cee00af6e584689,AiSpace Venice,compute,0.14,9,7,0.015,0.01,2026-08-24
148,0xcf9223ece895258dea8d288aebcf846ab8e342fb,api.printmoneylab.com,data,0.13,62,24,0.002,0.005,2026-08-24
149,0x127462e296fac1a7f5cf33ba57bb2f0fff5cd0b6,Roll,other,0.12,42,37,0.001,0.01,2026-08-24
150,0x217e5fe265eb78b29067bf8324ef03a7d8e167c4,Current Weather,data,0.12,31,7,0.002,0.004,2026-08-24
151,0x38c063312719220c676e988f0dee14b4ec0e44c8,Vibe Springs,data,0.12,38,31,0.002,0.002,2026-08-24
152,0x44b16952484b6dbea40ede12927ee03a5ea6cdd3,api.isocast.dev,data,0.12,12,5,0.01,0.01,2026-08-24
153,0x5bb4b0c766e0d5d791d9403fc275c22064709f68,Otto AI,data,0.11,77,49,0.001,0.001,2026-08-24
154,0x444731dac7c9cde478147f41e621a064fcbe70f2,api.vindexapi.dev,data,0.1,10,5,0.01,0.01,2026-08-24
155,0xe55359021a6a22d8385b827405991c56075f56f8,agenttoll.app,data,0.1,24,7,0.003,0.002,2026-08-24
156,0xc87a06dee4c0e85912296002617120bbfd5ef990,x402.nsgoods.org,data,0.09,11,6,0.01,0.01,2026-08-24
157,0xdd5fcea81ca6f1eb39fed5b973de794293b81ba6,WebberSites x402 Data API,compute,0.08,21,9,0.001,0.001,2026-08-24
158,0x3cc1d8ee1dfdfd326c19b0884b8df4b24b623f0c,Brazilayer CNPJ Registry,data,0.07,12,7,0.0015,0.01,2026-08-24
159,0x3da40a9ad36640a2c0f533bac368490095574664,ApiToll Crypto Prices,data,0.07,70,46,0.001,0.001,2026-08-24
160,0x9d667bc76f166322df087b3b3927d4d83d44a5d0,Atlas Market Data,data,0.07,5,5,0.015,0.015,2026-08-24
161,0x38c9f689274e2fc3ae360744ef88ce212077a584,houjin.agentic-jp.com,other,0.06,20,5,0.005,0.0025,2026-08-24
162,0x5253666c40432f009ebd99908b9cd2a7fd1019cb,Quartermaster Gas Prices,other,0.06,23,16,0.001,0.002,2026-08-24
163,0x53a05c0eed6cbf065f31aedbae7b0d8ce1a0f4db,Ozmium Agent API,data,0.06,30,7,0.001,0.001,2026-08-24
164,0xa55b06462a2e48661badf22f5841f95ae654b716,Hyperliquid Prediction Markets,data,0.06,12,12,0.005,0.0075,2026-08-24
165,0x552cc4a10878c7f20574489d47184249657ca3f6,Aye Scout,data,0.05,11,5,0.005,0.0075,2026-08-24
166,0x58bdad5e654691ac5ed4631758f3d8da00666b6c,ApiToll SEC Filings,data,0.05,17,17,0.003,0.003,2026-08-24
167,0x850363a27f0ac6feb9c7a3ec4c1d295262df9432,x402.forgemesh.io,data,0.05,13,7,0.001,0.005,2026-08-24
168,0xa0bfa4f07281c9b248dc3aed2217836bca24869b,API Acre,other,0.05,12,7,0.0015,0.01,2026-08-24
169,0xe813d34c0525e0fbb1e6478b86d40b83603c2008,Jev Structured Evaluation,compute,0.05,22,6,0.001,0.005,2026-09-21
170,0x32793f68dc2ea26bbc75eb900da120069e8b6d02,CoinGecko Crypto Price & Data,data,0.04,9,5,0.005,0.005,2026-08-24
171,0x446e51deab3ae656c99e65369e8ef1148d23d7f7,DNS & WHOIS Domain Lookup,data,0.04,8,5,0.005,0.005,2026-08-24
172,0x5c3db195a38f39074d8c891741a82f6d8f2a16cc,x402-seller-0ay3.onrender.com,data,0.04,7,7,0.005,0.005,2026-08-31
173,0x6ab8efe305cce67daa48c97bde29c04402822dff,eu-verify,data,0.04,39,5,0.001,0.005,2026-08-24
174,0x7971a809c18c918cad50cf004c190cbb6e1bf668,Meme Generator,compute,0.04,35,13,0.001,0.001,2026-08-24
175,0xffff4b8da8c165b556326453446f6940c8afe0db,PayPerByte,data,0.04,6,5,0.003,0.005,2026-08-24
176,0x5f5a631e975183d084f60d7121e967b30ec83cb8,767-2676.com,other,0.03,28,5,0.001,0.001,2026-08-24
177,0x7b53524d5c5d29efb8c1d128c56f62fe38cd9476,Coil Crypto Gate,data,0.03,11,6,0.001,0.01,2026-08-24
178,0x9200c98c8188ef50302ed3b8b0ffd5d39832090c,Navi Translate,compute,0.03,14,6,0.001,0.003,2026-08-24
179,0xa3068cfae6217ae906958250072bdf51b7f910c3,Weight Converter API,compute,0.03,10,9,0.0025,0.0025,2026-08-24
180,0xffa9155a0e4b3d8d42351da226cc1feee449686f,Minifetch Technical SEO API,search,0.03,10,6,0.002,0.002,2026-08-24
181,0xffc458db291b4abce020fe3de4f91f2770e537b1,property.payapi.market,data,0.03,31,6,0.001,0.001,2026-08-24
182,0x255cdb4e42afefc7120b0388eb78f96d996d387b,Riddle Oracle,other,0.02,11,10,0.002,0.002,2026-08-24
183,0x2af91df69bd04ccf82d6477adc046c815b7ae129,Word of the Day,content,0.02,11,11,0.0015,0.0015,2026-08-24
184,0x84fa7ea8303d4f503267e2e998a3f7d980e814a5,Toolsmith,content,0.02,9,5,0.002,0.01,2026-08-24
185,0x88a4cdea106f18e919613a4eaed8efdb2183e9ea,Fortune Generator,other,0.02,19,16,0.001,0.001,2026-08-24
186,0xbbba34e9e10130ce852aa9f1d651cd73c36206d4,Roast Generator,compute,0.02,13,13,0.0017,0.0017,2026-08-24
187,0xbf0df63a4a47e5a72a976ece1d78aefeccc773a0,Dice Roller,other,0.02,18,18,0.001,0.001,2026-08-24
188,0xcc69d619e6053f88a4845066518f465bd06fc96c,ApiToll Base Gas Oracle,data,0.02,24,14,0.001,0.001,2026-08-24
189,0xd70d01c73b0c5f3246f2b55cce5ff1b41842ab5e,Random Joke API,other,0.02,10,10,0.002,0.002,2026-08-24
190,0xd7d49d6a12ee3852f29a52a40908069bf4e48914,Useless Fact,other,0.02,18,16,0.001,0.001,2026-08-24
191,0xf567cfe0fdb87a1d6ca330e3f30f0d3da0f7cb98,402rates.com,data,0.02,17,15,0.001,0.01,2026-08-24
192,0x1350a77befebbcc05f8e3a13cc6d4ad781c59d34,Life Advice,content,0.01,14,12,0.001,0.001,2026-08-24
193,0x1e21dba6eeb902343e4128a1957eafb8cdf36f39,Latest Cars 2026,content,0.01,13,13,0.0011,0.0011,2026-08-24
194,0x46ba634261566cf242c853d1f49511f9268ba674,api.seneschal.space,data,0.01,9,5,0.001,0.001,2026-08-24
195,0x5a78ace5dd133316c8aaf7e156fbfc57e1209cf9,HyperNatt Terminal,data,0.01,15,14,0.001,0.001,2026-08-24
196,0x6a4921474848d3fa168ee7fa87222547acc4712f,Horror Story API,content,0.01,11,11,0.0013,0.0013,2026-08-24
197,0x82b17d0bb4de9ae6c3491257b60e8245e70acd7b,regimeshift.xyz,data,0.01,8,7,0.001,0.001,2026-08-24
198,0x9d86e0e74333b297b1d0b6ba30d2ed1b5f01f296,NodeFlare,data,0.01,9,5,0.001,0.001,2026-08-24
199,0xb5f08f2db7baa682f308baa02cf0edb35aca336a,Random Fact,content,0.01,11,11,0.001,0.001,2026-08-24
200,0xb8c578e039aa2c44dd3dec48e6875ba5763cd67f,Coin Flip,other,0.01,8,8,0.001,0.001,2026-08-24
201,0xba667287b8ef89565f8fd7acd4d22ce98e0f39cd,Timezone Converter,compute,0.01,11,8,0.001,0.001,2026-08-24
202,0xd433f056270912659f073d5ffe7ae247e39235a5,Yield.xyz MCP,data,0.01,10,5,0.001,0.001,2026-08-24
203,0xe341add833f9d62082e97ea260baa6546cd09f73,IXS,data,0.01,9,9,0.001,0.001,2026-08-24
204,0x1035e11e861aab9fa443491bfeeb0b3152c7a9f3,,unclassed,0.0,26,21,1e-06,,2026-08-24
205,0x3fc3bfe0e28824cdc964b8ba3ba97ac3c8d8ffb0,,unclassed,0.0,31,20,1e-06,,2026-08-24
206,0x59dc4e72ff68bd2fdcf904f7dea50ba34369c9dd,,unclassed,0.0,27,21,1e-06,,2026-08-24
207,0x5fd3e2915b3a726db50b6ff60f281f59a591ab3c,,unclassed,0.0,17,16,1e-06,,2026-08-24
208,0x6a82fe3f9471fdf7c8987b482737a44084dfe2cb,,unclassed,0.0,19,17,1e-06,,2026-08-24
209,0x7e5af504234a9a992009b4de3f5ca9c4fe0db5be,,unclassed,0.0,17,15,1e-06,,2026-08-24
210,0x8553670d4b9302a6c6499707e1ad742bd941f930,,unclassed,0.0,22,19,1e-06,,2026-08-24
211,0xb77bb730db97d8ced7d85b59dd702f83c65bd02c,,unclassed,0.0,15,13,1e-06,,2026-08-24
212,0xc87a34ea2051c052c9e4ccb4bfc5d308560abc68,,unclassed,0.0,20,17,1e-06,,2026-08-24
213,0xd07bb762a322029df4f4fb728af1c805591fc7d0,,unclassed,0.0,32,22,1e-06,,2026-08-24
