payee,hand_category
0x8a99fef40d17e0bd6d48ce088cc207847d1c0596,other
0x4ff893df9ab8603d5460fbbaee0d9b8c0fa4d5e9,content
0xbf22b6ddb5a08c823856a779f1004eea60c5ab92,content
0x400d65bb174c546ed92f5d61ce21fbde96b8bacc,compute
0x41364b9a1313edfa3adbb375776907cde1b7a0cf,other
0xc327d0aeb5f65b514b193b5e5a95cc6f4060815f,search
0xb0ae6a9bd7a573ddda58db6c28622417e8ca2099,search
0xa0bdc6cd7ec19c9d4f0c72fb2d79fb65d118d3ab,content
0xca1271e777c209e171826a681855351f4989cd0c,content
0x33661b8496075c3b8b2b69cb3e03bc3436808d78,content
0x84fa7ea8303d4f503267e2e998a3f7d980e814a5,content
0x8145671ca13d8b97b22238fb903d14e36e720428,content
0x1b24deac0951efcd6923f684b574fe9a4202cf1f,content
0x549c82e6bfc54bdae9a2073744cbc2af5d1fc6d1,content
0x175562431dfcb38ab3a1762b7fc1fbc08a93bbbb,content
0x01b41c2ec1579b562bab44ec5cb4c48f3f810a53,search
0xa40dadc75b69bee8325e8089258235213293f8f4,content
0x19ea1e953542d7ac76f042f8bdc94d81b964c53d,content
0x59959450bb3da79a8bc07cc078696d6cba3beb4a,content
0x3bf4f4914f78c3c2b2f2801f8ea717135b7d3bdf,content
0x8aa327403ed786ca56eb8f59c6c8831a8bd73485,content
0x21e16f1bc3aa847236354c8193d0cb21cf412efa,content
0x859af250df0b68bfd0768ca22142a1afa0abeaf4,content
0x6a706d6fcf192c15fb592d7502258ed41425dd36,content
0xfcc0d3d72d8689871979c3caa036ffabc5674bd0,other
0x5392451242c4f53db69c8e1a240e13de1b1e3907,content
0xb708af3bce13517357e498f8ffd277de93db9ef5,compute
0x45ac00db8bdd4b837abbbf75888cbdfe6b6d8943,other
0x985348d7ac42e771bdaa469d4f7ab57a8a2b7323,compute
0x079471e6f43b6feef80895e19cbfcbb496904852,compute
0xc122471a35f66366b2b3bfafb7fee19827dab637,content
0x6a4921474848d3fa168ee7fa87222547acc4712f,content
0xb5f08f2db7baa682f308baa02cf0edb35aca336a,content
0x9d0bb5da24cade855dee8d1231a1c416e0bb2ffe,content
0x2af91df69bd04ccf82d6477adc046c815b7ae129,content
0x8d64a4834e262d96d1264e8900b5a4f1405b8982,search
0xd1502efbd2674236508bf6d39c81c2abad21cb1e,search
0x7f985b1764f79faa42a4622bb605b23c8eb5abea,other
0x1e21dba6eeb902343e4128a1957eafb8cdf36f39,content
0x85df5380debe236ad6bf49de788243924b080267,data
0x1350a77befebbcc05f8e3a13cc6d4ad781c59d34,content
0x84a1827f1705c257e80771fdc2b152aea4a57a08,other
0xa954852f41aabb6e8577eb661449531472aed775,other
0xf69586f5e0e5b3b105a1937364d8b299877c9735,content
0x0bf63f37b0f512839c001548dc66a6a99bfc019b,content
