week_start,measure,source,category,items,median_usd,p25_usd,p75_usd,index_jevons,basket_items,entered,exited
2026-09-21,posted,CDP Bazaar snapshot 2026-09-27,content,260,0.02,0.008,0.03,100.0,260,260,0
2026-09-28,posted,CDP Bazaar snapshot 2026-09-30,content,291,0.02,0.01,0.03,99.543,249,42,11
2026-09-21,posted,CDP Bazaar snapshot 2026-09-27,data,10804,0.01,0.002,0.02,100.0,10804,10804,0
2026-09-28,posted,CDP Bazaar snapshot 2026-09-30,data,11144,0.01,0.002,0.02,99.969,10471,673,333
2026-09-21,posted,CDP Bazaar snapshot 2026-09-27,search,441,0.005,0.005,0.015,100.0,441,441,0
2026-09-28,posted,CDP Bazaar snapshot 2026-09-30,search,469,0.005,0.005,0.02,100.0,417,52,24
2026-09-21,posted,CDP Bazaar snapshot 2026-09-27,compute,3149,0.01,0.004,0.015,100.0,3149,3149,0
2026-09-28,posted,CDP Bazaar snapshot 2026-09-30,compute,4654,0.008,0.005,0.01,101.58,2978,1676,171
2026-09-21,posted,CDP Bazaar snapshot 2026-09-27,other,2796,0.01,0.004,0.01,100.0,2796,2796,0
2026-09-28,posted,CDP Bazaar snapshot 2026-09-30,other,2823,0.01,0.004,0.01,99.745,2668,155,128
2026-09-21,posted,CDP Bazaar snapshot 2026-09-27,large_ticket,0,,,,100.0,0,0,0
2026-09-28,posted,CDP Bazaar snapshot 2026-09-30,large_ticket,0,,,,,0,0,0
2026-09-21,posted,CDP Bazaar snapshot 2026-09-27,unclassed,0,,,,100.0,0,0,0
2026-09-28,posted,CDP Bazaar snapshot 2026-09-30,unclassed,0,,,,,0,0,0
2026-09-21,posted,CDP Bazaar snapshot 2026-09-27,all,17450,0.01,0.003,0.02,100.0,17450,17450,0
2026-09-28,posted,CDP Bazaar snapshot 2026-09-30,all,19381,0.01,0.003,0.02,100.212,16783,2598,667
2026-08-03,transacted,"Base chain, clean payments, payee median",content,10,0.00575,0.00115,0.01875,100.0,10,10,0
2026-08-10,transacted,"Base chain, clean payments, payee median",content,16,0.01,0.00145,0.0275,93.678,9,7,1
2026-08-17,transacted,"Base chain, clean payments, payee median",content,16,0.01,0.00125,0.02,100.621,13,3,3
2026-08-24,transacted,"Base chain, clean payments, payee median",content,24,0.01,0.004125,0.02,95.368,15,9,1
2026-08-31,transacted,"Base chain, clean payments, payee median",content,23,0.01,0.00175,0.0175,95.089,18,5,6
2026-09-07,transacted,"Base chain, clean payments, payee median",content,21,0.01,0.0025,0.02,98.822,18,3,5
2026-09-14,transacted,"Base chain, clean payments, payee median",content,23,0.01,0.0014,0.015,106.352,18,5,3
2026-09-21,transacted,"Base chain, clean payments, payee median",content,19,0.01,0.00175,0.02,104.879,16,3,7
2026-08-03,transacted,"Base chain, clean payments, payee median",data,157,0.01,0.002,0.015,100.0,157,157,0
2026-08-10,transacted,"Base chain, clean payments, payee median",data,234,0.006,0.002,0.01,83.732,138,96,19
2026-08-17,transacted,"Base chain, clean payments, payee median",data,257,0.01,0.002,0.02,90.046,192,65,42
2026-08-24,transacted,"Base chain, clean payments, payee median",data,319,0.01,0.002,0.01,80.287,234,85,23
2026-08-31,transacted,"Base chain, clean payments, payee median",data,320,0.01,0.003,0.02,84.547,257,63,62
2026-09-07,transacted,"Base chain, clean payments, payee median",data,334,0.0092,0.003,0.02,80.288,260,74,60
2026-09-14,transacted,"Base chain, clean payments, payee median",data,388,0.01,0.003,0.02,82.349,288,100,46
2026-09-21,transacted,"Base chain, clean payments, payee median",data,320,0.01,0.002,0.02,79.499,255,65,133
2026-08-03,transacted,"Base chain, clean payments, payee median",search,20,0.01,0.00275,0.0525,100.0,20,20,0
2026-08-10,transacted,"Base chain, clean payments, payee median",search,26,0.01,0.0055,0.045,100.0,12,14,8
2026-08-17,transacted,"Base chain, clean payments, payee median",search,25,0.007,0.005,0.01,72.247,16,9,10
2026-08-24,transacted,"Base chain, clean payments, payee median",search,32,0.00725,0.003375,0.0125,76.081,20,12,5
2026-08-31,transacted,"Base chain, clean payments, payee median",search,35,0.01,0.0045,0.01625,79.697,24,11,8
2026-09-07,transacted,"Base chain, clean payments, payee median",search,35,0.005,0.0035,0.01,85.392,27,8,8
2026-09-14,transacted,"Base chain, clean payments, payee median",search,48,0.00825,0.004,0.01,77.877,29,19,6
2026-09-21,transacted,"Base chain, clean payments, payee median",search,35,0.005,0.00325,0.01,79.818,27,8,21
2026-08-03,transacted,"Base chain, clean payments, payee median",compute,36,0.005,0.001525,0.0225,100.0,36,36,0
2026-08-10,transacted,"Base chain, clean payments, payee median",compute,55,0.01,0.00225,0.011,129.467,28,27,8
2026-08-17,transacted,"Base chain, clean payments, payee median",compute,63,0.01,0.002928,0.03,130.86,43,20,12
2026-08-24,transacted,"Base chain, clean payments, payee median",compute,90,0.01,0.003,0.01,158.912,49,41,14
2026-08-31,transacted,"Base chain, clean payments, payee median",compute,86,0.01,0.002,0.02765,146.312,62,24,28
2026-09-07,transacted,"Base chain, clean payments, payee median",compute,88,0.01,0.004375,0.0325,171.696,60,28,26
2026-09-14,transacted,"Base chain, clean payments, payee median",compute,130,0.01,0.004,0.02,149.32,75,55,13
2026-09-21,transacted,"Base chain, clean payments, payee median",compute,89,0.01,0.002,0.03829,152.005,67,22,63
2026-08-03,transacted,"Base chain, clean payments, payee median",other,57,0.01,0.002,0.015,100.0,57,57,0
2026-08-10,transacted,"Base chain, clean payments, payee median",other,88,0.005,0.001,0.01,64.789,45,43,12
2026-08-17,transacted,"Base chain, clean payments, payee median",other,92,0.01,0.0015,0.01,62.957,62,30,26
2026-08-24,transacted,"Base chain, clean payments, payee median",other,135,0.01,0.002,0.01,60.542,83,52,9
2026-08-31,transacted,"Base chain, clean payments, payee median",other,118,0.01,0.001,0.01,68.282,97,21,38
2026-09-07,transacted,"Base chain, clean payments, payee median",other,122,0.005,0.001,0.01,61.128,79,43,39
2026-09-14,transacted,"Base chain, clean payments, payee median",other,161,0.01,0.001,0.01,57.615,103,58,19
2026-09-21,transacted,"Base chain, clean payments, payee median",other,111,0.01,0.002,0.01,64.733,87,24,74
2026-08-03,transacted,"Base chain, clean payments, payee median",large_ticket,7,10.0,3.673606,10.3955,100.0,7,7,0
2026-08-10,transacted,"Base chain, clean payments, payee median",large_ticket,8,5.0,2.25517,10.19775,89.067,6,2,1
2026-08-17,transacted,"Base chain, clean payments, payee median",large_ticket,10,5.0,2.174905,10.59325,99.617,8,2,0
2026-08-24,transacted,"Base chain, clean payments, payee median",large_ticket,10,12.8975,6.614705,78.8,109.171,7,3,3
2026-08-31,transacted,"Base chain, clean payments, payee median",large_ticket,7,5.0,2.40296,17.8955,75.034,7,0,3
2026-09-07,transacted,"Base chain, clean payments, payee median",large_ticket,16,12.5,4.975,27.27,163.196,5,11,2
2026-09-14,transacted,"Base chain, clean payments, payee median",large_ticket,8,16.495,4.84375,62.47875,84.709,5,3,11
2026-09-21,transacted,"Base chain, clean payments, payee median",large_ticket,7,10.791,5.5,37.0525,135.204,6,1,2
2026-08-03,transacted,"Base chain, clean payments, payee median",unclassed,196,0.15,0.0175,0.4475,100.0,196,196,0
2026-08-10,transacted,"Base chain, clean payments, payee median",unclassed,192,0.3,0.019875,0.98,108.187,79,113,117
2026-08-17,transacted,"Base chain, clean payments, payee median",unclassed,133,0.1,0.007,0.85,111.489,67,66,125
2026-08-24,transacted,"Base chain, clean payments, payee median",unclassed,155,0.09,0.008675,0.465,93.225,68,87,65
2026-08-31,transacted,"Base chain, clean payments, payee median",unclassed,183,0.1,0.01,0.95,80.248,74,109,81
2026-09-07,transacted,"Base chain, clean payments, payee median",unclassed,167,0.09,0.01,0.3415,67.72,74,93,109
2026-09-14,transacted,"Base chain, clean payments, payee median",unclassed,152,0.1075,0.01,0.3745,78.817,61,91,106
2026-09-21,transacted,"Base chain, clean payments, payee median",unclassed,106,0.1,0.01,0.28,70.105,41,65,111
2026-08-03,transacted,"Base chain, clean payments, payee median",all,483,0.01,0.0045,0.15,100.0,483,483,0
2026-08-10,transacted,"Base chain, clean payments, payee median",all,619,0.01,0.003,0.1,90.436,317,302,166
2026-08-17,transacted,"Base chain, clean payments, payee median",all,596,0.01,0.003,0.04,93.015,401,195,218
2026-08-24,transacted,"Base chain, clean payments, payee median",all,765,0.01,0.003,0.02,86.992,476,289,120
2026-08-31,transacted,"Base chain, clean payments, payee median",all,772,0.01,0.003,0.05,88.158,539,233,226
2026-09-07,transacted,"Base chain, clean payments, payee median",all,783,0.01,0.003,0.05,85.062,523,260,249
2026-09-14,transacted,"Base chain, clean payments, payee median",all,910,0.01,0.003,0.03,84.383,579,331,204
2026-09-21,transacted,"Base chain, clean payments, payee median",all,687,0.01,0.002,0.03,84.517,499,188,411
