payee,category,basis,weeks_reviewed,median_payment_usd_latest,ticket_tiers,payers_latest,sweep_summary,threshold_usd
0xffde1acbac169f822dabc3d97d6d7127dcae6003,large_ticket,UNIDENTIFIED large ticket: median payment above p99 of posted per-call prices,2026-09-07 2026-09-21 2026-08-24,1042.5,"$123.75×1, $41.25×1, $840×1",6,"0x97885e28… (EOA) $58,210; 0x6378c36c… (USDCTokenPool) $45,498; 0xfe38addc… (USDCTokenPoolProxy) $28,751","1.25 (p99 posted, Bazaar 2026-09-30)"
0x7f219652fa3bde3d5c0cd30f0c0cfd87dfc4c605,large_ticket,UNIDENTIFIED large ticket: median payment above p99 of posted per-call prices,2026-09-07,500.0,$500×4,2,"0x0a2854fb… (contract) $4,203; 0xd2f74a14… (EOA) $1,148; 0x98ced6ce… (EOA) $500","1.25 (p99 posted, Bazaar 2026-09-30)"
0x7353a2227e82170ec8b6036cd97b6f93e3235cfd,large_ticket,UNIDENTIFIED large ticket: median payment above p99 of posted per-call prices,2026-09-14,100.0,$100×5,4,0x6d6e695b… (EOA) $0; 0xfad67ce5… (EOA) $0; 0x7dd5be06… (EOA) $0,"1.25 (p99 posted, Bazaar 2026-09-30)"
0xcc74a6404d54de40572e67dc4fa03c6280e68ae3,large_ticket,UNIDENTIFIED large ticket: median payment above p99 of posted per-call prices,2026-08-31 2026-09-14,84.915,"$99.9×1, $3.33×1, $69.93×1, $269.73×1",4,"0xe7d6dbf0… (EOA) $9,882; 0x85801314… (contract) $6,015; 0xc1fd8566… (EOA) $1,450","1.25 (p99 posted, Bazaar 2026-09-30)"
0x0ad624d12b61591ba2d66b46602299e82f6e14db,large_ticket,UNIDENTIFIED large ticket: median payment above p99 of posted per-call prices,2026-09-07,48.645,"$37×1, $60.29×1",2,no outgoing USDC in newest 50,"1.25 (p99 posted, Bazaar 2026-09-30)"
0x2be87df452c9b30c9f958eed340f051b475e4133,large_ticket,UNIDENTIFIED large ticket: median payment above p99 of posted per-call prices,2026-08-31 2026-09-07,47.34,"$19.83×1, $15.56×1, $47.34×1, $48.69×1",2,0xee7ae85f… (ERC1967Proxy) $923,"1.25 (p99 posted, Bazaar 2026-09-30)"
0xbf67fd717aada7bfb40056ffca820e5710227a2b,large_ticket,UNIDENTIFIED large ticket: median payment above p99 of posted per-call prices,2026-09-07,20.58,"$9.8×1, $31.36×1",2,0xee7ae85f… (ERC1967Proxy) $763,"1.25 (p99 posted, Bazaar 2026-09-30)"
0xa931d1fd0f87191e3cd71e68c6a6f39e588cb4fe,large_ticket,UNIDENTIFIED large ticket: median payment above p99 of posted per-call prices,2026-09-07,15.165,"$20×1, $10.33×1",2,0x7f47db3f… (EOA) $500; 0xa78acb6a… (EOA) $200; 0x337685fd… (MayanForwarder2) $147,"1.25 (p99 posted, Bazaar 2026-09-30)"
0x94dfcb159041e333c4eff251c33b3f07093c3036,large_ticket,UNIDENTIFIED large ticket: median payment above p99 of posted per-call prices,2026-09-07,15.0,$15×6,4,0x0b62400b… (EOA) $45; 0x817e2402… (EOA) $15; 0x48e1ed0b… (contract) $15,"1.25 (p99 posted, Bazaar 2026-09-30)"
0x93862e5b2b1fa10a01772e7e9ca7cdc7deb5ca25,large_ticket,UNIDENTIFIED large ticket: median payment above p99 of posted per-call prices,2026-08-31 2026-09-07 2026-09-14 2026-09-21 2026-08-24,10.791,"$10.791×285, $18×256, $2.691×45, $1.791×1",123,"0x8b29dabd… (EOA) $17,473; 0xf4ab7093… (EOA) $1,614","1.25 (p99 posted, Bazaar 2026-09-30)"
0x5b9acf47eda712cdc7ec4b499646f6c236d880c7,large_ticket,UNIDENTIFIED large ticket: median payment above p99 of posted per-call prices,2026-08-31 2026-09-07,10.0,"$10×3, $48×1, $1×1",5,0xdc987f04… (EOA) $700,"1.25 (p99 posted, Bazaar 2026-09-30)"
0x41bb09043062a90598fcfe2e82a2b951f1971dee,large_ticket,UNIDENTIFIED large ticket: median payment above p99 of posted per-call prices,2026-09-07,9.99,"$4.99×6, $19.99×5, $9.99×4, $119.99×2",8,no outgoing USDC in newest 50,"1.25 (p99 posted, Bazaar 2026-09-30)"
0x21dd37e3e4ea6ccc0a5c98a4944702ede6e7be10,large_ticket,UNIDENTIFIED large ticket: median payment above p99 of posted per-call prices,2026-08-31 2026-09-07,5.0,$5×35,15,"0x09aea4b2… (ERC1967Proxy) $1,284; 0xac607222… (EOA) $1,000; 0x18611255… (EOA) $1,000","1.25 (p99 posted, Bazaar 2026-09-30)"
0x7827db6188826f33da7c234ff75916eadca00a0f,large_ticket,UNIDENTIFIED large ticket: median payment above p99 of posted per-call prices,2026-09-07,5.0,$5×2,2,no outgoing USDC in newest 50,"1.25 (p99 posted, Bazaar 2026-09-30)"
0x98e74178bfbd97c28c9e2b0046ff39b68bf52f96,large_ticket,UNIDENTIFIED large ticket: median payment above p99 of posted per-call prices,2026-09-07,4.9,"$4.9×2, $0.98×1",3,0x24ef2482… (EOA) $120; 0x5649d7b1… (EOA) $10; 0x264c552f… (EOA) $4,"1.25 (p99 posted, Bazaar 2026-09-30)"
0x5ca3647cedc9c22bc1541467277669dfdeca2932,large_ticket,UNIDENTIFIED large ticket: median payment above p99 of posted per-call prices,2026-09-07,3.0,"$1×3, $10×2, $5×1, $3×1",2,0x6166ba7f… (EOA) $55; 0x120aafa3… (EOA) $36; 0x0966284a… (EOA) $12,"1.25 (p99 posted, Bazaar 2026-09-30)"
0x634bc40f8b83e995ed16874f364b761643d40b48,large_ticket,UNIDENTIFIED large ticket: median payment above p99 of posted per-call prices,2026-09-07,2.058,"$2.156×1, $1.96×1",2,0x17fe9197… (ERC1967Proxy) $110,"1.25 (p99 posted, Bazaar 2026-09-30)"
0xf5a1b98b976ed10c985802677e475b234912cd6d,large_ticket,UNIDENTIFIED large ticket: median payment above p99 of posted per-call prices,2026-09-07,1.96,$1.96×2,2,0xa7b9874d… (EOA) $514,"1.25 (p99 posted, Bazaar 2026-09-30)"
0xb0af3ccf9154f81af07a194150113523767d7de0,large_ticket,UNIDENTIFIED large ticket: median payment above p99 of posted per-call prices,2026-08-31,1.560919,"$0.391913×105, $0.03999×101, $0.154077×88, $0.059986×55",9,0x84dbe2f2… (EOA) $121; 0x1061bd9a… (EOA) $42; 0xc43bae79… (EOA) $28,"1.25 (p99 posted, Bazaar 2026-09-30)"
0xed9fcd0d36d1fc847b6489865261ccbbbf299902,large_ticket,UNIDENTIFIED large ticket: median payment above p99 of posted per-call prices,2026-09-14,1.375,"$0.33×11, $4.29×11, $6.677×11, $8.547×11",12,0x4ab54ed1… (EOA) $19; 0xeade1ef8… (EOA) $11; 0x6f8c5b02… (contract) $2,"1.25 (p99 posted, Bazaar 2026-09-30)"
0x13f9c2d7414fb7d1faf8511635da2a2b77bfd92a,,no supporting evidence: median payment within per-call range; left unclassed,2026-09-07,1.215,"$1.19×1, $1.24×1",2,0x16c0abfc… (contract) $315; 0x6667c8dc… (contract) $113; 0x4997a12d… (PMMAdapter) $70,"1.25 (p99 posted, Bazaar 2026-09-30)"
0x38b069b3fbb0ba41014e4d5dd38dc7f9506abd95,,no supporting evidence: median payment within per-call range; left unclassed,2026-09-07,1.14,"$1.14×3, $1.22×1, $4.5×1",5,no outgoing USDC in newest 50,"1.25 (p99 posted, Bazaar 2026-09-30)"
0x85b47b40455ab2bd7921f76dce841b48c82d627c,,no supporting evidence: median payment within per-call range; left unclassed,2026-08-31 2026-09-07 2026-09-14 2026-08-24,1.129878,"$3×49, $1.8×43, $0.090396×8, $0.15066×7",2,"0xa39ce1c2… (EOA) $5,940","1.25 (p99 posted, Bazaar 2026-09-30)"
0x47d3394c7234714e4b9e9b74827c12be847f9dda,,no supporting evidence: median payment within per-call range; left unclassed,2026-08-31 2026-09-07 2026-09-14 2026-08-24,1.0,"$1×1160, $0.5×535, $0.8×276, $2.5×199",25,"0x0dcc5264… (EOA) $14,050","1.25 (p99 posted, Bazaar 2026-09-30)"
0x155b0f980ba3125e9d1bf98a29586d1d70117629,,no supporting evidence: median payment within per-call range; left unclassed,2026-09-07,1.0,$1×20,4,0x6cab485f… (contract) $66; 0x95dd87be… (contract) $7,"1.25 (p99 posted, Bazaar 2026-09-30)"
0xa0af9ed64c8fe5d00ce879badd40e94b47db2542,,no supporting evidence: median payment within per-call range; left unclassed,2026-09-07,1.0,"$1×6, $3.65179×1",6,no outgoing USDC in newest 50,"1.25 (p99 posted, Bazaar 2026-09-30)"
0x9b3380770de0c0c5fa93174e4c6a2a5a55da7bab,,no supporting evidence: median payment within per-call range; left unclassed,2026-09-07,1.0,$1×4,2,no outgoing USDC in newest 50,"1.25 (p99 posted, Bazaar 2026-09-30)"
0x8a87647bbda8032c802b198e8e7413350be8ce9a,,no supporting evidence: median payment within per-call range; left unclassed,2026-09-07,1.0,"$1×2, $0.001×1, $1.5×1",2,no outgoing USDC in newest 50,"1.25 (p99 posted, Bazaar 2026-09-30)"
0x0550f1f1ad91b354fa1fb0673e5d25afa0b1a1a4,,no supporting evidence: median payment within per-call range; left unclassed,2026-09-07,1.0,$1×2,2,no outgoing USDC in newest 50,"1.25 (p99 posted, Bazaar 2026-09-30)"
0x95ec5b9eb80cb275ab6e6015b624f86fbeb573eb,,no supporting evidence: median payment within per-call range; left unclassed,2026-08-31 2026-09-07,0.98,$0.98×3,3,0xe3b205da… (EOA) $517,"1.25 (p99 posted, Bazaar 2026-09-30)"
0xaa4e3bd56446f190e89066f850cfb0c2c80bd0c9,,no supporting evidence: median payment within per-call range; left unclassed,2026-09-07,0.98,"$0.98×1, $4.9×1, $0.9×1",3,0xa4824853… (EOA) $516; 0x31cca7bb… (contract) $49; 0x63f08cbf… (contract) $44,"1.25 (p99 posted, Bazaar 2026-09-30)"
0xc7acd120010b07693a59d611c9ae9a2b0bf4568d,,no supporting evidence: median payment within per-call range; left unclassed,2026-09-07,0.98,"$0.98×3, $1.96×1",4,0xd2889d6e… (EOA) $102; 0x44f5c82e… (EOA) $14; 0x469c527d… (EOA) $12,"1.25 (p99 posted, Bazaar 2026-09-30)"
0x2ebc005320ad70490eebbd752eaeef08e0a881c2,,no supporting evidence: median payment within per-call range; left unclassed,2026-09-07,0.98,$0.98×3,3,0x97b9d210… (EOA) $53,"1.25 (p99 posted, Bazaar 2026-09-30)"
0x894da4c9f416b7ec965ad9cf5d4de12982c52174,,no supporting evidence: median payment within per-call range; left unclassed,2026-09-07,0.98,$0.98×2,2,0x97b9d210… (EOA) $171,"1.25 (p99 posted, Bazaar 2026-09-30)"
0x59f3ffb6ece340a31632cbd43be4b499f032e249,,no supporting evidence: median payment within per-call range; left unclassed,2026-09-07,0.98,$0.98×2,2,0x0d070796… (EOA) $60,"1.25 (p99 posted, Bazaar 2026-09-30)"
0x31b25607fb6f0d358b72bc11ca9a0350c8bdebc5,,no supporting evidence: median payment within per-call range; left unclassed,2026-09-07,0.98,$0.98×2,2,0x1b9cf718… (EOA) $5; 0x00000000… (RainbowRouter) $5; 0x006d0e0d… (contract) $3,"1.25 (p99 posted, Bazaar 2026-09-30)"
0xc711ed3d5a1de3cf4a13a080f40cc7b2e673a69e,,no supporting evidence: median payment within per-call range; left unclassed,2026-09-07,0.9015,"$0.816×1, $0.987×1",2,0x464c3902… (contract) $12; 0xc8aa6b57… (EOA) $8; 0xa618b709… (EOA) $4,"1.25 (p99 posted, Bazaar 2026-09-30)"
0xe72f8a2b1d39f68559f09fb1aa096cb899d607b9,,no supporting evidence: median payment within per-call range; left unclassed,2026-09-07,0.9,$0.9×5,5,0x38b069b3… (EOA) $4,"1.25 (p99 posted, Bazaar 2026-09-30)"
0x26c2ebffb2b332e5c188b1e33d4c7fa1a0ce0937,,no supporting evidence: median payment within per-call range; left unclassed,2026-09-07,0.83,"$0.4×1, $1.26×1",2,0xee7ae85f… (ERC1967Proxy) $500,"1.25 (p99 posted, Bazaar 2026-09-30)"
0x22951201eb449b8c5b270b2fbd9a284255f6da57,,no supporting evidence: median payment within per-call range; left unclassed,2026-09-07,0.686,"$0.71×1, $0.19×1, $0.686×1",2,0xa4824853… (EOA) $10; 0x8f38629a… (contract) $7; 0x2a1a1977… (contract) $1,"1.25 (p99 posted, Bazaar 2026-09-30)"
0x2bd7013be60facba3a9e117bc6dd0bee2d71d481,,no supporting evidence: median payment within per-call range; left unclassed,2026-09-07,0.62,"$0.57×1, $0.67×1",2,0xee7ae85f… (ERC1967Proxy) $46,"1.25 (p99 posted, Bazaar 2026-09-30)"
0xf34e807e14ef6dd029d2b5aab992ca108c2e70ed,,no supporting evidence: median payment within per-call range; left unclassed,2026-09-07,0.588,"$0.588×3, $0.49×3, $1.568×1",7,0xd71fd282… (contract) $34; 0x06959273… (UniswapV3Pool) $16; 0x4aa2da27… (EOA) $12,"1.25 (p99 posted, Bazaar 2026-09-30)"
0x41bff60e2971b568cfc3d40a242444476c5dbfc9,,no supporting evidence: median payment within per-call range; left unclassed,2026-09-07,0.588,"$0.588×3, $0.686×1, $1.568×1",5,0x7dae8b5e… (EOA) $29; 0x303799cb… (EOA) $1,"1.25 (p99 posted, Bazaar 2026-09-30)"
0xe6c7a59e8f9ff0db34eb416d9de9969673df0fb9,,no supporting evidence: median payment within per-call range; left unclassed,2026-09-07,0.588,"$0.49×1, $0.686×1",2,0x97b9d210… (EOA) $18,"1.25 (p99 posted, Bazaar 2026-09-30)"
0x49c889e482dc6dae180dac263916211f7c5d818a,,no supporting evidence: median payment within per-call range; left unclassed,2026-09-07,0.584,"$0.58×1, $0.588×1",2,0x0a2854fb… (contract) $1,"1.25 (p99 posted, Bazaar 2026-09-30)"
0x648d637af535ead6cee192b232c19ffe399281ab,,no supporting evidence: median payment within per-call range; left unclassed,2026-09-07,0.55,"$0.55×2, $0.01×1",2,no outgoing USDC in newest 50,"1.25 (p99 posted, Bazaar 2026-09-30)"
0x87caed4e51c36a2c2ece3aaf4ddac9693d2405e1,,no supporting evidence: median payment within per-call range; left unclassed,2026-09-07,0.540804,"$0.007211×2, $5.35035×1, $0.759024×1, $0.072107×1",3,0x1231deb6… (LiFiDiamond) $45; 0xa2089822… (DLEERC1967Proxy) $43; 0x6cc9e08b… (EOA) $26,"1.25 (p99 posted, Bazaar 2026-09-30)"
0xd219db8179bb9c1899ef87f39eeba9d1070c6801,,no supporting evidence: median payment within per-call range; left unclassed,2026-09-07,0.54,$0.54×34,6,no outgoing USDC in newest 50,"1.25 (p99 posted, Bazaar 2026-09-30)"
0xcf19bafccbf27369ceea7ff0f60c891dec1a0830,,no supporting evidence: median payment within per-call range; left unclassed,2026-09-07,0.505,"$0.686×2, $0.53×1, $0.48×1, $0.4×1",5,0x337685fd… (MayanForwarder2) $27; 0x74005194… (contract) $19; 0xd2889d6e… (EOA) $13,"1.25 (p99 posted, Bazaar 2026-09-30)"
0x12cd84b102bfc1f2a4d6257c5bf14aca9acd6a4b,,no supporting evidence: median payment within per-call range; left unclassed,2026-09-07,0.505,"$0.53×1, $0.48×1",2,0xee7ae85f… (ERC1967Proxy) $25,"1.25 (p99 posted, Bazaar 2026-09-30)"
0xea09413c62f6f25df7463341cc42ead470373205,,no supporting evidence: median payment within per-call range; left unclassed,2026-09-07,0.5,"$1×1, $0.5×1, $0.1×1",3,0xa05e3b18… (EOA) $550; 0x9008d19f… (GPv2Settlement) $500; 0xc7cb34f8… (EOA) $2,"1.25 (p99 posted, Bazaar 2026-09-30)"
0x1c233157caf59768b0503268dbbd647e51ee644a,,no supporting evidence: median payment within per-call range; left unclassed,2026-09-07,0.5,$0.5×2,2,0xf5042e6f… (RelayRouter) $40; 0xeeeeee9e… (ERC20Router) $10; 0xfe8f776d… (EOA) $1,"1.25 (p99 posted, Bazaar 2026-09-30)"
0x0d2c87e1dcbf97e5fea97d047e50b11457ae7d9c,,no supporting evidence: median payment within per-call range; left unclassed,2026-09-07,0.49,"$0.49×12, $0.588×1",13,0x337685fd… (MayanForwarder2) $6,"1.25 (p99 posted, Bazaar 2026-09-30)"
0xe65000a6e3dee33022fa5c7384faa4cb90725ff9,,no supporting evidence: median payment within per-call range; left unclassed,2026-09-07,0.49,$0.49×4,4,0x337685fd… (MayanForwarder2) $2,"1.25 (p99 posted, Bazaar 2026-09-30)"
0x9e5c9cb250d5ac23bde6f1925ceba170061e1b02,,no supporting evidence: median payment within per-call range; left unclassed,2026-09-07,0.48,"$0.48×1, $0.686×1, $0.36×1",2,0xcf19bafc… (contract) $27; 0xbe2d2f66… (EOA) $1,"1.25 (p99 posted, Bazaar 2026-09-30)"
0xbcbd4963a5b088996f5e26cf0fef38425a00820c,,no supporting evidence: median payment within per-call range; left unclassed,2026-09-07,0.43,"$0.43×7, $0.87×4, $26×1",3,0x0e1031f3… (EOA) $34; 0xdc048ea1… (EOA) $28; 0x4cd00e38… (RelayDepository) $24,"1.25 (p99 posted, Bazaar 2026-09-30)"
0x2d08dabd1c0e435920e11498ccb4cb6af84153e2,,no supporting evidence: median payment within per-call range; left unclassed,2026-09-07,0.405,"$0.42×1, $0.39×1",2,0xc287b699… (EOA) $7,"1.25 (p99 posted, Bazaar 2026-09-30)"
0x34f486ec2a378125bf07aa17908b8c97ed610eac,,no supporting evidence: median payment within per-call range; left unclassed,2026-09-07,0.3975,"$0.207×1, $0.588×1",2,0x3236dfef… (EOA) $7; 0x2e2f68b0… (EOA) $2; 0x4cd00e38… (RelayDepository) $1,"1.25 (p99 posted, Bazaar 2026-09-30)"
0x7c8ff7e324cc5241a5f30822c460d66ea78ccf99,,no supporting evidence: median payment within per-call range; left unclassed,2026-09-07,0.3865,"$0.087×1, $0.686×1",2,0xa4824853… (EOA) $10; 0x8f38629a… (contract) $5; 0x2a1a1977… (contract) $1,"1.25 (p99 posted, Bazaar 2026-09-30)"
0xdf3d160b4720f3a72148ad1106acd7ebeeefd85f,,no supporting evidence: median payment within per-call range; left unclassed,2026-09-07,0.359,"$0.13×1, $0.588×1",2,0xb7ec5ae1… (contract) $9; 0x018ee3c1… (EOA) $2; 0x8b5358d6… (EOA) $2,"1.25 (p99 posted, Bazaar 2026-09-30)"
0x47722077234ec5b3064f689ebf0ee8de0cb56bb3,,no supporting evidence: median payment within per-call range; left unclassed,2026-09-07,0.3538,"$0.588×1, $0.1196×1",2,0x445cc238… (contract) $7; 0x136e729a… (EOA) $5; 0x2dbfe575… (contract) $4,"1.25 (p99 posted, Bazaar 2026-09-30)"
0xb80cebc30343e9a1fb3c3c57cbe1a5a4f8087761,,no supporting evidence: median payment within per-call range; left unclassed,2026-09-07,0.343,"$0.098×1, $0.588×1",2,0x74a4cd02… (CreditVault) $2; 0x11111605… (contract) $2; 0x0c0988e8… (ERC1967Proxy) $1,"1.25 (p99 posted, Bazaar 2026-09-30)"
0x9c5418416110008a587d6bcdffba580dea208356,,no supporting evidence: median payment within per-call range; left unclassed,2026-09-07,0.34,"$0.588×1, $0.26×1, $0.34×1",2,0xd2889d6e… (EOA) $30; 0x1231deb6… (LiFiDiamond) $9; 0x77e7c5cb… (EOA) $9,"1.25 (p99 posted, Bazaar 2026-09-30)"
0x315f827fa70c7ce27c1126bb9d83a7a036cf779e,,no supporting evidence: median payment within per-call range; left unclassed,2026-09-07,0.3,"$0.1×1, $0.5×1",2,0xabf4fabd… (contract) $0,"1.25 (p99 posted, Bazaar 2026-09-30)"
0x9a07e9d85ec924a96a5c089d38e9caf2dda52244,,no supporting evidence: median payment within per-call range; left unclassed,2026-09-07,0.287,"$0.28×1, $0.294×1",2,0x49fb9c16… (BaseSettler) $3; 0xbb8dd18f… (contract) $1; 0x8d77fcd1… (EOA) $1,"1.25 (p99 posted, Bazaar 2026-09-30)"
0x797290a4c7891d56da4e78e6afb63f2082e3ec9d,,no supporting evidence: median payment within per-call range; left unclassed,2026-09-07,0.28,"$0.28×5, $0.08×2",7,0x64188b83… (EOA) $110; 0xf29cf131… (contract) $13; 0x460b03fd… (EOA) $5,"1.25 (p99 posted, Bazaar 2026-09-30)"
0x96ac2cc7c4b3d3b0ceaa833ee2c67aca209bceb3,,no supporting evidence: median payment within per-call range; left unclassed,2026-09-07,0.28,"$0.28×2, $0.12×1",3,0xee7ae85f… (ERC1967Proxy) $59,"1.25 (p99 posted, Bazaar 2026-09-30)"
0x7a1611404417ed8ca2c52d88f866e3d90296493f,,no supporting evidence: median payment within per-call range; left unclassed,2026-09-07,0.28,$0.28×2,2,0x7ec9e2d3… (EOA) $1; 0x127a0b02… (EOA) $1; 0x4cdb63f6… (EOA) $1,"1.25 (p99 posted, Bazaar 2026-09-30)"
0xdc758e91680f9d955518d2108694e0bf82f7ca63,,no supporting evidence: median payment within per-call range; left unclassed,2026-09-07,0.275,"$0.18×1, $0.37×1",2,0xe3b205da… (EOA) $18,"1.25 (p99 posted, Bazaar 2026-09-30)"
0xa7287aec98281bdc40dd87a00854fa54218c1aa4,,no supporting evidence: median payment within per-call range; left unclassed,2026-09-07,0.27,"$0.34×1, $0.2×1",2,0xee7ae85f… (ERC1967Proxy) $14,"1.25 (p99 posted, Bazaar 2026-09-30)"
0xfa45c1c9e6e21bfc7fc6ca21efefae60627ce3d7,,no supporting evidence: median payment within per-call range; left unclassed,2026-09-07,0.26,"$0.24×1, $0.28×1",2,0x3920187e… (contract) $94; 0x359beaf5… (contract) $67,"1.25 (p99 posted, Bazaar 2026-09-30)"
0x39a7b6fa1597bb6657fe84e64e3b836c37d6f75d,,no supporting evidence: median payment within per-call range; left unclassed,2026-09-07,0.25,$0.25×2,2,0xaaf88ae8… (EOA) $699; 0x5b85b056… (EOA) $639; 0x8bf5941d… (contract) $100,"1.25 (p99 posted, Bazaar 2026-09-30)"
0xd4bf214e1c1f7ec0e798eea554d1a1157158ff2b,,no supporting evidence: median payment within per-call range; left unclassed,2026-09-07,0.2,$0.2×33,14,0x337685fd… (MayanForwarder2) $121; 0x52418318… (contract) $6; 0x9e369486… (PAmm1010Adapter) $4,"1.25 (p99 posted, Bazaar 2026-09-30)"
0x83967a938f6869b31a227442b5207a7601d86c93,,no supporting evidence: median payment within per-call range; left unclassed,2026-09-07,0.2,"$0.2×3, $0.208×1",4,0x97b9d210… (EOA) $258,"1.25 (p99 posted, Bazaar 2026-09-30)"
0x94e6e217611e2466a2d7958b786916b197b11f36,,no supporting evidence: median payment within per-call range; left unclassed,2026-09-07,0.1925,"$0.205×1, $0.18×1",2,0xee7ae85f… (ERC1967Proxy) $32,"1.25 (p99 posted, Bazaar 2026-09-30)"
0xa1a181695116221a0e4e981d2547fdb6cdca8c2b,,no supporting evidence: median payment within per-call range; left unclassed,2026-09-07,0.18,$0.18×3,3,0x97b9d210… (EOA) $5,"1.25 (p99 posted, Bazaar 2026-09-30)"
0x2034753f1233ddeda04c8c3da39260bf991f2fae,,no supporting evidence: median payment within per-call range; left unclassed,2026-09-07,0.18,$0.18×2,2,0x90ec1a61… (EOA) $3; 0xdc758e91… (EOA) $0; 0x1431a714… (EOA) $0,"1.25 (p99 posted, Bazaar 2026-09-30)"
0x718ef566e55875e34bcae8bb5674f3bc25094e21,,no supporting evidence: median payment within per-call range; left unclassed,2026-09-07,0.174,"$0.08×1, $0.368×1, $0.128×1, $0.22×1",2,0xf0f0f0f0… (ElfomoFi) $2; 0xaf6e4e31… (EOA) $2; 0x260fe6e4… (EOA) $2,"1.25 (p99 posted, Bazaar 2026-09-30)"
0xf39be1b0c9e702844ee809b4f31d744f335f10c7,,no supporting evidence: median payment within per-call range; left unclassed,2026-09-07,0.16,"$0.2×1, $0.12×1",2,0x3920187e… (contract) $6,"1.25 (p99 posted, Bazaar 2026-09-30)"
0xec9641ebdcdfcad27bc10472d26bdd61cbf71d5c,,no supporting evidence: median payment within per-call range; left unclassed,2026-09-07,0.15,"$0.15×67, $0.05×1",2,no outgoing USDC in newest 50,"1.25 (p99 posted, Bazaar 2026-09-30)"
0x71a869960c5486e94a8b7018b18a45d604f6843a,,no supporting evidence: median payment within per-call range; left unclassed,2026-09-07,0.15,"$0.1×1, $0.2×1",2,0x66454a6e… (contract) $1; 0xb92fe925… (RelayRouterV3) $0; 0x4cd00e38… (RelayDepository) $0,"1.25 (p99 posted, Bazaar 2026-09-30)"
0x3b0b12707d9564b92a4ad1720797c1e213aab54a,,no supporting evidence: median payment within per-call range; left unclassed,2026-09-07,0.148,"$0.1×1, $0.196×1",2,0xd8da76d3… (EOA) $2; 0x4ff53ccd… (contract) $1; 0x8be8b550… (EOA) $0,"1.25 (p99 posted, Bazaar 2026-09-30)"
0x1222f2758378625c99efe88a7032bc93f89d5028,,no supporting evidence: median payment within per-call range; left unclassed,2026-09-07,0.1415,"$0.087×1, $0.196×1",2,0xc328119e… (EOA) $6,"1.25 (p99 posted, Bazaar 2026-09-30)"
0x28395ea918485bd5a00b7847c478ef7ea3bc14f6,,no supporting evidence: median payment within per-call range; left unclassed,2026-09-07,0.14,"$0.15×4, $0.13×4, $0.5×2, $0.1×2",3,0x997709a7… (EOA) $0,"1.25 (p99 posted, Bazaar 2026-09-30)"
0x6bfd758bf04e4a67692574a44329d824963851f7,,no supporting evidence: median payment within per-call range; left unclassed,2026-09-07,0.138,"$0.08×1, $0.196×1",2,0x55173cf9… (contract) $7; 0x03f60465… (EOA) $0,"1.25 (p99 posted, Bazaar 2026-09-30)"
0xa2e500e1ce6c7bb01b8dd447b1fa7a923ca6f4e2,,no supporting evidence: median payment within per-call range; left unclassed,2026-09-07,0.129,"$0.178×1, $0.08×1",2,no outgoing USDC in newest 50,"1.25 (p99 posted, Bazaar 2026-09-30)"
0x17e0e7156403beb6e73223d81bb78cba3d29e695,,no supporting evidence: median payment within per-call range; left unclassed,2026-09-07,0.1285,"$0.083×1, $0.174×1",2,0x3563015e… (EOA) $43,"1.25 (p99 posted, Bazaar 2026-09-30)"
0x2ff3cf8d6ffd3a357d33d52a2e36981c40bf8e90,,no supporting evidence: median payment within per-call range; left unclassed,2026-09-07,0.1275,"$0.08×1, $0.175×1",2,0xe3b205da… (EOA) $2,"1.25 (p99 posted, Bazaar 2026-09-30)"
0x97ef1cc202cbea15c46693ac53178aa90c7566fc,,no supporting evidence: median payment within per-call range; left unclassed,2026-09-07,0.12,"$0.12×5, $0.24×2, $0.128×1",2,0xee7ae85f… (ERC1967Proxy) $42,"1.25 (p99 posted, Bazaar 2026-09-30)"
0x7941582afbf097cbcba3fee8b7cac1a8bc329139,,no supporting evidence: median payment within per-call range; left unclassed,2026-09-07,0.12,"$0.12×2, $0.24×2, $0.072×1",2,no outgoing USDC in newest 50,"1.25 (p99 posted, Bazaar 2026-09-30)"
0x656d7af2821d42211217a15d88913d3a3ee9a24d,,no supporting evidence: median payment within per-call range; left unclassed,2026-09-07,0.11,"$0.09×1, $0.71×1, $0.73×1, $0.11×1",5,0x44f04b27… (EOA) $13; 0x8f10b468… (contract) $10; 0x59c7c832… (AugustusSwapper) $8,"1.25 (p99 posted, Bazaar 2026-09-30)"
0x5d5e0cf1cd611ff6f08e9c5a11cd068ab9b63085,,no supporting evidence: median payment within per-call range; left unclassed,2026-09-07,0.1,"$0.1×13, $2.5×1",7,"0x02a878aa… (SafeProxy) $5,002; 0x02118500… (EOA) $2,952; 0xfd221c83… (EOA) $3","1.25 (p99 posted, Bazaar 2026-09-30)"
0xbe683fa884b75cd5cac20a13772ef8fffa716ad6,,no supporting evidence: median payment within per-call range; left unclassed,2026-09-07,0.1,"$0.1×7, $0.2×2, $1×1",3,"0x2179089d… (EOA) $5,967","1.25 (p99 posted, Bazaar 2026-09-30)"
0xb059eac9330dc5f23f5346a81348af1e99f379bd,,no supporting evidence: median payment within per-call range; left unclassed,2026-09-07,0.1,$0.1×12,10,no outgoing USDC in newest 50,"1.25 (p99 posted, Bazaar 2026-09-30)"
0xa95b17ffa78cc32a836a2120992f629dd6ecc5fa,,no supporting evidence: median payment within per-call range; left unclassed,2026-09-07,0.1,$0.1×8,6,no outgoing USDC in newest 50,"1.25 (p99 posted, Bazaar 2026-09-30)"
0x44ed8c10293f70351b5573b07ec76a8f53175b33,,no supporting evidence: median payment within per-call range; left unclassed,2026-09-07,0.1,"$0.1×7, $0.08×1",8,0xbe10313a… (EOA) $2; 0xdd5a4ca8… (EOA) $1; 0x4782a026… (EOA) $1,"1.25 (p99 posted, Bazaar 2026-09-30)"
0xec643c22e089be9a23a282c532e6557ae08b8902,,no supporting evidence: median payment within per-call range; left unclassed,2026-09-07,0.1,$0.1×2,2,0x90cc61de… (EOA) $10; 0xedc93898… (EOA) $1; 0x933cd94e… (EOA) $1,"1.25 (p99 posted, Bazaar 2026-09-30)"
0xb8343fac457b2ba68981839693e60249c79c70f8,,no supporting evidence: median payment within per-call range; left unclassed,2026-09-07,0.098,"$0.098×9, $4.9×4, $0.98×2, $4.998×1",16,0x9562cbd3… (contract) $396; 0x6f505e0f… (EOA) $42; 0x7ab608a5… (EOA) $23,"1.25 (p99 posted, Bazaar 2026-09-30)"
0xc8a45586f71fa83bcd7eda2e1162ba12c3621102,,no supporting evidence: median payment within per-call range; left unclassed,2026-09-07,0.098,$0.098×12,12,0xd2889d6e… (EOA) $2; 0x15e65294… (EOA) $1; 0xddfb5c6e… (SafeProxy) $0,"1.25 (p99 posted, Bazaar 2026-09-30)"
0xa59e9603612af4137d7dd040fcb8489e5efd6e88,,no supporting evidence: median payment within per-call range; left unclassed,2026-09-07,0.098,"$0.098×2, $0.49×1",3,no outgoing USDC in newest 50,"1.25 (p99 posted, Bazaar 2026-09-30)"
0xab8f43efb96cde78b0bdee7bcf27c02917945b81,,no supporting evidence: median payment within per-call range; left unclassed,2026-09-07,0.098,$0.098×3,3,no outgoing USDC in newest 50,"1.25 (p99 posted, Bazaar 2026-09-30)"
0xd4931c41dac198317f11aabb1a10f3c39c9469c9,,no supporting evidence: median payment within per-call range; left unclassed,2026-09-07,0.095,"$0.08×1, $0.095×1, $0.58×1",3,0xee7ae85f… (ERC1967Proxy) $86,"1.25 (p99 posted, Bazaar 2026-09-30)"
0x7087c5b879e6eeb199aa7fdf9dad2db53f9d99f0,,no supporting evidence: median payment within per-call range; left unclassed,2026-09-07,0.0945,"$0.1×2, $0.08×1, $0.089×1",2,0x3920187e… (contract) $2,"1.25 (p99 posted, Bazaar 2026-09-30)"
0x6880220f5e654f170490ecfeeb4d75f02a44af9c,,no supporting evidence: median payment within per-call range; left unclassed,2026-09-07,0.09,"$0.08×1, $0.1×1",2,0x36411d04… (contract) $32; 0xaae67481… (EOA) $27; 0x15d08a31… (contract) $25,"1.25 (p99 posted, Bazaar 2026-09-30)"
0x1332f535018126099f6cb63863d9d56e32f31741,,no supporting evidence: median payment within per-call range; left unclassed,2026-09-07,0.089,"$0.098×1, $0.08×1",2,0xa2e500e1… (EOA) $31; 0x9c04bbcc… (EOA) $25; 0x27f35427… (contract) $10,"1.25 (p99 posted, Bazaar 2026-09-30)"
0x85f5aad81f7590a03188b11af2e2ec38c894b3dc,,no supporting evidence: median payment within per-call range; left unclassed,2026-09-07,0.089,"$0.098×1, $0.08×1",2,0x6acdd8bd… (contract) $4; 0x048a7ab1… (EOA) $1; 0xdb46fd2a… (contract) $0,"1.25 (p99 posted, Bazaar 2026-09-30)"
0xdb46fd2a4fd05bac4c75bac29bde134bb3306d79,,no supporting evidence: median payment within per-call range; left unclassed,2026-09-07,0.088,"$0.08×2, $0.284×1, $0.096×1",3,0x84f06fba… (BungeeGateway) $844; 0xa8fa0ebb… (EOA) $109; 0x4cd00e38… (RelayDepository) $106,"1.25 (p99 posted, Bazaar 2026-09-30)"
0xfeb03e665e9178f18ff785987caed92f2dd17a25,,no supporting evidence: median payment within per-call range; left unclassed,2026-09-07,0.0875,"$0.095×1, $0.08×1",2,no outgoing USDC in newest 50,"1.25 (p99 posted, Bazaar 2026-09-30)"
0xd94c7db0decd04039f7807d978e2ebfe020cd5d1,,no supporting evidence: median payment within per-call range; left unclassed,2026-09-07,0.085,"$0.08×1, $0.09×1",2,0x3920187e… (contract) $2,"1.25 (p99 posted, Bazaar 2026-09-30)"
0x67f02660c1df3b88c06f7f75f577a2112260cabc,,no supporting evidence: median payment within per-call range; left unclassed,2026-09-07,0.0835,"$0.08×1, $0.087×1",2,0xee7ae85f… (ERC1967Proxy) $3,"1.25 (p99 posted, Bazaar 2026-09-30)"
0x527b56f3bfbb78c9ff479cec3961fca82c359e1b,,no supporting evidence: median payment within per-call range; left unclassed,2026-09-07,0.08,$0.08×131,131,0xe4eaf8f2… (EOA) $22,"1.25 (p99 posted, Bazaar 2026-09-30)"
0x3c9119f68513e6a81c00984c64ea5072ca5401d2,,no supporting evidence: median payment within per-call range; left unclassed,2026-09-07,0.08,"$0.08×20, $0.686×4",24,0x337685fd… (MayanForwarder2) $5; 0xaa4e3bd5… (contract) $1; 0xa4824853… (EOA) $1,"1.25 (p99 posted, Bazaar 2026-09-30)"
0x3fccb2b9ed8f3c9ec96bb97d3d643a6768897944,,no supporting evidence: median payment within per-call range; left unclassed,2026-09-07,0.08,"$0.08×13, $0.28×5, $0.116×2, $0.278×1",22,"0x07c4bc0f… (PancakeV3Pool) $1,031; 0xbde7bf1c… (EOA) $296; 0x55d30705… (EOA) $285","1.25 (p99 posted, Bazaar 2026-09-30)"
0x93fb99a4ea2134d2d66ea4821df435ccd500fc42,,no supporting evidence: median payment within per-call range; left unclassed,2026-09-07,0.08,"$0.08×27, $0.093×1, $0.191×1, $0.088×1",30,"0x07c4bc0f… (PancakeV3Pool) $1,008; 0x91064d21… (EOA) $363; 0xd52264f3… (contract) $125","1.25 (p99 posted, Bazaar 2026-09-30)"
0x54cdedd5152bd45ec0dc58e8c78af50d7184ce5c,,no supporting evidence: median payment within per-call range; left unclassed,2026-09-07,0.08,"$0.08×5, $0.28×2, $0.016×1, $0.087×1",10,0xee7ae85f… (ERC1967Proxy) $13,"1.25 (p99 posted, Bazaar 2026-09-30)"
0x24d231d18e12b657002ac544de31952760ec4979,,no supporting evidence: median payment within per-call range; left unclassed,2026-09-07,0.08,"$0.08×7, $0.12×1",8,0xee7ae85f… (ERC1967Proxy) $50,"1.25 (p99 posted, Bazaar 2026-09-30)"
0x839fcff29ea5d2ff26185960d6f6291ae5ef6507,,no supporting evidence: median payment within per-call range; left unclassed,2026-09-07,0.08,"$0.08×3, $0.172×1, $0.16×1",5,0xd2889d6e… (EOA) $1; 0x4852a926… (EOA) $1,"1.25 (p99 posted, Bazaar 2026-09-30)"
0xc7d2dd296379aa701ef67ce2a1c3398865a74fe7,,no supporting evidence: median payment within per-call range; left unclassed,2026-09-07,0.08,"$0.08×5, $0.13×1",6,0x1ca3c6ba… (EOA) $7; 0x4cd00e38… (RelayDepository) $2; 0x9627c0f9… (contract) $1,"1.25 (p99 posted, Bazaar 2026-09-30)"
0x82d4a33f0e6fde1e04d33f4baedf3753dcada4db,,no supporting evidence: median payment within per-call range; left unclassed,2026-09-07,0.08,$0.08×2,2,0x3920187e… (contract) $3,"1.25 (p99 posted, Bazaar 2026-09-30)"
0x8ea1f0f3f30d0c79c1020b3df50d200124576568,,no supporting evidence: median payment within per-call range; left unclassed,2026-09-07,0.08,$0.08×2,2,0x8db70662… (contract) $3; 0x9e05b938… (EOA) $1; 0x0f082b9f… (contract) $0,"1.25 (p99 posted, Bazaar 2026-09-30)"
0x9ac9d81cbcd03144d8824a933a0940039da32ecb,,no supporting evidence: median payment within per-call range; left unclassed,2026-09-07,0.08,$0.08×2,2,0xe3b205da… (EOA) $6,"1.25 (p99 posted, Bazaar 2026-09-30)"
0x07317e7713aa8ee93913214a4a74f334ff7db048,,no supporting evidence: median payment within per-call range; left unclassed,2026-09-07,0.07,"$3×15, $0.01×14, $0.02×3, $0.07×2",13,0x000e7517… (EOA) $79,"1.25 (p99 posted, Bazaar 2026-09-30)"
0x276c5dca140291c9083513355b39f0dd8776eb01,,no supporting evidence: median payment within per-call range; left unclassed,2026-09-07,0.055,"$0.01×1, $0.1×1",2,no outgoing USDC in newest 50,"1.25 (p99 posted, Bazaar 2026-09-30)"
0x4c9151e56863a05c27fe21a5ff566ae73a2f3b7b,,no supporting evidence: median payment within per-call range; left unclassed,2026-09-07,0.05,"$0.05×4, $0.1×1",2,no outgoing USDC in newest 50,"1.25 (p99 posted, Bazaar 2026-09-30)"
0x308d11654eee1050b8700811ea6afc07aaafa81a,,no supporting evidence: median payment within per-call range; left unclassed,2026-09-07,0.05,$0.05×3,3,no outgoing USDC in newest 50,"1.25 (p99 posted, Bazaar 2026-09-30)"
0xf000ab8b02aa5c52b62bdb10bf63312317e994fc,,no supporting evidence: median payment within per-call range; left unclassed,2026-08-31 2026-09-07,0.03,"$0.03×1843, $0.1×1636, $0.01×1374, $0.2×1191",6,"0xf00a5f7d… (EOA) $1,433","1.25 (p99 posted, Bazaar 2026-09-30)"
0xf499102c8707c6501caadd2028c6df1c6c6e813b,,no supporting evidence: median payment within per-call range; left unclassed,2026-09-07,0.0275,"$0.05×1, $0.005×1",2,0xff1d6dbb… (EOA) $13; 0xf499102c… (EOA) $4,"1.25 (p99 posted, Bazaar 2026-09-30)"
0xd0712170d1134ac4baa941b19f390ea7ec04ac2d,,no supporting evidence: median payment within per-call range; left unclassed,2026-09-07,0.0255,"$0.001×1, $0.05×1",2,no outgoing USDC in newest 50,"1.25 (p99 posted, Bazaar 2026-09-30)"
0x642e8a7c289381f24f0395e0539f0ba41c74cc1b,,no supporting evidence: median payment within per-call range; left unclassed,2026-09-07,0.025,$0.025×2,2,0x7747f8d2… (BaseSettler) $15; 0xb92fe925… (RelayRouterV3) $14,"1.25 (p99 posted, Bazaar 2026-09-30)"
0x7360d007c5b96c1a0be4d3faf7f4bc3f8d1fb832,,no supporting evidence: median payment within per-call range; left unclassed,2026-09-07,0.024991,"$0.001×60, $0.1395×6, $0.0225×3, $3.62425×3",3,0xf5c8d08c… (EOA) $69; 0x1dbd953a… (GnosisSafeProxy) $15,"1.25 (p99 posted, Bazaar 2026-09-30)"
0x4f180b7752993b785be84ebbb15ce99c97a926a1,,no supporting evidence: median payment within per-call range; left unclassed,2026-09-07,0.024308,"$0.018951×1, $0.017851×1, $0.017859×1, $0.021319×1",2,0xb3db453b… (EOA) $43,"1.25 (p99 posted, Bazaar 2026-09-30)"
0x9d3d9410be95fa1d230734b961997427fc61d837,,no supporting evidence: median payment within per-call range; left unclassed,2026-09-07,0.02392,"$0.02392×5, $0.01×5, $0.075×1, $0.126×1",4,0x66d7c2f9… (EOA) $2; 0x4df66b6c… (EOA) $1; 0x9aaceaba… (contract) $0,"1.25 (p99 posted, Bazaar 2026-09-30)"
0xf0a30aba86e2e656669c8d964cd7a5fb1accb586,,no supporting evidence: median payment within per-call range; left unclassed,2026-09-07,0.022,"$0.022×2, $0.09×1",2,no outgoing USDC in newest 50,"1.25 (p99 posted, Bazaar 2026-09-30)"
0xdb5aa553feeb2c3e3d03e8360b36fb0f7e480671,,no supporting evidence: median payment within per-call range; left unclassed,2026-09-07,0.02,"$0.02×141, $0.001×63, $0.005×63, $1×2",14,0x7bafa37a… (EOA) $126; 0x0f12e519… (EOA) $1,"1.25 (p99 posted, Bazaar 2026-09-30)"
0xc2f5fc2f46c8640a60a1ebfa9776338cc1b1e1dc,,no supporting evidence: median payment within per-call range; left unclassed,2026-09-07,0.02,"$0.02×20, $0.05×4, $0.06×3",3,no outgoing USDC in newest 50,"1.25 (p99 posted, Bazaar 2026-09-30)"
0x7bcd1f84a601f941e883892992a73ce87d7ca2d9,,no supporting evidence: median payment within per-call range; left unclassed,2026-09-07,0.02,"$0.02×29, $0.01×3",2,no outgoing USDC in newest 50,"1.25 (p99 posted, Bazaar 2026-09-30)"
0x26ba58f5cc36b928973aca2d506cb576aaf4009f,,no supporting evidence: median payment within per-call range; left unclassed,2026-09-07,0.02,$0.02×12,5,no outgoing USDC in newest 50,"1.25 (p99 posted, Bazaar 2026-09-30)"
0x4df3ed41c0273fa5d8d37545a77dc9337474e427,,no supporting evidence: median payment within per-call range; left unclassed,2026-09-07,0.02,$0.02×4,4,0x97b9d210… (EOA) $87,"1.25 (p99 posted, Bazaar 2026-09-30)"
0xf1f15ab1b66377d6d60b8938a737122551be57f9,,no supporting evidence: median payment within per-call range; left unclassed,2026-09-07,0.02,"$0.02×3, $0.01×1",3,0x8ecbd652… (EOA) $13; 0x7827db61… (EOA) $10; 0x9811c090… (EOA) $3,"1.25 (p99 posted, Bazaar 2026-09-30)"
0x3803a19280deefe533d177c4a169412bd341101b,,no supporting evidence: median payment within per-call range; left unclassed,2026-09-07,0.013,"$0.013×12, $0.002×1",4,0x42d17e27… (contract) $0; 0x348df429… (contract) $0; 0xb2510d67… (EOA) $0,"1.25 (p99 posted, Bazaar 2026-09-30)"
0xa112c9c8bf655c678c768b6fd42a1c6fbfed7d60,,no supporting evidence: median payment within per-call range; left unclassed,2026-09-07,0.010335,"$0.01×3, $0.001×2, $0.012685×1, $0.024194×1",3,0x2a27b358… (EOA) $35,"1.25 (p99 posted, Bazaar 2026-09-30)"
0x9bb01e9356ba0c97e76d19b1aca691223bbb3248,,no supporting evidence: median payment within per-call range; left unclassed,2026-09-07,0.01,"$0.01×107, $51×1, $39×1, $56×1",3,0x128b1240… (EOA) $231,"1.25 (p99 posted, Bazaar 2026-09-30)"
0x2670b922ef37c7df47158725c0cc407b5382293f,,no supporting evidence: median payment within per-call range; left unclassed,2026-09-07,0.01,"$0.01×162, $5×8, $30×2, $9.88×1",9,no outgoing USDC in newest 50,"1.25 (p99 posted, Bazaar 2026-09-30)"
0xbe3fc886e104904935cfc5f4f32f4ccec06cba79,,no supporting evidence: median payment within per-call range; left unclassed,2026-09-07,0.01,$0.01×278,5,no outgoing USDC in newest 50,"1.25 (p99 posted, Bazaar 2026-09-30)"
0x20d71310309b6a4982472f4a5eee131069a493a7,,no supporting evidence: median payment within per-call range; left unclassed,2026-09-07,0.01,"$0.01×39, $0.005×14, $0.02×13, $0.04×13",2,0xa5c1ce36… (contract) $5; 0xb599ea72… (EOA) $3; 0x0fef0b3d… (EOA) $0,"1.25 (p99 posted, Bazaar 2026-09-30)"
0xb531320805c5bed1d46aeadcf4f008fdf172dbda,,no supporting evidence: median payment within per-call range; left unclassed,2026-09-07,0.01,"$0.01×28, $0.02×12, $0.03×6, $0.002×3",2,0x0a2854fb… (contract) $90; 0xed493043… (EOA) $73; 0x2d2a6a33… (LSDSwapWithBaseUniswapV2) $42,"1.25 (p99 posted, Bazaar 2026-09-30)"
0xd089749e279347b36542f57f8ca60c94a0a2ae1e,,no supporting evidence: median payment within per-call range; left unclassed,2026-09-07,0.01,"$0.01×9, $0.033×4, $0.15×2",3,no outgoing USDC in newest 50,"1.25 (p99 posted, Bazaar 2026-09-30)"
0x9fd05b6ff42f2ece0e1ef418cbca00b716ee6753,,no supporting evidence: median payment within per-call range; left unclassed,2026-09-07,0.01,"$0.01×7, $0.03×3, $0.02×2, $0.005×2",2,0x3a1087fa… (EOA) $1; 0x238e541b… (ERC1967Proxy) $0,"1.25 (p99 posted, Bazaar 2026-09-30)"
0xc5d86acc69b2300f0ad0d0868500e8a2131c2274,,no supporting evidence: median payment within per-call range; left unclassed,2026-09-07,0.01,$0.01×17,2,0xfafbed7a… (contract) $0; 0x8c63ba5a… (contract) $0; 0x19c5c51a… (EOA) $0,"1.25 (p99 posted, Bazaar 2026-09-30)"
0x8a12157b27c22fb239e558dc3cb43c7d1a8c0881,,no supporting evidence: median payment within per-call range; left unclassed,2026-09-07,0.01,"$0.01×7, $0.01161×1, $0.0599×1",4,no outgoing USDC in newest 50,"1.25 (p99 posted, Bazaar 2026-09-30)"
0x9500075649a70411c81f99c4314f6cff55d12579,,no supporting evidence: median payment within per-call range; left unclassed,2026-09-07,0.01,"$0.01×3, $0.05×2",4,no outgoing USDC in newest 50,"1.25 (p99 posted, Bazaar 2026-09-30)"
0x6ef84644cc2abcf66e806538016705fa77c1397b,,no supporting evidence: median payment within per-call range; left unclassed,2026-09-07,0.01,$0.01×9,2,no outgoing USDC in newest 50,"1.25 (p99 posted, Bazaar 2026-09-30)"
0xd22b6d51ff3bb145d55676243d5a7d4c66fd78d5,,no supporting evidence: median payment within per-call range; left unclassed,2026-09-07,0.01,$0.01×3,3,no outgoing USDC in newest 50,"1.25 (p99 posted, Bazaar 2026-09-30)"
0xe1946c7a27afc4afc92690cc5c79b2771f85a0c1,,no supporting evidence: median payment within per-call range; left unclassed,2026-09-07,0.01,"$0.01×2, $0.005×1",2,0x7827db61… (EOA) $5,"1.25 (p99 posted, Bazaar 2026-09-30)"
0x96368628b679a459fe69815bacca5cb0232ac397,,no supporting evidence: median payment within per-call range; left unclassed,2026-09-07,0.01,$0.01×2,2,0x4807e95c… (EOA) $14,"1.25 (p99 posted, Bazaar 2026-09-30)"
0x1677383a7bec2cf618fc98aef68b757bcfc37f27,,no supporting evidence: median payment within per-call range; left unclassed,2026-09-07,0.009975,"$0.009975×25, $0.0105×16, $0.0084×12, $0.00525×10",2,0xb13eb9a5… (EOA) $42,"1.25 (p99 posted, Bazaar 2026-09-30)"
0x94aa52201cb118d7158f95cd8dcb7f02a38a02be,,no supporting evidence: median payment within per-call range; left unclassed,2026-09-07,0.0053,"$0.0053×2, $0.01×1",3,0x1231deb6… (LiFiDiamond) $8; 0xa3699edf… (EOA) $5; 0x463c5fc6… (contract) $0,"1.25 (p99 posted, Bazaar 2026-09-30)"
0xbfd71ea27ffc99747da2873372f84346d9a8b7ed,,no supporting evidence: median payment within per-call range; left unclassed,2026-09-07,0.005,"$0.005×225, $0.01×17",12,0x30b1e8cc… (EOA) $0; 0xf88723e8… (EOA) $0; 0x03e1fc8b… (EOA) $0,"1.25 (p99 posted, Bazaar 2026-09-30)"
0x0e525428d66c111672ce58b1bf649a6d167f36b1,,no supporting evidence: median payment within per-call range; left unclassed,2026-09-07,0.005,$0.005×15,7,no outgoing USDC in newest 50,"1.25 (p99 posted, Bazaar 2026-09-30)"
0x5be6c12339eaf5eb18db8012f54955a2250bd3d9,,no supporting evidence: median payment within per-call range; left unclassed,2026-09-07,0.005,"$0.005×4, $0.01×1",4,0x51c00679… (contract) $0,"1.25 (p99 posted, Bazaar 2026-09-30)"
0x3e0a7c9a79f0646fc4e72d52b5ee8877f5aa78e7,,no supporting evidence: median payment within per-call range; left unclassed,2026-09-07,0.004306,"$0.004127×10, $0.004158×9, $0.003069×9, $0.00439×9",1235,no outgoing USDC in newest 50,"1.25 (p99 posted, Bazaar 2026-09-30)"
0x8581784d3e598cca3482375cff2409ac9dd8c402,,no supporting evidence: median payment within per-call range; left unclassed,2026-09-07,0.004247,"$0.003302×5, $0.003301×3, $0.0042×3, $0.004728×2",3,lookup failed (TimeoutError),"1.25 (p99 posted, Bazaar 2026-09-30)"
0x5770e66181984aa8510777790016b64aeda4f8b2,,no supporting evidence: median payment within per-call range; left unclassed,2026-09-07,0.002,$0.002×10,2,no outgoing USDC in newest 50,"1.25 (p99 posted, Bazaar 2026-09-30)"
0x6bf820a4b8a1722bf83d6f84d05a2125e2f61d1a,,no supporting evidence: median payment within per-call range; left unclassed,2026-09-07,0.002,$0.002×4,2,no outgoing USDC in newest 50,"1.25 (p99 posted, Bazaar 2026-09-30)"
0xe8bc82d53e45e61e07d84536970d695265a51ce4,,no supporting evidence: median payment within per-call range; left unclassed,2026-09-07,0.002,$0.002×3,3,no outgoing USDC in newest 50,"1.25 (p99 posted, Bazaar 2026-09-30)"
0x3c0820e2dabd5feae1fd03b78079dee15c7f83d8,,no supporting evidence: median payment within per-call range; left unclassed,2026-09-07,0.001,"$0.001×101, $0.01×12, $2×9, $4×4",6,0xddc6cc3e… (Diamond) $339; 0xa175d51b… (EOA) $0,"1.25 (p99 posted, Bazaar 2026-09-30)"
0x5aae638ccd22a4117c0441331e8e86ca979d482e,,no supporting evidence: median payment within per-call range; left unclassed,2026-09-07,0.001,$0.001×1730,26,no outgoing USDC in newest 50,"1.25 (p99 posted, Bazaar 2026-09-30)"
0x0573c4da7fc31e944e5ff959fef3b42199c308b2,,no supporting evidence: median payment within per-call range; left unclassed,2026-09-07,0.001,"$0.001×9, $1×1",6,no outgoing USDC in newest 50,"1.25 (p99 posted, Bazaar 2026-09-30)"
0x2bd0aec63aa0fb17219fe7c7ea0f0b7d64b87625,,no supporting evidence: median payment within per-call range; left unclassed,2026-09-07,0.001,$0.001×113,2,0x4e1295d4… (EOA) $47; 0xb3618fb1… (contract) $31; 0x8dc3c4bd… (EOA) $20,"1.25 (p99 posted, Bazaar 2026-09-30)"
0xc900f41481b4f7c612af9ce3b1d16a7a1b6bd96e,,no supporting evidence: median payment within per-call range; left unclassed,2026-09-07,0.001,"$0.001×20, $0.0012×9",2,"0xdb6f1920… (FlashWallet) $3,050; 0xad73eafc… (contract) $170; 0x5ba9355a… (EOA) $53","1.25 (p99 posted, Bazaar 2026-09-30)"
0xc1ea63e3596599d186d80f07a8099047fa49a901,,no supporting evidence: median payment within per-call range; left unclassed,2026-09-07,0.001,$0.001×17,2,0x49b81d7e… (EOA) $140; 0x374355b8… (contract) $85; 0x498581ff… (PoolManager) $9,"1.25 (p99 posted, Bazaar 2026-09-30)"
0x4bafaae3442454bce41b51877017170d2d461ebe,,no supporting evidence: median payment within per-call range; left unclassed,2026-09-07,0.001,$0.001×15,2,0x97d28af4… (EOA) $40,"1.25 (p99 posted, Bazaar 2026-09-30)"
0x6ca3b21d18e2b60291413c99dd6969c43d26c3d2,,no supporting evidence: median payment within per-call range; left unclassed,2026-09-07,0.001,$0.001×12,2,0x43125a5a… (contract) $16; 0xc4cce352… (contract) $10; 0x5bf4bb7c… (EOA) $2,"1.25 (p99 posted, Bazaar 2026-09-30)"
0x046a26665429a12448316a3029a2f2ccf8eecd12,,no supporting evidence: median payment within per-call range; left unclassed,2026-09-07,0.001,"$0.001×5, $0.002×2",4,no outgoing USDC in newest 50,"1.25 (p99 posted, Bazaar 2026-09-30)"
0x10333d09dd1f5ebd8b8bd83f74a9d99c7b88129f,,no supporting evidence: median payment within per-call range; left unclassed,2026-09-07,0.001,$0.001×4,2,0x7f5c2b37… (Prize USDC - Moonwell) $5; 0x428c80be… (EOA) $0,"1.25 (p99 posted, Bazaar 2026-09-30)"
0x0bb172622db9f247a53c8e2d577aeabf0b81c8ec,,no supporting evidence: median payment within per-call range; left unclassed,2026-09-07,0.001,$0.001×3,3,no outgoing USDC in newest 50,"1.25 (p99 posted, Bazaar 2026-09-30)"
0x0451cf4084b8e2fd8e3e14e2667f045127898cb4,,no supporting evidence: median payment within per-call range; left unclassed,2026-09-07,0.001,$0.001×2,2,no outgoing USDC in newest 50,"1.25 (p99 posted, Bazaar 2026-09-30)"
0x6a82fe3f9471fdf7c8987b482737a44084dfe2cb,,no supporting evidence: median payment within per-call range; left unclassed,2026-09-07,1e-06,$1e-06×30,22,no outgoing USDC in newest 50,"1.25 (p99 posted, Bazaar 2026-09-30)"
0x5fd3e2915b3a726db50b6ff60f281f59a591ab3c,,no supporting evidence: median payment within per-call range; left unclassed,2026-09-07,1e-06,$1e-06×30,25,no outgoing USDC in newest 50,"1.25 (p99 posted, Bazaar 2026-09-30)"
0x3fc3bfe0e28824cdc964b8ba3ba97ac3c8d8ffb0,,no supporting evidence: median payment within per-call range; left unclassed,2026-09-07,1e-06,$1e-06×29,24,no outgoing USDC in newest 50,"1.25 (p99 posted, Bazaar 2026-09-30)"
0xc87a34ea2051c052c9e4ccb4bfc5d308560abc68,,no supporting evidence: median payment within per-call range; left unclassed,2026-09-07,1e-06,$1e-06×27,24,no outgoing USDC in newest 50,"1.25 (p99 posted, Bazaar 2026-09-30)"
0x1035e11e861aab9fa443491bfeeb0b3152c7a9f3,,no supporting evidence: median payment within per-call range; left unclassed,2026-09-07,1e-06,$1e-06×25,21,no outgoing USDC in newest 50,"1.25 (p99 posted, Bazaar 2026-09-30)"
0xb77bb730db97d8ced7d85b59dd702f83c65bd02c,,no supporting evidence: median payment within per-call range; left unclassed,2026-09-07,1e-06,$1e-06×21,17,no outgoing USDC in newest 50,"1.25 (p99 posted, Bazaar 2026-09-30)"
0x59dc4e72ff68bd2fdcf904f7dea50ba34369c9dd,,no supporting evidence: median payment within per-call range; left unclassed,2026-09-07,1e-06,$1e-06×16,13,no outgoing USDC in newest 50,"1.25 (p99 posted, Bazaar 2026-09-30)"
0x7e5af504234a9a992009b4de3f5ca9c4fe0db5be,,no supporting evidence: median payment within per-call range; left unclassed,2026-09-07,1e-06,$1e-06×15,15,no outgoing USDC in newest 50,"1.25 (p99 posted, Bazaar 2026-09-30)"
0xd07bb762a322029df4f4fb728af1c805591fc7d0,,no supporting evidence: median payment within per-call range; left unclassed,2026-09-07,1e-06,$1e-06×14,12,no outgoing USDC in newest 50,"1.25 (p99 posted, Bazaar 2026-09-30)"
0x8553670d4b9302a6c6499707e1ad742bd941f930,,no supporting evidence: median payment within per-call range; left unclassed,2026-09-07,1e-06,$1e-06×12,11,no outgoing USDC in newest 50,"1.25 (p99 posted, Bazaar 2026-09-30)"
