week_start,week_end,stage,category,payments,usd,payees,payers
2026-08-24,2026-08-30,raw,content,435,104.67,35,140
2026-08-24,2026-08-30,raw,data,295508,2483.39,409,2131
2026-08-24,2026-08-30,raw,search,2905,70.71,49,150
2026-08-24,2026-08-30,raw,compute,33117,27048.08,142,971
2026-08-24,2026-08-30,raw,other,23874,1491.25,195,532
2026-08-24,2026-08-30,raw,large_ticket,6066,38844.94,12,206
2026-08-24,2026-08-30,raw,unclassed,26462,14526.02,2210,1238
2026-08-24,2026-08-30,raw,all,388367,84569.06,3052,4793
2026-08-24,2026-08-30,d05,content,435,104.67,35,140
2026-08-24,2026-08-30,d05,data,288181,2321.25,408,2127
2026-08-24,2026-08-30,d05,search,2695,69.24,49,150
2026-08-24,2026-08-30,d05,compute,31548,27004.52,142,967
2026-08-24,2026-08-30,d05,other,22962,1435.84,193,514
2026-08-24,2026-08-30,d05,large_ticket,789,11085.27,12,192
2026-08-24,2026-08-30,d05,unclassed,15024,13397.87,2178,1212
2026-08-24,2026-08-30,d05,all,361634,55418.66,3017,4731
2026-08-24,2026-08-30,clean,content,404,101.11,24,134
2026-08-24,2026-08-30,clean,data,287230,2282.05,314,2091
2026-08-24,2026-08-30,clean,search,2546,63.91,31,143
2026-08-24,2026-08-30,clean,compute,31099,26484.15,89,940
2026-08-24,2026-08-30,clean,other,22651,1411.5,132,481
2026-08-24,2026-08-30,clean,large_ticket,787,10980.27,10,190
2026-08-24,2026-08-30,clean,unclassed,11524,9547.36,153,757
2026-08-24,2026-08-30,clean,all,356241,50870.34,753,4223
2026-08-31,2026-09-06,raw,content,872,12.48,34,154
2026-08-31,2026-09-06,raw,data,436919,5199.48,430,1611
2026-08-31,2026-09-06,raw,search,7158,238.25,51,214
2026-08-31,2026-09-06,raw,compute,20257,7819.16,150,983
2026-08-31,2026-09-06,raw,other,23858,1473.1,184,482
2026-08-31,2026-09-06,raw,large_ticket,3708,18912.76,11,158
2026-08-31,2026-09-06,raw,unclassed,23810,20711.16,3232,1437
2026-08-31,2026-09-06,raw,all,516582,54366.38,4092,4409
2026-08-31,2026-09-06,d05,content,872,12.48,34,154
2026-08-31,2026-09-06,d05,data,422903,5031.71,429,1602
2026-08-31,2026-09-06,d05,search,7154,238.21,51,213
2026-08-31,2026-09-06,d05,compute,15338,7750.94,150,981
2026-08-31,2026-09-06,d05,other,23345,1455.03,183,479
2026-08-31,2026-09-06,d05,large_ticket,2903,18037.59,11,157
2026-08-31,2026-09-06,d05,unclassed,15660,19792.16,3217,1417
2026-08-31,2026-09-06,d05,all,488175,52318.12,4075,4377
2026-08-31,2026-09-06,clean,content,849,7.55,23,148
2026-08-31,2026-09-06,clean,data,420963,4897.26,320,1558
2026-08-31,2026-09-06,clean,search,7042,235.86,35,204
2026-08-31,2026-09-06,clean,compute,14257,7676.02,86,941
2026-08-31,2026-09-06,clean,other,9936,1263.66,118,443
2026-08-31,2026-09-06,clean,large_ticket,2899,17452.59,7,153
2026-08-31,2026-09-06,clean,unclassed,10567,10421.68,183,988
2026-08-31,2026-09-06,clean,all,466513,41954.62,772,3882
2026-09-07,2026-09-13,raw,content,303,11.27,30,100
2026-09-07,2026-09-13,raw,data,159364,4303.69,454,1399
2026-09-07,2026-09-13,raw,search,5270,132.92,51,156
2026-09-07,2026-09-13,raw,compute,7687,495.55,153,232
2026-09-07,2026-09-13,raw,other,77657,2974.09,194,2646
2026-09-07,2026-09-13,raw,large_ticket,540,11563.69,17,178
2026-09-07,2026-09-13,raw,unclassed,35557,17378.32,2706,2459
2026-09-07,2026-09-13,raw,all,286378,36859.54,3605,6646
2026-09-07,2026-09-13,d05,content,303,11.27,30,100
2026-09-07,2026-09-13,d05,data,150731,4178.78,452,1391
2026-09-07,2026-09-13,d05,search,4883,129.1,51,154
2026-09-07,2026-09-13,d05,compute,3590,386.14,153,228
2026-09-07,2026-09-13,d05,other,77425,2929.03,193,2640
2026-09-07,2026-09-13,d05,large_ticket,540,11563.69,17,178
2026-09-07,2026-09-13,d05,unclassed,23611,16116.05,2689,2431
2026-09-07,2026-09-13,d05,all,261083,35314.07,3585,6605
2026-09-07,2026-09-13,clean,content,289,9.58,21,97
2026-09-07,2026-09-13,clean,data,150209,4071.83,334,1334
2026-09-07,2026-09-13,clean,search,4818,118.34,35,145
2026-09-07,2026-09-13,clean,compute,2378,327.26,88,189
2026-09-07,2026-09-13,clean,other,76910,2879.2,122,2602
2026-09-07,2026-09-13,clean,large_ticket,539,11463.69,16,177
2026-09-07,2026-09-13,clean,unclassed,19426,10713.42,167,2009
2026-09-07,2026-09-13,clean,all,254569,29583.31,783,6093
2026-09-14,2026-09-20,raw,content,398,8.66,36,117
2026-09-14,2026-09-20,raw,data,148379,1756.97,534,2224
2026-09-14,2026-09-20,raw,search,3408,145.44,69,145
2026-09-14,2026-09-20,raw,compute,28672,20201.52,198,981
2026-09-14,2026-09-20,raw,other,150910,4290.84,241,1799
2026-09-14,2026-09-20,raw,large_ticket,1654,12193.86,13,175
2026-09-14,2026-09-20,raw,unclassed,59606,50295.59,3691,2437
2026-09-14,2026-09-20,raw,all,393027,88892.88,4782,7240
2026-09-14,2026-09-20,d05,content,398,8.66,36,117
2026-09-14,2026-09-20,d05,data,137520,1524.49,532,2219
2026-09-14,2026-09-20,d05,search,3408,145.44,69,145
2026-09-14,2026-09-20,d05,compute,26618,20148.71,197,979
2026-09-14,2026-09-20,d05,other,145323,3732.34,240,1773
2026-09-14,2026-09-20,d05,large_ticket,1654,12193.86,13,175
2026-09-14,2026-09-20,d05,unclassed,52245,48960.66,3680,2419
2026-09-14,2026-09-20,d05,all,367166,86714.15,4767,7191
2026-09-14,2026-09-20,clean,content,379,8.29,23,113
2026-09-14,2026-09-20,clean,data,136987,1493.27,388,2183
2026-09-14,2026-09-20,clean,search,3325,144.63,48,134
2026-09-14,2026-09-20,clean,compute,26389,20136.15,130,960
2026-09-14,2026-09-20,clean,other,144775,3699.0,161,1743
2026-09-14,2026-09-20,clean,large_ticket,1644,11486.91,8,170
2026-09-14,2026-09-20,clean,unclassed,43964,11454.74,152,1917
2026-09-14,2026-09-20,clean,all,357463,48422.99,910,6648
2026-09-21,2026-09-27,raw,content,466,52.23,29,62
2026-09-21,2026-09-27,raw,data,174899,2082.23,448,2496
2026-09-21,2026-09-27,raw,search,3599,64.06,54,144
2026-09-21,2026-09-27,raw,compute,30442,19399.51,155,1005
2026-09-21,2026-09-27,raw,other,120845,3288.58,196,3049
2026-09-21,2026-09-27,raw,large_ticket,861,37883.3,9,152
2026-09-21,2026-09-27,raw,unclassed,262342,71709.34,26837,3227
2026-09-21,2026-09-27,raw,all,593454,134479.25,27728,9594
2026-09-21,2026-09-27,d05,content,466,52.23,29,62
2026-09-21,2026-09-27,d05,data,163911,1902.8,448,2493
2026-09-21,2026-09-27,d05,search,3599,64.06,54,144
2026-09-21,2026-09-27,d05,compute,27626,19351.92,154,1001
2026-09-21,2026-09-27,d05,other,116464,3166.67,193,3040
2026-09-21,2026-09-27,d05,large_ticket,861,37883.3,9,152
2026-09-21,2026-09-27,d05,unclassed,257474,71006.35,26820,3210
2026-09-21,2026-09-27,d05,all,570401,133427.33,27707,9562
2026-09-21,2026-09-27,clean,content,426,44.66,19,57
2026-09-21,2026-09-27,clean,data,163395,1868.94,296,2440
2026-09-21,2026-09-27,clean,search,3559,63.3,32,137
2026-09-21,2026-09-27,clean,compute,27266,19305.15,81,961
2026-09-21,2026-09-27,clean,other,116067,3151.37,104,2999
2026-09-21,2026-09-27,clean,large_ticket,857,37707.46,7,150
2026-09-21,2026-09-27,clean,unclassed,225763,11204.19,98,1916
2026-09-21,2026-09-27,clean,all,537333,73345.07,637,8176
