payee,hand_class
0xe9030014f5dae217d0a152f02a043567b16c1abf,market/crypto data
0x325bdf6f7efab24a2210c48c1b64cab2eae1d430,other data
0xa9dd7cc9cbf0e05551332209289f04be36bc2315,market/crypto data
0x837c40e2b4e976f43ffb4451ee281a00fa9477dd,market/crypto data
0x367f1b3d8ca90d1e087481a9a40d585bf3451a03,not content/data
0x9fb365e4e9385e2a39febad70368267e6f571d9a,other data
0xd5ba9711a3d052846a3695c70e7fcb8b3168fe7d,market/crypto data
0x6c0752c09e7f6fa6526fcdf40e456a159ebb5621,not content/data
0xbf22b6ddb5a08c823856a779f1004eea60c5ab92,publisher content
0x50ab2018c06c6e4eaa9ba52057eb55ed284912fc,not content/data
0x52e29e0d2aa49bfbfc548c0a9f2196f4aa51f3ea,market/crypto data
0x66d7c2f952362bfb24fd7f02a9bec9c754ea83bc,other data
0x93053f1e7a5efeda532fe69cbbe43cbec3a0f13f,market/crypto data
0x4df66b6c140778fe0717880a7c6dde5ea53acdea,other data
0xabf4fabd7c416fb67202e5f9002389fc75e2a9d0,other data
0x4466d4a84b7c49a6a094ec6eef4a0712d6dd125e,market/crypto data
0x1f81da453901d15296c1710af83e0bc0371d39f1,market/crypto data
0x75ddd3c42eace13c59ea0cd1141b886a1c70d2a5,market/crypto data
0x421b1e2ebc5458b5f3e156fd57300bbd8fd0a89e,not content/data
0xc0ce6bfb16bb6b6e10a9d806e509d8d20996380f,not content/data
0xe8e26183736d796d401df30810207465fa708959,market/crypto data
0x7f33b3c113915a0f2981070553ba9538c0f90171,other data
0xf121fbecec43e1b616d47285851c20d5fc64431b,other data
0x942bd3e3073543c674efc0c378d5bce20f9120c1,market/crypto data
0xdd257723b86b4947483905cdacbbbc70facf2ec0,other data
0xd29d93f0a5e161f1f286f5cd5afeb718837c15e1,market/crypto data
0xade02dff58b0316f04cd59806e3fdb4690fe89ab,other data
0xa13d363aecccf878ec64f6eb687eb4a771fb0599,market/crypto data
0x37c41c75aee8995acf75601ece9f3b2c19a7bb1a,other data
0x4ff893df9ab8603d5460fbbaee0d9b8c0fa4d5e9,other content
0xe740d5701749d262da5e4fcb9f814c5b6d91cf46,other data
0x3070fbb3803819fb5bdfe9286fdc6325a877fa85,other data
0x76a672eee56d29d475b0715cc03b8c99d70ec8a2,other data
0x1f0409ccd20a2fb497d4decef4e17e9d0688fea6,other data
0x6cb53f00a586f7704e1f7121c2e397b579eb3ed0,other data
0xf732ea490c5766071785a2310523f7fa2cebb829,not content/data
0xd593832ce9c2b13b192ba50b55dd9af44e96700d,market/crypto data
0x6cab485fc28ec70d3845113b704d4824e4d2b24f,not content/data
0x22f7e9518dff04a5db1fddaabc0e001b8c425b3a,other data
0xdc59fa7b64988b846e76ec9849bb68f889071506,market/crypto data
0xb1ef5415e9d3695e16977b8be422ab7512f788c0,market/crypto data
0x348ac9e3b010ba2300ba9a7bcfe5ae592b9fcfaa,other data
0x43b85ae58f0a2505c710bc715d6f3eb16b1f63de,other data
0xab6731a0bcdf511c2842c768a03448075ab654ca,not content/data
0x13e060adcc6f4b731da8382b333027b8b2bff707,other data
0x9dba414637c611a16bea6f0796bfcbcbdc410df8,other data
0x0e84ddedaae6a779c462c22a59f301ec31b6b808,market/crypto data
0xd334ab5151c624cada654854e2879903dc4217ed,market/crypto data
0xc3d01fd2f79d4c57ad106ab8ecc12a5de24f97cb,market/crypto data
0xc751344ee09b5159160173f77d4a1169bcd386a1,other data
0x33693228b706cb30f4b4dbf35f79129a763f91c5,not content/data
0x51d577c8cbb8b3fb1ba0ce31c7923cc27a07f78b,other data
0x2ec4545f96a24876764bf2b04d54e66a1351be71,other data
0x2c871c2b8876dc35e9e19646fda5abf1cd27735f,not content/data
0xd004278bc57fe4b9f743abf17d713ed4169a88e9,other data
0x7d9c21acb6be3f6ea4723c148a32dc327a3ecb5b,market/crypto data
0x0550779cfbc832657a8bb46bac9f359a5ad038b8,other data
0xdadc335482ad545296fd7b28518a251ffcbeb9df,market/crypto data
0x6e007731870ede419cfb31889cd5c4493cecb04c,market/crypto data
0x0928b96e482676440ea91f547a49aadbdc1a7eb9,not content/data
0xcb9b3f94387389e38ef2a7b3c0b851fb8325d7e9,other data
0xa733875f2f7e8a2817040b5c60b63ae07d58a1d6,other data
0xb5194a98dbdbb7028b585db26b972e7f0f3f826a,other data
0x7d9a65d06dcc435a52d5880c6310bd6e96c156db,market/crypto data
0x9876af0f6d8ed5155cd02d1ca56d128601612690,not content/data
0xee72b902af7466023595512e3359bb5bf312977c,not content/data
0x8afbd522f8a16bea184b41c593b8925a66830bc6,not content/data
0x973a31858f4d2125f48c880542da11a2796f12d6,other data
0x525f6ddce9af7a7179d7696aabfcd5fcd15a21e6,market/crypto data
0xf444abc53f5e1e73caec7df64d147ddb119514a0,other data
0xc3b66d340390d5dd2ec8294168f185e811b6c06b,other data
0xb3f4de103f34b99f0da19b4f16d6b53a14c2194a,other data
0x29322ea7ecb34aa6164cb2ddeb9ce650902e4f60,other data
0x5e709929a4ab69ec3a8811d03417869059bc4eb9,not content/data
0x7f4ce6c23f851f13b386efdb22fe0d09821b9d53,market/crypto data
0x36038e1d712c5e39f35952164ec58ec2b96caee7,market/crypto data
0xe82ebef57fa5af958b8ecb6843d4327d314f59e3,market/crypto data
0x970007590acc5c938cd51345b17af51b1b40d3ab,not content/data
0xeca891e34b3e5873181fb779672564e198c55354,other data
0xc91ce6291edc0713ec753bafba002506ffb2b95c,not content/data
0xdd350976b8cffc65938c0464d39a2c78be079bd0,not content/data
0xc9b70d8d342609437bc87ec3c877911a306d3e6a,market/crypto data
0xaa1252d726567293cffe6ca495e32c6aecfdc56d,not content/data
0x03d773c52b67993e60ecb3134b17436fe03b584c,other data
0xf22e558a00d91ee12a1f50c52186fecb8ddff493,other data
0xfdb4b511f6ae1f270776e500b3360217d5e7ed03,market/crypto data
0xbbfce2d320de6ab328ba93a771c531ebfc9ce704,other data
0x8aa6a85a2723e2816204f3cf48d76b84bafdaab4,other data
0xb4f9061e3a6a5533431336506b34e1035029599f,other data
0xdceca23ff8a7145e1b5b35427c9886cf21a67566,not content/data
0xccd231829e24b42195b500028f8779b8f8b1131a,other data
0x0b4242adf40726d9b09688030948176752d29924,other data
0xc13789e82661635d9cea38a53a0390cf9939ef4f,not content/data
0xae2634e709c454f2720c65a0b2f9ba168e431842,market/crypto data
0xe81c67c086c83997b41673e1e41e481c14d756f6,market/crypto data
0x28410eac7393dba041cd5a92eefe7a8e834310bb,other data
0x2e8dfc2a77adcdd865a46293844c250462a1c32d,market/crypto data
0x464374fb066f08273740e99ad5c07b92d8ac665f,not content/data
0x4395c7e383b7e05665aad7f36ed77c01923dd965,other data
0x68e3e7822cf83c824cf9606ec999b5e8a93c85b5,other data
0xa7325ad60f46a05db8645a267d6c99321431b3eb,not content/data
0x9863ab6242663fcc84c33632741711db78f8fd15,market/crypto data
0x54ebfcf3870439b9db62381848c5dabc05c70d5b,other data
0x9acfdc5a3d6bfbb127615751e0f0e44014e32abf,not content/data
0xa499f6f6ab97ba87db2e1fd7a1e3534125b60018,market/crypto data
0xaf8439b8ab70f85ea96a8f99719fde42a3de2c90,not content/data
0xa2d72abf2c5e939fddca4156b74de482e03ca3ec,not content/data
0x2b6d4988db4723e6908db86ab2b8dfbc51fc32c5,not content/data
0xfe31fd52a89461b8d54895cfcf86187aa3c95f21,not content/data
0xcc42ed39a06b6cf3f484307ef76b88bf56fb305f,market/crypto data
0xef879bfd6c4accb8f795136de90246e1ec245e06,other data
0x71033ab6ed376a0b53d1826ea632ddfec96b3661,other data
0xe4181c7de066959bcca010525304ba68a84768e0,market/crypto data
0xb0ae6a9bd7a573ddda58db6c28622417e8ca2099,other content
0x59f3a6dcb6f482c53872dd8f8f9e1f9161a1c5f7,other data
0x9bbbb98e11e7be968bf4a02701c6e29fffd51d6b,not content/data
0x77065d81e18ad403bcd6e9a0616b288e16744121,not content/data
0xb9f06d2734b7e9d7b21b64c4d8b95bd774b71acf,market/crypto data
0x1fa89e3b7b3ca98afdd801f35e721251149cea3b,market/crypto data
0x9a8dfbe7a11ee89dd59d80c93ab0efe00d5d5767,other data
0x40b62aa49f4a929760fb2dd0fcb0642f0aa872eb,not content/data
0x849610c11c1e9b309235932faab6368cee7f7c57,not content/data
0xa790b8d949d5b839217c4da7ca78252a90665a4e,other data
0x7f520c845d5dc5e51a27699a1f098dc13aa789b7,not content/data
0x5100a134d768415cc4a25d7bdbcfc44394d62282,not content/data
0x24facafeb49b4e3facf0b3e69604a2f4640c9bf2,market/crypto data
0x66717045858d9f598e2ebd046bf42a0b1063c0fa,other data
0x76a51b5dd3729950b3b60c17f19252d221968fce,other data
0x3dcbef58b30fac60a897cd4ed1daed5de33b32e1,other data
0x59ea036c64f0f54cdd14a3be8a1a6586b58da71c,other data
0xb58d12a9db82707b5b097cc127ad0bd2a800b766,market/crypto data
0xcb8025d951e5e45be7d288b658eeee6f05713006,market/crypto data
0x260fbe1ec46968ee02e5b972507d7bb7f09f82b0,other data
0xa9a38639ed4aebc04092e21f3399c56545450713,market/crypto data
0x2740651e046c59ab2a6510401140643292d3a96f,market/crypto data
0x5976376b0c2125655e01d0a7758c744c43fb6d93,other data
0xf61f957d9ac432309219549b1ae79ae8b7c71ff5,other data
0x7beca68dd9ac733d4de6b16d16b85dc391c071e2,not content/data
0x81832eede3a4ad96cb3d7ca09977636d912fd3d5,market/crypto data
0x1888192fac6a69e4cd7d078ec4bcf6f24f7c767b,other data
0x95063cede9c4b02452242543669238e5460087ed,market/crypto data
0xa4b5056e8260d49213e64c081b504c8535c14bc4,other data
0x90b0dc893406d6ea63bb077ed59f5e8340f98d84,not content/data
0xb799d3be2f79021bd698f770bd809c296ee754a2,market/crypto data
0x65e02cb7fee27630bb7d1a3add02ef7aa2d21701,not content/data
0xe9740820225b3918b4ddd1292c7ca4ca0e2c2f08,not content/data
0xbd17480bf6ff056f7b91d9adc9dfda001eb7283d,market/crypto data
0xca37de138574432b96f92b0cd9826dadfd1cf443,other data
0x6bab1d63b3b51a88c7f87402db2803b05f0ae9e9,other data
0xd6dd152a8a9c8d4a77006373253d5b5bb4022b61,not content/data
0xc3b8ddada48c034541f8e7bffc7da93df17d3aed,not content/data
0x5231d0bc0473433c3cb8d2251d1dafeba27790f1,market/crypto data
0xfcc0d3d72d8689871979c3caa036ffabc5674bd0,other content
0xfe257ef6dc89f5b688ac52ef3eb8648c629fa9c4,market/crypto data
0xe3738580ede5384bb8b8d1c8786b391c59d2668d,other data
0xabcb091d90419e1c8ad4818f1b33fc4645501892,other data
0x3078368e0740fa5f8d9b900ea428c946a1006cb7,other data
0x6013d764502369012df405a21c7dcbb6efd1507b,other data
0x267ead21c0a5c1bf7e44cb357641556edc52d232,not content/data
0xb3c2776ce3f99cb3366520c27b4ac5d436942ab6,other data
0xb810b599bc730aa85800babe7f5d160524322c86,market/crypto data
0x879933456986877f5d87e6ee24d1e0ebd264f527,market/crypto data
0x7f74ce6d34ee0180f0217a16ce05f3b91272570f,other data
0xe3244a21d0d68bfa78b7cad8c3b8777adfbb3188,not content/data
0xca1271e777c209e171826a681855351f4989cd0c,other content
0x9f8bd9875b3e0b632a24a3a7c73f7787175e73a2,not content/data
0x548fc289526ab2f0391d562a723cda64bbf1abc4,market/crypto data
0x1304ec1a8945365e43a5c18a734065f107b417ca,market/crypto data
0x98e83fbcb5f8fb8414acd0aeeb93160046b65666,not content/data
0xb48699946ce35fdab44b5cd99ad41eb8d977ba8b,market/crypto data
0xf99b281010c5e6cbcf486d7ef108b315be7ce0e9,other data
0xcf9223ece895258dea8d288aebcf846ab8e342fb,other data
0x19491164262c8963b11e1bcb1e4351c101b420ff,not content/data
0xeb12bb2f52eed33dba6a00774e48324032fd87c6,not content/data
0x38c063312719220c676e988f0dee14b4ec0e44c8,market/crypto data
0x3a43fdf92b1596b22ddf719d5b528c537da4237d,market/crypto data
0x1d1b81247c407521e2a01f3e21514870dcf1620f,market/crypto data
0x01b41c2ec1579b562bab44ec5cb4c48f3f810a53,publisher content
0x127462e296fac1a7f5cf33ba57bb2f0fff5cd0b6,not content/data
0x32e293a7fa946331b3ecd013cf0461bf32c99a9d,other data
0x348df429bd49a7506128c74ce1124a81b4b7dc9d,other data
0xf0f285a471c69907d8d536348daf0df3fbf1a1d4,market/crypto data
0x04b563909fdafeace9cba26f1848141bd140d741,not content/data
0x6b1ac7935dad576b921af0e6edc27319bc27aadd,other data
0x0ccd097f92475d3eaf88e3b73e38a4dd4cb08667,not content/data
0x549c82e6bfc54bdae9a2073744cbc2af5d1fc6d1,other content
0x01b34d04b658990fd1f22cc4dddeaba10349b1c4,market/crypto data
0xf4f7182508895812f235c5d1c47c0cfc89fdab5b,not content/data
0x239de97929b20f27aa503b236d33420670bf5ad1,other data
0x1937e2d648b8f07a03429ae35f28c4942a756c94,other data
0xe55359021a6a22d8385b827405991c56075f56f8,market/crypto data
0xed617f79201248df99909fbde4269b6eeaee39b6,other data
0x510d1c21788166b0a39f83796bf624e006849690,market/crypto data
0xbef3e7cfd486c14dd8c3aa5911134bf361b973c5,not content/data
0xa2604ae688228af8349363770351bfcec66d4fa0,not content/data
0x154b1006435e5cfe2206e7777c1003f9438119b1,market/crypto data
0xf6177d80e8aab6e85fadfc1bc00dcfa2fe2eac33,other data
0xa0bdc6cd7ec19c9d4f0c72fb2d79fb65d118d3ab,publisher content
0x175562431dfcb38ab3a1762b7fc1fbc08a93bbbb,other content
0x7df9c5edbf039b1c645d7697f58efd143f0986e1,market/crypto data
0xf9c2a7255e7c51d7bf38331dcfc23ba881cf61ba,not content/data
0xdd5fcea81ca6f1eb39fed5b973de794293b81ba6,not content/data
0x9d667bc76f166322df087b3b3927d4d83d44a5d0,market/crypto data
0xd5f8481d8f25d3966d2010dbf9b47ffbdf745a9e,not content/data
0xca82340a657df005743ff5eb2474729ae80924b9,market/crypto data
0x820d61a720963fab63ab6e0aef4d1779eb42f6bb,not content/data
0x417da74cdc0d3babf6adc851b6e5c638574c0d58,not content/data
0x9e3df8006b1917ecced9591beccb893d0de9ebd9,not content/data
0x7904e8de283960f4176c44690f34af7da47dc75c,not content/data
0xd617a7145ca56e3ed58d639f9dec6999b22441ee,market/crypto data
0xe39571a1b62c21454dbee4dc699cb20ed40b372f,other data
0x16706c173e945a1949695a2517b32f635e50fd4d,not content/data
0x3cc1d8ee1dfdfd326c19b0884b8df4b24b623f0c,other data
0x754bd2a6799e766b1e2b9f1ae7fbdc0ced96ef13,other data
0x38c9f689274e2fc3ae360744ef88ce212077a584,not content/data
0x737426d3ed53930b889b3f61774669a0fdf3be54,market/crypto data
0xa55b06462a2e48661badf22f5841f95ae654b716,market/crypto data
0xf8b2dd46542175ad46e14e6133340e652665f2ee,market/crypto data
0x3a4f2ea5e1a32a1af8716edf089b74a28a68ebda,market/crypto data
0x169bf49c6ee5a179190121ab8d180b50e31683d1,market/crypto data
0xf68bc1098469356eb57e70db9fed0bb524707132,other data
0x05e1720bb82f86b5bc7940a99fdc702e32256357,market/crypto data
0x46830a57ca3806ec71b981e063dc39ca2a3c6fb0,not content/data
0x4dd5e59475a55f1c2c0816469600663cb74cc1dc,not content/data
0xe295b6641b32998537ae0f8e61babf729eaed6e5,not content/data
0x1b24deac0951efcd6923f684b574fe9a4202cf1f,other content
0x02dc8f414eebbadd9a9f383e87757beab4bb1ab0,not content/data
0xd441d9f4c59cb26253e2f0a7a62ac9ce7823b4b4,market/crypto data
0x5253666c40432f009ebd99908b9cd2a7fd1019cb,not content/data
0xc648116b5debe4af7d78838aa468d07e0a9ab697,market/crypto data
0x1e453e07d5d5fb7289b2f8d085c626f5bebc2ae1,market/crypto data
0xe22f691ed420143bfdab022a14e7d6873b33eef9,market/crypto data
0x850363a27f0ac6feb9c7a3ec4c1d295262df9432,other data
0x552cc4a10878c7f20574489d47184249657ca3f6,other data
0x58bdad5e654691ac5ed4631758f3d8da00666b6c,market/crypto data
0x45ac00db8bdd4b837abbbf75888cbdfe6b6d8943,other content
0x859af250df0b68bfd0768ca22142a1afa0abeaf4,publisher content
0xa40dadc75b69bee8325e8089258235213293f8f4,other content
0xa0bfa4f07281c9b248dc3aed2217836bca24869b,not content/data
0x5a557ddd13cee04dcb54625ff28a53e13e2ed548,market/crypto data
0xcd3273893d1c8df15a4d6bc411aa3d25a60fdc60,not content/data
0x32793f68dc2ea26bbc75eb900da120069e8b6d02,market/crypto data
0x21e16f1bc3aa847236354c8193d0cb21cf412efa,other content
0x79e999e2f9d5417f2803f1d88602ab1ea4323881,not content/data
0x33b37c6d7a98b58da3ccb3f36a4b578053d0ea74,other content
0x6ab8efe305cce67daa48c97bde29c04402822dff,market/crypto data
0xbc64b379295310b4e020f9186de44be0ca4fe3b0,market/crypto data
0x7861db4efc14a1ed5dd8c96c528a3796560f1393,not content/data
0x30eab9013826ed708ec072af66ae08f4b379fe07,not content/data
0xab62452b4b019bc4402bffcca6c706d16d72a7bf,not content/data
0x446e51deab3ae656c99e65369e8ef1148d23d7f7,other data
0x39e10e5f431b26cae3d7d0a39aef86055d015d8c,other data
0x3bf4f4914f78c3c2b2f2801f8ea717135b7d3bdf,publisher content
0xe8799c2deda78ecceb329d1e8fe9f110bf55e4f8,not content/data
0xcab797230aa7a9caa2d6da4ac8b2a06416225ca9,not content/data
0xbd5eb5559f5ac14475ac0c81b6735a4d9106ce28,not content/data
0xffff4b8da8c165b556326453446f6940c8afe0db,other data
0x318d34fa0bd69eff17fac648d2df8cf7a88b3dbe,not content/data
0x7cf45cd775bdf31a5a96fa0a5805df0b610d87ff,market/crypto data
0x6d017c4bc13f640c4d598d01dfd0d2813c85bb3e,not content/data
0x594bb80bb2993e5b1b6adf3c94df980d94a54933,other data
0x5c3db195a38f39074d8c891741a82f6d8f2a16cc,market/crypto data
0xa80bbade17e6b2fbaece40c1e17c1d5c07f73e0d,other data
0x3fb1413adb2aadb1c84f34e762d9cacfd8b068c1,market/crypto data
0x74d68013530407300dc0e9f99f99eefec202a6c7,not content/data
0xffc458db291b4abce020fe3de4f91f2770e537b1,other data
0xbd65c2d2ac9d3df9ce77e5e2579b5b38efee36f0,not content/data
0xc29185fa176357612f3194735753e520e91adc46,market/crypto data
0xd9f3261c9fea20a99d0708815010280c549e8ebf,other data
0xc0ccf68a8e61a4d25eecfcacd486e673e900de0a,other data
0x32a1ef342b5d6a82bc53208602341474d623e5c3,other data
0x403b72e2edbc9db738e09d3064a6a54f8a027055,market/crypto data
0x4293f75e69b22ee68afa0f464de86e5cd80bed75,market/crypto data
0x7f7c9bff1ddf2817641740962a9872e6421ebbfc,not content/data
0xa8774facfd3da2ea11f240c977b9973d78adfcfe,other data
0xadc3a47efbd82ed724a0e9a3d08d5a1a8e6586fd,not content/data
0xb3f32bdfe8d07825bc0d7387295ab1d7559ba69d,not content/data
0x9200c98c8188ef50302ed3b8b0ffd5d39832090c,not content/data
0x7b53524d5c5d29efb8c1d128c56f62fe38cd9476,market/crypto data
0x1831f336585a6c67b6a954d28f3e07f44c4eebbd,other data
0x14df772bd496bbb7f49bc3e992ce13b2c441177f,not content/data
0xd63e74bcb00757c8fdb1817f1558ed8b97c608b6,not content/data
0xdd666cdcf2bccff8d1c8161ed24ff26c0ed429b9,not content/data
0x3f4cee4c6bad04fcca3138dffdee579ddf17049b,not content/data
0xcc69d619e6053f88a4845066518f465bd06fc96c,market/crypto data
0x315708415764b7f2b783714ce82cf9c628e33fcf,market/crypto data
0xe5690d37805107c56f6195e65a262b234e0e5e75,not content/data
0x84fa7ea8303d4f503267e2e998a3f7d980e814a5,other content
0x7ca97ae70e38736a94eea00427d50846bab978dd,market/crypto data
0xb92bb76e3c5575160a2a561913047727d33af9a6,not content/data
0x3a7292b88471691946d8d8856925e22246bed743,not content/data
0x1a4ce63eef34e46ee63f410e667bd27a52954ab7,other data
0x2fecabdfc849c76fdc28ca13aa0ab392753ef35c,not content/data
0x7f8043c400799643bcb62b41b84b297a8ecb7b9c,not content/data
0xa6e10884a70d00de8b8c5dff0a2a9b1a821ce074,market/crypto data
0x38c72cab5d8f053a7cce4f522b923c3c70291b9d,not content/data
0xe61c2359f1539b15f092aadbac332cf033767aec,not content/data
0x9f6c07e3f772ec49435579ec34e13141a94b9958,other data
0x1deeaec4250e66702e22777ec1e3a70b19745a72,market/crypto data
0xd6cd12fd5841e5f1daeb687e4ae041f9d08ac1c3,not content/data
0x9504a5939ab5be2b2b1f8bea7d7ebeccd96c485d,not content/data
0x0d4ee4e945601865e3a5bc5a188e4a9cf23c00d5,market/crypto data
0xbb967f16c7f3e9b4c1626680684445d41dbe44ab,not content/data
0xf4a6cea7ce19ce36d6420905e5a1eafb30bfd133,not content/data
0x9a4fb84633c690e422c33491d1fcc319849e6bb0,other data
0x0adc7adac7bbaffffbd73505711e42378c4f9f9e,not content/data
0x9baa4417d1e78f2ed5b09aa4abfb541aeb2cd6ed,market/crypto data
0x5d17c40fd6b119dc6006c4ab3c20a917fcab2acd,not content/data
0x61195a8af1f72350d85790f6edfd5d11d1fa02db,market/crypto data
0x6382e6929a20b7eb02bdacfb5368362984b24c15,other data
0x53598173ce7c26025bab0520d9e9d0c28fbcf7de,not content/data
0x6a4921474848d3fa168ee7fa87222547acc4712f,other content
0x25a8b697da5c0baf698fd6bd9701b5e825214145,market/crypto data
0x15459498e1191d8787c83177809bd54022fa18c4,not content/data
0xb9721fdd2ec85f7f604f5bbca2292d7c4ff6b62c,market/crypto data
0x624faf18c78456c8da5bf156cd77c1a2033f21c5,other data
0x48096526488f2d51df6bca1b1f3a3639986cc3dd,not content/data
0x6ee49a7872844397fb52870cc07b308ffadc9427,market/crypto data
0x908b2cc89a2387f754ba3c80aedb06f3457436aa,other data
0x6a706d6fcf192c15fb592d7502258ed41425dd36,other content
0xbbecbe90f28632a9d52ed67b33b43767b8c89285,not content/data
0x46ba634261566cf242c853d1f49511f9268ba674,market/crypto data
0xe341add833f9d62082e97ea260baa6546cd09f73,market/crypto data
0x8647f7d7a1368a467ad1ff757fbc2e7167973558,other data
0xc6e6138daac78cec93d491b4581afa1a61b98a17,other data
0xc55a2d530b53cbad1001e4afd4720b7e71f9c291,not content/data
0x82b17d0bb4de9ae6c3491257b60e8245e70acd7b,market/crypto data
0xd6b585dd2f48263d08fb75ea28c1598d845d23a8,market/crypto data
0x995c0abdcd2ad76548e5f7deb54d32549b2b781f,market/crypto data
0xca4556c3f1fab4af46a089d6346c86f0cac63a2d,market/crypto data
0x237371f8b372a02b58fb430eb564b7c5cb936f75,market/crypto data
0xb32e6b14b706bc64ec7a67285973c4556e97a8e6,market/crypto data
0x66e19457ffc829e8ed74706f5c1399c6f6466de8,not content/data
0xd0cb67af1adbf8982ed1cd085cd4b845704609ce,not content/data
0x41adee1eba2c276be5e8cabe0ce523e4dd792170,other data
0x9a62b1fc2337a9437038d97105f75c369505b563,not content/data
0xb3e9391f04f791462ed2a1ebafabe254d7afe3a5,market/crypto data
0xbd61dfb01f81c91f02b0ccd51b0220e0c8918639,not content/data
0xa1ebb2a8a8ed5497cf09c861a1e135520a3b3396,not content/data
0x9d6b6fdb04040a55d58b24ff4c90c08cf6083c8f,not content/data
0xa3091005a76b1480f1897a9d0c2e1c55b7767674,not content/data
0xa7e1fe3744e3b6d55237d95ce575cafe3b8abecd,market/crypto data
0x407ebfbe56172fac4795541eb5aef6f463cfc868,other data
0x33cc8de6e86761d217044a8a6b394ad23b579596,other data
0x478bcdea94b9cb5ea14c33e6f0d7e920743d39f2,market/crypto data
0xe73d86f185be79a33b0318d881b71f2a24371114,not content/data
0x108bcd8a07c3fdfca3aa500784a8573123a1029f,market/crypto data
0x0db4c96d8b14f431f3bb8ce1a33f07d2c696a62c,market/crypto data
0x402faccc3faeb72351cc2b68c7966faf5f22b0d4,other data
0xeb0f642c1b71ec3b3594303de1d09ea2532b0f5e,other data
0x6d9f318463168ff637b50e5b9a21392e97c7c167,market/crypto data
0x6a667a72d3d36d95421474019aa46f0308d643fc,market/crypto data
0xf3d62244749ea344aa5408e7bc50b5287f2b32cc,other data
0x56cfdcc1ab02e027a11ebced1b884351ea6467ca,market/crypto data
0x67ac1e671e87b2c91847230748ed38a596013ea6,market/crypto data
