fee_payer,sponsored_transfers,payers,payees,usd,median_usd
AgmLJBMDCqWynYnQiPCuj9ewsNNsBJXyzoUhD9LJzN51,26782462,273287,268026,1452480718.2367415,0.7025667380701222
FHpcNSe6tb2n15bAdq4BkeYWGyZKFD7yLYrH92ng7wCT,3862361,53276,46102,148588486.79447204,0.9260570187163485
CDRqHM8PkALZ5jRhQ1ikjzegr4LuuWuunxuoWeKNuokK,1176301,374,549,4949368.33433998,1.0003885550702676
HYe4vSaEGqQKnDrxWDrk3o5H2gznv7qtij5G6NNG8WHd,816331,94,94,28194799.373591155,7.633134279493133
HuTshmtwcQkWBLzgW3m4uwcmik7Lmz4YFpYcTqMJpXiP,463712,1717,1761,10032014.649392957,2.5020136746472073
7pYQewCygX9wqMLzaNiJz8tkCSDpWDb8AidxBz5w1u4A,435289,2020,689,62201755.674225,23.903451531506313
En3NPq8o9Cynf1Q3eP69AqZmPKmBaDugYnE832o2YuzP,411835,935,35,69589474.16611987,80.7968053456648
4XBqViD1XYF1qHrErrsXBzDrCapvP9fEFX4LPjXZi9YU,370537,1443,49,136315192.828522,109.72624109032219
HYEuFrEshx2rVhLj3trU7WsCnw3y3zb3Ns4bXoFjFcb,362326,320,322,63950963.422218956,34.34154943041891
mGrEwYbMo98b6koTfy9pSfFJA1FZoxFxY7kjcsKf9C5,352523,4901,7705,7912441.864565975,0.9357166272926123
ATxToSApFMKUWDdaCPoVi18SRwfLaStnrAdwGT1ap2ev,342339,332,339,142236794.46851286,69.88082163773643
HAWK3BVnwptKRFYfVoVGhBc2TYxpyG9jmAbkHeW9tyKE,334962,809,709,59338594.21890601,0.3270612503699939
MenuxY5yMzJkeKZTvDTcovjh4fuJHMHhJyjJ5v5LzG6,325700,1000,9,17860911.97356105,18.567339921800016
77777nPhGvFUVAj6uq8MGyLneBt4SMwCScYZDzzztdsa,298109,68,1,103833694.21401495,142.74249440711375
DmQSnFzRoENh3weu6EtBBhHTpQBQSsvjpMX8iYKRygQ4,280787,1275,271,24854318.22416387,22.197633421205406
MfDuWeqSHEqTFVYZ7LoexgAK9dxk7cy4DFJWjWMGVWa,279989,6169,1997,628063871.4005938,573.9404865357246
29eV5LuZwwVaoufKr5ShBejYVP6N4JZ14U3M5rffXsjp,271921,1109,281,34518786.77793604,31.89688256011968
DcQNaByvstRZCERvb9UJHgHiQe8YX2FMdPptM86psQyz,256352,1344,291,28050656.246344995,25.114580993802804
UUAhspPgUdGuXUnokmxERH1VvNGNh1ouN3mfcbfV8yd,253468,1315,38,124085434.7813898,228.11953899947116
gasBidSWW5zmwXs3gn8TG2ijzKkrwpyM7ucwjgDQst6,245079,1366,1480,36547330.84056297,18.152550944365913
AGsz9pj8WaF61KwGp1FJy7EQiTq7gsRzVT1SJJtEjJ3E,243450,282,11,269515.8914009999,1.021853561018371
Cr6vUmtz58dtsyDJX2GKbifgYf7zvwgPt9HyJvwMRLL8,232730,119,7,92724681.89856204,398.4374633285391
H4arxkST9m8UaASkLxEKrAT7RrfvayBBWV9oYpVkXZDb,230316,873,929,37142698.041013926,42.019701957548406
7nwPXZNhBj88jcC22VNBQUYLohTsQWh5VGxWqnAAcvMf,225794,1424,276,20412071.056149933,16.818467648542168
gasTzr94Pmp4Gf8vknQnqxeYxdgwFjbgdJa4msYRpnB,195873,11220,9565,23220371.91845896,4.539238606574606
78Bo7xxGWBEvqbh3VMKvkFG4Z63cXKSJ2LCEXAanhN7a,188830,966,20,1425767.4099659983,1.4944986275248946
NALUnJA2AJUYa6xJL1HsorEeFgxxDsfUgYBCX8Pp2zD,188385,583,6,46495281.3082659,108.8519740538513
ExYDCa8Gvw8VynhG9SWNKK9k5gg4FpYtf1cF3BUhiDgo,187751,138,3,74665706.00902423,233.08918920466908
capsFrvPsaCQ6y7RUk3TYkB5D1oNCNjRb4uYuB5UCsZ,184003,1235,262,21429335.514678013,24.55177647569138
FJx61bqznoVfVDFoujYGgJoJsJq4DxDQ8K3YG5kgRm6G,182586,502,510,19489607.800696064,104.23073682841958
9nXDunV8eNvYSVys7JSBkm2hz9Q79Q3EYeko19srVeMC,176442,328,1,13888771.221817993,24.395951241775272
4jjEXcFPXw7WVGXSTb227HW6wfLprjh2RtiHty4GbetE,175463,992,1365,33309861.845348854,6.4675163009812975
FkaLnX17cXZGyeu3kZGdHCNdFMJJzBrPPYVvd18B3MZp,167598,3596,80,307971297.91445047,377.51894597919505
AdNNhu6VciznHmsZSrT4oBBgJNorWXYruEo4CbPiABxz,164015,78,86,18722534.516187977,85.08839041180887
MboHN2QBTgaGCQDWZ2WczBA9MUAzAaskQBCxEuyjUpX,162663,110,6,173607.46739599985,1.0180746389369855
Cc5M6mecyBKjdrjnvreuANqhMBdLeU7RZNzoSEh2Rnfc,160464,11227,19804,59951737.93116375,9.22817216509451
GxDC9e7SP9mzhDo4re5HbpLa2RW7gB9DtmThx4i4pXSq,158643,1828,50,40592767.89579395,1.9351888297526612
b23Ke4utbwr1WcY8onbybJbNQghkNs7RrEC9f69VbJW,152829,210,162,28427280.703631986,102.68477887517838
FireuLYd4yjJBhXQyBs3Mq6ZpNEjyHPNPG2eqhTP9RHV,152827,134,8,7575838905.98445,50000
DvwxJ2oPybKyhZqQym1kvYMvwfZfWASNaUgPZfCT4on8,149348,73,8,158196.9328199999,1.0194751517590726
8StkTM9BXnsWwWcbihCL8pUn9xBePvjQfXHqTkNjuyGD,141451,88,91,71228255.86876464,278.9855193356502
GHigB15jr7wZ8GitjD4Hf5naqyUJfMbKa1n1PmSiBhUc,138020,942,9,12635949.279885998,41.399497587515704
64fcNUtAAockLpMJZ1DudHCMHJhLRBmgrmGvbrwmQzQw,137803,60537,69332,8215590.49299201,14.492942007575818
Gygj9QQby4j2jryqyqBHvLP7ctv2SaANgh4sCb69BUpA,135112,2046,2177,1157920.3305939997,2.4337536635472263
B2MyGnkXfteoys394zmKCqajipC3W6MSsFWDT8RwFAvg,131734,120,125,59776191.44575902,112.62411293541128
8XCuiPZQManGPTvHeYVsCBysyMGhHyk7Yh1SDVgErQdR,130523,31941,2,13325421.998000003,28.638227411942957
Menu6gwHVfJA2fG6D6eJ8yP6WDHwzuTQgoiBmVcxUtC,128987,62,4,12025238.360850995,36.797689978517646
C2wezAHikMgfvXJRqPuDvS7KZwLvKRr6xNR3U431GWas,126682,764,252,13341317.173440006,34.405389032041015
Hasda78TSaT9bjiPxDBvP4GpohFpP3TDTaJEcCYK5kyN,122371,33,1,28055243.437092993,155.72496105376152
DDyDDYFniwBYKfMzoL61Yyc53Xa5N5znNWKGLjxyAh69,119874,211,186,29571974.99700903,100.38235470473174
3y5u6tGmYwoFpLgfRYcjxRLj6g4FYHfoG3Z3g4ChGas5,118474,653,19,45445824.60147781,106.34933211327316
theo9SfM3dKgKFbq4kFVmEXwSQ1pdr61wDqEWXKJpYs,117876,752,20,38340615.592966035,202.54215931070433
eLLnsiBsWvERB34kgiJ4wPhdRzqM17gMG4cHouMqaHz,115112,736,22,36039169.91879103,212.59361808768304
7HsyYYLEP5nRMcSfkkbe1zYCW5ps951q33kPfvqr3jBL,114832,1322,22,8036674.760159986,18.558350965380825
FtFtF8iamFC3gCv5VYUTBd1G4r1XEc1TbcHyuy6hkJPQ,114077,1003,61,112751799.05932267,416.59115644922383
7rtiKSUDLBm59b1SBmD9oajcP8xE64vAGSMbAN5CXy1q,108804,6629,7034,6540743.998448023,4.629387633189757
SiLVY7arXeuC1Z2VLkcPAbyrNXzqsemMujdsmmH6GPX,106356,495,6,127224.87338300003,1.0014944190703936
B4RRE8DrRRLAH3d6CAqmSixLdcurwnic1h83rEYmSY4s,105589,441,23,40171805.65328292,151.36817278863148
rouT7QhbYxnZZ8LvNRbEeEgsCGY7ZZ1yv8y9RcvPJsL,104375,48,5,109580.680936,1.0028841948752256
HckQ93Xqjjo8mwt5pNPWvyCTZXQZ858rvzmm7ZRrZg9t,103864,875,2445,51754.37416999992,0.006385580085824201
12BLKXs2JUSzMTq3r5JFor4FBiG4bA3kFpW5LpvMkweT,103138,907,7,7118677.774927989,23.913956395672454
8FFALE1ziAnomnn6PaMpy7ZgfCNcNKhwr6LKRKsuGB81,100464,31,2,22764411.363872983,221.5103112151545
4iBbavcJ5jV3Z6BE6zfxzNQaT7fwZMpFwz21nxjtQAKH,99468,3051,2567,7886180.8269070415,2.6330320279311197
A8A9GoxfmcjY2QAQ8tYS98SqDBF6hUFDmxAKBsLw29sL,92086,602,20,84906340.33667602,653.0729944104772
9CaQLdhZ8t4bzRVsqbA5kdB864zxYyvhp3yPBQvUHP71,91726,3028,2561,7175118.94498905,2.615154221332416
GJvewfRjqTUPtx6WsBSUnaFbdgXwgXnWfpDyLm65T4YA,91418,172,18,26829609.61603795,167.39253996843786
4GE5AQFL2AuFyFQ9wPSovxHcUtXe6MBQJ777qb5U3aka,91291,3018,2530,6979759.039503049,2.5935612586227594
shakRDxyKwaBbduqZTZt8Q4etTALbDLnAANStv9TLH3,90918,1109,72,62977856.249414966,244.45478497034733
7JCe3GHwkEr3feHgtLXnmuJ1yB3A7coSeyynxTBgdG8k,88320,8036,15051,9522576.605909979,11.562066303075344
Em8J3gBWapfVBGVhVipwQnLrqCvnWBnLajw6XFsFECPF,88064,8159,15143,13904988.099715007,11.65857030881722
7iVCXQn4u6tiTEfNVqbWSEsRdEi69E9oYsSMiepuECwi,87496,8104,15109,8744690.764092002,12.154535363816887
C6FoDh43VuGYXPLLoW1XRrerbaasHFiXAEnNcmXbhWPn,86957,165,162,8040653.049328985,39.934077232803624
C1eaeMzBBHmpbfzx5FEJ3ffKj11e28iUkMEyEgsiKSb4,85992,30679,25793,28.177356999999915,0.00025144563158061787
sy88tvipKfaCTuVVeU2PczPa88hqgPfKnYQyCHboHP8,85556,1224,21,5224090.9291049875,15.345625073012986
3qj5m1fNS7tusqF2epNfYxWM8NoFyHSAz8gpee3KbL8U,85497,13456,6,4261618.153599992,19.99351551447526
5CEbueQnq1Ym2uSSx2xXds3jQAqT1BDnkA59RZobSPAG,83810,803,115,6689643.595121977,15.69362717534902
44K1b9bWvdPSUJZyRpi7gaodY9ZjeNUd7hVSg5iYaHvz,79953,11580,6670,163603016.27776903,176.34375851607658
R32xAccFis3YzBzGwZ1C4QkGiehLxSao7gDmErA3kjk,79715,1586,48,19752042.036152072,37.073455979525505
DUHmV7jz67WHrWhvtkkTUxMeFMksSw23d9YbdTr92EPg,78728,26,1,18483446.792070985,224.41826678235185
Hz7KY4XrZs7A5XHonoUwBhqarVZJCnm4ByDvQzcDr7sz,78003,181,43,80318674.39654683,631.9782687508346
6h71m4cswSyoLEtxRpM5m79YiTMj6uyD4cMEv2jc4E59,76155,82,68,52019015.57986719,599.8529425352035
DRGmiUioXnG6pP3k8CHhAzzer5NFhWhG1BPVtBQY3DsP,76154,66,68,88287426.86901994,797.3501306383367
FvMsjxqMHjLD9RfvF6iLv6PjM9HPHjGzUboNqgA8tPk8,75785,28,1,23872339.193014912,302.78661605559665
btcf1R5sJNgZSwmkLNcKTsw15vGY3LZrXTqU2Ke7DfE,74232,1077,25,5020999.3407510035,19.944499803059756
GachaNgyXTU3zFogQ8Z5jR2BLXs8215X2AtEH18VxJq3,70685,1460,161,11014807.369994005,51.133839517260164
CKuBTzPwzrCisqQMQfAjNn6jKcfny8ny4rJVN3cxLjcf,70223,219,221,4345511.073072,50.14540069198955
GvyLS9WFxUBzoiVPKTJAR2bGLocnoEVWRYh4D8i5z7m1,68217,563,8,9774883.194791997,83.38065851972823
9EgQawWophk7vZZWLfFWsYYuPzcjMeW47fjqgxkk1Z7J,64734,26,3,22428337.144169938,318.65681608489615
EYvwg12vXcUN7pF1fASQZZgQ9RbVUMLjKqqCfi961ptw,64477,631,352,1835004.7241070035,20.670383277693816
EDjghonN66F1CPwDNtFoatWKJPsEWzsjTrM7QgVcHeSw,64151,280,244,889241.9670700002,10.012088748399925
DfrKKdMa2NdEjErxrHEM6JTM8hCvckkdCBfYVynZQZpt,62525,27041,21296,22526403.854433972,29.81495715603881
FBQ23w6WVetKYJMLCrtxqPn9pKg9rZbB8GcW4MT63YzA,62077,27423,21043,22106256.443610046,41.78987032341182
99mRw3EzdJZWEUjgp1nrU4WeHsukUBjbh7gYE7pm4F3c,61977,562,100,5402259.4604300065,56.12099484404226
FUNDduJTA7XcckKHKfAoEnnhuSud2JUCUZv6opWEjrBU,61375,367,1,66527.77200299995,0.02900136081438818
hi1oCrTug2WkKGoRZVTmQYztnvgEaGH4dYmVH2rWU73,57872,5841,5872,76712.12,1
ZZZZZQmQArjCfm1QGfonjep3S4Md5eUjgnXuLsWRtbr,57546,182,187,2909911.2101080026,25.31007448594825
4eaJue8tjfSLTURBjQnjqNC9VSb5E1bLmMyp81d2JtpL,57492,108,1,8264066.936129007,80.50300222986631
m7VmSjdSN6isudY6PVRa7GuZbG8rPBpB2X2DGHR5awz,57042,45,1,18697121.643368937,220.9723355665482
LionX7R69tL1EEcpRkJ9jRuwV7bi4jFoKmZZnxiVK6y,55023,2200,64,224622.29805000068,0.20130713061559652
F7yD9Uk47rhxRwet5xh7t8rZS4wN5iE16y2o64KoiQYX,54852,464,24,2915949.3344050036,7.946890226285075
