week_start,settlements,usd,usd_after_single_buyer_filter,top_facilitator,top_facilitator_share
2025-06-30,5,0.01,,payai,1.0
2025-07-07,12,0.01,,payai,1.0
2025-07-14,7,0.01,,payai,1.0
2025-07-21,3,0.0,,payai,1.0
2025-07-28,3,0.0,,payai,1.0
2025-08-11,1,0.0,,payai,1.0
2025-08-18,1,0.0,,payai,1.0
2025-09-08,30,0.81,,payai,1.0
2025-09-15,42,616.56,,payai,1.0
2025-09-22,84,75.28,,payai,0.9962
2025-09-29,1853,11.74,,payai,0.8194
2025-10-06,3451,33.12,,payai,0.8973
2025-10-13,1527,40.42,,payai,0.8792
2025-10-20,5996,30572.81,,payai,0.9999
2025-10-27,94857,11172.49,,payai,0.8809
2025-11-03,79587,62016.25,,openx402,0.697
2025-11-10,224686,232972.09,,payai,0.6722
2025-11-17,1276200,154640.23,,dexter,0.9729
2025-11-24,3600077,640644.25,,payai,0.5607
2025-12-01,5476990,2250416.81,,payai,0.5954
2025-12-08,5817641,1738841.45,,dexter,0.9598
2025-12-15,6584770,1627676.23,,dexter,0.9628
2025-12-22,6890531,573415.67,,dexter,0.5821
2025-12-29,4582279,278221.84,,dexter,0.782
2026-01-05,3401004,233660.14,,dexter,0.8963
2026-01-12,2007187,158341.29,,dexter,0.8709
2026-01-19,2488693,159182.43,,dexter,0.9064
2026-01-26,1600871,77054.33,,dexter,0.8386
2026-02-02,1372513,74909.0,,payai,0.4522
2026-02-09,515738,49560.69,,relai,0.5243
2026-02-16,371835,43168.05,,relai,0.5771
2026-02-23,284399,31936.73,,relai,0.5704
2026-03-02,387168,65156.37,,relai,0.7206
2026-03-09,519727,89357.72,,relai,0.7213
2026-03-16,120017,5891.77,,dexter,0.7816
2026-03-23,114291,4930.98,,dexter,0.8867
2026-03-30,74510,3380.47,,dexter,0.6687
2026-04-06,64877,27730.69,,relai,0.9522
2026-04-13,113864,26193.16,,coinbase,0.9538
2026-04-20,130020,45160.56,,coinbase,0.9777
2026-04-27,154300,35400.47,,coinbase,0.9108
2026-05-04,215859,43272.61,,coinbase,0.8854
2026-05-11,242542,26469.41,,coinbase,0.5952
2026-05-18,203613,45660.38,,coinbase,0.4444
2026-05-25,75118,15441.8,,coinbase,0.8393
2026-06-01,83542,60266.93,,relai,0.6192
2026-06-08,107999,55225.54,,payai,0.5201
2026-06-15,212767,57733.13,,coinbase,0.4515
2026-06-22,220355,48434.7,,coinbase,0.6185
2026-06-29,101751,22563.93,,payai,0.5529
2026-07-06,117614,6142.82,,payai,0.5124
2026-07-13,192217,39575.1,,payai,0.8427
2026-07-20,284251,14757.5,,dexter,0.5587
2026-07-27,181968,19159.84,,coinbase,0.7312
2026-08-03,94300,48723.15,,coinbase,0.9444
2026-08-10,209283,40935.02,,coinbase,0.8359
2026-08-17,3258371,91411.16,,coinbase,0.6708
2026-08-24,9115610,207068.54,206572.07,payai,0.5554
2026-08-31,10613924,166372.13,161515.28,payai,0.4487
2026-09-07,2225110,126533.23,125663.86,coinbase,0.5333
2026-09-14,142308,48053.35,44391.14,coinbase,0.9081
2026-09-21,97121,84250.41,82137.96,coinbase,0.9127
