week,facilitator,payments,usd,median_usd,payers,payees,usd_after_single_buyer_filter
2026-08-24 00:00:00.000 UTC,payai,7448002,115010.54507322096,0.0016675082757626272,580,74,114946.85822122091
2026-08-24 00:00:00.000 UTC,coinbase,17128,72141.25638299977,0.015814516822145637,127,59,72044.98721499974
2026-08-24 00:00:00.000 UTC,figment,1643114,19305.06811899327,0.0016344226058636804,6,1,19305.06811899327
2026-08-24 00:00:00.000 UTC,dexter,7366,611.6666300000029,0.02,72,26,275.16000000000287
2026-08-31 00:00:00.000 UTC,payai,6883036,74652.73909816891,0.0015928541025683075,501,64,74600.2162981689
2026-08-31 00:00:00.000 UTC,coinbase,12957,69680.012327,0.02,137,90,65526.305487000056
2026-08-31 00:00:00.000 UTC,figment,3711156,21196.16903898368,0.0016107138395820564,13,1,21196.16903898368
2026-08-31 00:00:00.000 UTC,dexter,3232,445.6432599999999,0.01,29,28,175.39604500000004
2026-08-31 00:00:00.000 UTC,threews,3536,380.3575,0.001,2,3,0
2026-08-31 00:00:00.000 UTC,openx402,2,17.175,13.8125,2,1,17.175
2026-08-31 00:00:00.000 UTC,openfacilitator,5,0.03,0.005,3,2,0.02
2026-09-07 00:00:00.000 UTC,coinbase,16352,67475.31808699999,0.02,114,69,66763.35629999998
2026-09-07 00:00:00.000 UTC,payai,1149018,32333.47921199766,0.0017233700974551066,660,67,32317.858385997642
2026-09-07 00:00:00.000 UTC,figment,1046315,26223.257466995743,0.001970593653294346,30,1,26223.257466995743
2026-09-07 00:00:00.000 UTC,dexter,13413,499.93799999999834,0.02,71,25,359.3919999999977
2026-09-07 00:00:00.000 UTC,threews,10,1.206,0.11,1,1,0
2026-09-07 00:00:00.000 UTC,openfacilitator,2,0.03,0.02,2,2,0
2026-09-14 00:00:00.000 UTC,coinbase,15877,43639.06785199994,0.02,124,111,43635.831551999945
2026-09-14 00:00:00.000 UTC,threews,16269,3392.957154999997,0.001,12,77,144.001946
2026-09-14 00:00:00.000 UTC,dexter,3912,552.4834430000001,0.01,71,28,144.94999999999987
2026-09-14 00:00:00.000 UTC,payai,93191,435.3164809999962,0.001,543,99,432.83528099999637
2026-09-14 00:00:00.000 UTC,figment,13059,33.52332199999947,0.001,29,1,33.52332199999947
2026-09-21 00:00:00.000 UTC,coinbase,18035,76897.873491,0.016750388498065785,117,75,76855.08504999994
2026-09-21 00:00:00.000 UTC,threews,26333,6082.400312999993,0.001,12,86,4534.443145999997
2026-09-21 00:00:00.000 UTC,dexter,10870,780.5373249999999,0.02,28,29,326.37999999999886
2026-09-21 00:00:00.000 UTC,payai,30678,435.0769549999996,0.001,277,68,367.52784799999955
2026-09-21 00:00:00.000 UTC,figment,11181,54.41209899999966,0.001,18,1,54.41209899999966
2026-09-21 00:00:00.000 UTC,openfacilitator,24,0.111,0.005,2,1,0.111
