week,facilitator,settlements,usd,median_usd,payers,payees,self_payments,usd_after_single_buyer_filter
2025-05-05 00:00:00.000 UTC,coinbase,43,39.25100000000001,0.01,5,5,0,0
2025-05-05 00:00:00.000 UTC,x402rs,4,0.04,0.01,1,1,0,0
2025-05-12 00:00:00.000 UTC,coinbase,157,31.603916999999985,0.0001,11,10,1,30.539399999999983
2025-05-12 00:00:00.000 UTC,x402rs,1,0.01,0.01,1,1,0,0
2025-05-19 00:00:00.000 UTC,coinbase,67,21.3277,0.01,10,7,6,21.251
2025-05-19 00:00:00.000 UTC,x402rs,2,0.002,0.001,1,1,0,0
2025-05-26 00:00:00.000 UTC,coinbase,433,18.663971999999994,0.0001,15,20,3,7.036916
2025-06-02 00:00:00.000 UTC,coinbase,245,36.82629999999999,0.01,39,13,8,13.153999999999998
2025-06-02 00:00:00.000 UTC,x402rs,1,0.11,0.11,1,1,0,0.11
2025-06-09 00:00:00.000 UTC,coinbase,186,11.663899999999998,0.0001,22,14,10,10.0509
2025-06-09 00:00:00.000 UTC,x402rs,4,0.004,0.001,1,1,0,0
2025-06-16 00:00:00.000 UTC,coinbase,155,53.48470999999999,0.018571428571428572,28,19,11,46.215109999999996
2025-06-23 00:00:00.000 UTC,coinbase,236,36.76988200000002,0.0014275510204081634,26,19,36,25.60729999999999
2025-06-23 00:00:00.000 UTC,x402rs,2,0.005,0.0025,1,1,0,0
2025-06-30 00:00:00.000 UTC,coinbase,207,20.9927,0.001,15,12,3,17.420700000000004
2025-06-30 00:00:00.000 UTC,x402rs,9,0.081,0.01,2,2,0,0
2025-07-07 00:00:00.000 UTC,coinbase,412,21.695289000000006,0.0001,28,17,24,14.5984
2025-07-07 00:00:00.000 UTC,x402rs,1,0.01,0.01,1,1,0,0
2025-07-14 00:00:00.000 UTC,coinbase,138,12.289520999999997,0.000999,16,18,16,0.9882000000000001
2025-07-14 00:00:00.000 UTC,x402rs,1,0.0002,0.0002,1,1,0,0
2025-07-21 00:00:00.000 UTC,coinbase,2357,98.235694,0.009870980952380953,73,89,0,60.98656799999997
2025-07-28 00:00:00.000 UTC,coinbase,1991,431.54559999999964,0.007993322807400931,94,141,33,366.0365319999994
2025-07-28 00:00:00.000 UTC,x402rs,26,0.24102,0.01,3,3,0,0
2025-08-04 00:00:00.000 UTC,coinbase,3756,1575.6954179999996,0.0044710179712931074,113,78,9,597.4626549999999
2025-08-04 00:00:00.000 UTC,x402rs,112,0.046880000000000026,0.00032,3,4,2,0
2025-08-11 00:00:00.000 UTC,coinbase,3086,100.37767600000002,0.006403731038342028,53,70,27,78.59036800000001
2025-08-11 00:00:00.000 UTC,x402rs,31,14.87864,0.017,8,5,7,14.564
2025-08-18 00:00:00.000 UTC,coinbase,2282,136.20574800000009,0.00847965999838099,62,124,8,77.26904900000008
2025-08-18 00:00:00.000 UTC,x402rs,210,56.943,0.017,8,4,5,56.853
2025-08-18 00:00:00.000 UTC,payAI,2,0.002,0.001,2,2,0,0.001
2025-08-25 00:00:00.000 UTC,coinbase,2861,226.45233499999998,0.009853862876254182,60,52,3,200.608919
2025-08-25 00:00:00.000 UTC,x402rs,706,61.17700000000018,0.034,49,4,16,60.02700000000018
2025-09-01 00:00:00.000 UTC,coinbase,6785,252.74074400000006,0.0020001518094597912,70,57,0,226.28750200000007
2025-09-01 00:00:00.000 UTC,x402rs,690,24.76695999999992,0.034,17,7,10,24.37599999999992
2025-09-01 00:00:00.000 UTC,payAI,4,0.031,0.01,3,2,0,0.031
2025-09-08 00:00:00.000 UTC,coinbase,5898,138.20733600000005,0.0013385649324324323,52,56,8,129.13407099999998
2025-09-08 00:00:00.000 UTC,x402rs,768,29.064999999999966,0.01998679425837321,8,6,19,20.432999999999968
2025-09-08 00:00:00.000 UTC,payAI,3,1.02,0.01,2,2,0,0.02
2025-09-15 00:00:00.000 UTC,coinbase,8814,399.6456519999997,0.003657611460013405,102,71,12,303.4895599999995
2025-09-15 00:00:00.000 UTC,x402rs,80,65.611,0.025500000000000002,12,8,11,54.39
2025-09-15 00:00:00.000 UTC,payAI,1,0.01,0.01,1,1,0,0
2025-09-22 00:00:00.000 UTC,coinbase,4271,144.153775,0.006235731966831978,62,69,15,105.00197800000002
2025-09-22 00:00:00.000 UTC,x402rs,219,5.756999999999998,0.02,14,9,125,2.5339999999999994
2025-09-22 00:00:00.000 UTC,payAI,1,0.01,0.01,1,1,0,0
2025-09-22 00:00:00.000 UTC,corbits,3,0.003,0.001,1,2,1,0
2025-09-29 00:00:00.000 UTC,coinbase,18910,48872.96413599997,0.0005064278195952494,85,69,31,722.8239250000046
2025-09-29 00:00:00.000 UTC,x402rs,94,10.640852,0.01,10,9,6,0.17053200000000004
2025-09-29 00:00:00.000 UTC,payAI,3,0.03,0.01,2,1,0,0.03
2025-10-06 00:00:00.000 UTC,coinbase,5190,759.0913550000006,0.009782714016670026,130,91,81,576.2508399999999
2025-10-06 00:00:00.000 UTC,payAI,87,1.78224,0.01,16,9,16,0.8400000000000001
2025-10-06 00:00:00.000 UTC,x402rs,67,0.5059600000000001,0.001,6,5,5,0.04
2025-10-06 00:00:00.000 UTC,aurracloud,18,0.25,0.01,3,3,0,0.10999999999999999
2025-10-13 00:00:00.000 UTC,coinbase,20814,2202.802175,0.009799381353808465,768,110,53,2044.7089390000003
2025-10-13 00:00:00.000 UTC,mogami,5,12.01,1,2,3,1,0
2025-10-13 00:00:00.000 UTC,payAI,41,1.9921000000000002,0.01,13,6,18,0.18110000000000004
2025-10-13 00:00:00.000 UTC,x402rs,21,1.118,0.01,5,5,0,0
2025-10-13 00:00:00.000 UTC,aurracloud,35,0.7,0.02,5,4,0,0.43999999999999995
2025-10-13 00:00:00.000 UTC,daydreams,6,0.18,0.03,1,1,0,0.18
2025-10-20 00:00:00.000 UTC,coinbase,930781,912258.3041389799,1,61254,365,673,908818.7777099794
2025-10-20 00:00:00.000 UTC,x402rs,266047,245446.0120429936,0.01,11472,92,75,245381.55251999354
2025-10-20 00:00:00.000 UTC,payAI,141927,167078.4284290025,1,14234,93,89,166831.0056230025
2025-10-20 00:00:00.000 UTC,aurracloud,3693,15503.564386,4,68,8,3371,1911.434386
2025-10-20 00:00:00.000 UTC,mogami,653,2013.1130000000003,1,252,12,14,2009.5310000000004
2025-10-20 00:00:00.000 UTC,daydreams,1144,52.39804100000008,0.0315,47,2,6,48.80654100000008
2025-10-20 00:00:00.000 UTC,openx402,3,3,1,1,1,0,0
2025-10-20 00:00:00.000 UTC,codenut,1,0.01,0.01,1,1,0,0.01
2025-10-27 00:00:00.000 UTC,coinbase,4.599608e+06,3.283093749873194e+06,0.9931949349902083,79267,10244,1.741912e+06,1.6287817320540168e+06
2025-10-27 00:00:00.000 UTC,payAI,461820,639455.6620550195,0.010009265823454103,32718,8244,143882,550030.7394550066
2025-10-27 00:00:00.000 UTC,mogami,12415,272609.5535,1,5094,62,43,224683.3964
2025-10-27 00:00:00.000 UTC,x402rs,295400,219835.36660400132,0.4768250195955052,9677,242,72853,153868.22436800794
2025-10-27 00:00:00.000 UTC,daydreams,319479,162280.4859640061,0.2499838372171544,10114,3187,311,11929.778253999644
2025-10-27 00:00:00.000 UTC,aurracloud,149997,27471.671943998004,0.004831908599027456,11641,5495,65,22723.84034399823
2025-10-27 00:00:00.000 UTC,openx402,100658,2475.1939000000903,0.0001,682,114,35,2473.500900000089
2025-10-27 00:00:00.000 UTC,codenut,22918,229.3672500000125,0.01,3570,9,1200,217.1400000000113
2025-10-27 00:00:00.000 UTC,questflow,11430,132.09202200000007,0.0022513960412500447,72,116,0,125.3521610000001
2025-10-27 00:00:00.000 UTC,402104,30,11.751781,0.110091,4,4,20,8.799999999999999
2025-10-27 00:00:00.000 UTC,ultravioletadao,88,5.434010000000001,0.01,24,22,15,0.6410000000000003
2025-10-27 00:00:00.000 UTC,corbits,41,0.287114,0.01,3,10,0,0.115114
2025-11-03 00:00:00.000 UTC,coinbase,7.185386e+06,4.585389804072354e+06,0.9958978162948662,18862,9693,3.974456e+06,898151.6077583815
2025-11-03 00:00:00.000 UTC,daydreams,874712,349697.2051309708,0.010009102495964982,7390,117,18353,272407.24813097087
2025-11-03 00:00:00.000 UTC,payAI,494528,39928.416160999324,0.0021192545621265047,6818,166,149643,13999.451664999939
2025-11-03 00:00:00.000 UTC,openx402,35125,25614.82363399992,0.0001,1664,278,2119,24896.54223399996
2025-11-03 00:00:00.000 UTC,codenut,104997,15436.648402003224,0.01,3589,13,891,1133.878250000093
2025-11-03 00:00:00.000 UTC,aurracloud,73677,9657.868067000585,0.001,2300,21,2,9650.687067000585
2025-11-03 00:00:00.000 UTC,x402rs,123754,2843.15779799998,0.0001,4655,80,615,2714.749001999982
2025-11-03 00:00:00.000 UTC,virtuals,7646,2280.517799999984,0.1,1041,2,0,2280.517799999984
2025-11-03 00:00:00.000 UTC,mogami,899,549.4969359999998,1,127,23,38,516.6334999999999
2025-11-03 00:00:00.000 UTC,questflow,34769,363.91793300000006,0.00148852904688468,3235,1945,0,343.6188579999999
2025-11-03 00:00:00.000 UTC,anyspend,65,172.23019999999997,1,7,6,29,11.02
2025-11-03 00:00:00.000 UTC,heurist,8931,95.2619999999986,0.01,206,2,0,95.2619999999986
2025-11-03 00:00:00.000 UTC,ultravioletadao,289,52.93383199999999,0.0001,191,191,243,1.4
2025-11-03 00:00:00.000 UTC,treasure,5,3.1,0.5,2,2,0,1.5
2025-11-03 00:00:00.000 UTC,corbits,143,1.3040000000000005,0.01,3,8,0,0.05
2025-11-03 00:00:00.000 UTC,xecho,1,0.01,0.01,1,1,0,0
2025-11-10 00:00:00.000 UTC,coinbase,1.3703045e+07,8.405876609281885e+06,0.1,41514,4526,7.626318e+06,1.2782946055655268e+06
2025-11-10 00:00:00.000 UTC,daydreams,2.792507e+06,630659.191000119,0.04003037061738721,6566,1193,1.364352e+06,1199.534099999807
2025-11-10 00:00:00.000 UTC,payAI,1.999482e+06,622268.7001999919,0.0999998359972058,9740,1282,1.165235e+06,8812.467900001353
2025-11-10 00:00:00.000 UTC,virtuals,44021,73795.02700000031,0.1315218719931835,2257,2,0,73795.02700000031
2025-11-10 00:00:00.000 UTC,codenut,78818,23788.16553100424,0.01,5369,68,546,6765.958000001014
2025-11-10 00:00:00.000 UTC,openx402,46574,19278.682204999302,0.1,4475,100,31734,5041.934704999986
2025-11-10 00:00:00.000 UTC,anyspend,39870,6014.626500000725,0.15,269,6,32,5976.416500000725
2025-11-10 00:00:00.000 UTC,mogami,1322,939.0078179999999,1,845,59,19,922.0894
2025-11-10 00:00:00.000 UTC,aurracloud,6845,907.4146520000052,0.001,275,10,4,895.0596520000049
2025-11-10 00:00:00.000 UTC,questflow,88263,558.6238909999988,0.0003914431265869948,9526,8658,0,522.4998889999991
2025-11-10 00:00:00.000 UTC,heurist,29644,331.2935999999983,0.01,262,21,68,328.7635999999982
2025-11-10 00:00:00.000 UTC,ultravioletadao,86,79.84000000000003,1,14,11,0,77.51
2025-11-10 00:00:00.000 UTC,treasure,74,57.44000000000001,0.06,25,8,0,56.390000000000015
2025-11-10 00:00:00.000 UTC,x402rs,1087,20.204801999999997,0.0001,730,9,0,20.177801999999996
2025-11-10 00:00:00.000 UTC,corbits,300,3.49,0.01,6,9,0,0.6940000000000003
2025-11-17 00:00:00.000 UTC,coinbase,1.365857e+07,7.589725532551786e+06,0.05417003031531018,10544,403,5.463659e+06,901269.9357186664
2025-11-17 00:00:00.000 UTC,payAI,1.984026e+06,740251.8852318588,0.1,3544,72,1.174483e+06,4358.668432000061
2025-11-17 00:00:00.000 UTC,daydreams,1.836309e+06,523333.93229978305,0.08785617328711842,4801,57,915208,1691.2448999999272
2025-11-17 00:00:00.000 UTC,virtuals,37989,41407.28860000394,0.06990283097283262,3258,2,0,41407.28860000394
2025-11-17 00:00:00.000 UTC,codenut,81877,29663.871252005658,0.01,2392,13,358,914.8349999999641
2025-11-17 00:00:00.000 UTC,openx402,69101,25716.93034200027,0.1,213,55,34789,2981.687338000145
2025-11-17 00:00:00.000 UTC,anyspend,60837,19677.920972999076,0.02099136698533907,271,14,12,19526.842159999214
2025-11-17 00:00:00.000 UTC,mogami,1376,1043.2967489999999,1,125,37,4,1040.184604
2025-11-17 00:00:00.000 UTC,heurist,809626,435.4308439999857,0.0001,3371,29,171,425.9395559999858
2025-11-17 00:00:00.000 UTC,questflow,59306,225.82160200000027,0.0004135083352606922,9467,7951,0,214.80615000000034
2025-11-17 00:00:00.000 UTC,treasure,207,55.06997999999999,0.1,10,24,2,24.370979999999985
2025-11-17 00:00:00.000 UTC,corbits,630,5.946999999999966,0.01,5,7,0,0.8520000000000005
2025-11-17 00:00:00.000 UTC,aurracloud,1098,5.081285999999944,0.001,5,8,0,3.9622859999999984
2025-11-17 00:00:00.000 UTC,ultravioletadao,7,2.0799999999999996,0.02,3,5,0,2
2025-11-17 00:00:00.000 UTC,fluxa,9,0.09,0.01,1,1,0,0
2025-11-24 00:00:00.000 UTC,daydreams,3.871912e+06,1.0815663566503252e+06,0.1,5013,181,2.58213e+06,18797.94465000049
2025-11-24 00:00:00.000 UTC,coinbase,7.141463e+06,382483.6765228206,0.01,7768,1551,0,267857.08220579755
2025-11-24 00:00:00.000 UTC,payAI,1.422363e+06,348321.5083659737,0.1,3581,194,927775,14608.718440000071
2025-11-24 00:00:00.000 UTC,virtuals,55235,54804.991000007016,0.011911753770705791,6600,2,0,54804.991000007016
2025-11-24 00:00:00.000 UTC,anyspend,32953,30159.122339998547,0.58871182417743,262,6,1,30154.416049998545
2025-11-24 00:00:00.000 UTC,codenut,44586,21055.596760002547,0.01,1382,6,14,453.95500000002534
2025-11-24 00:00:00.000 UTC,openx402,96602,17185.664202999575,0.1,265,151,26029,4660.033099999949
2025-11-24 00:00:00.000 UTC,heurist,1.646806e+06,678.7002999998318,0.0001,3849,19,5,674.0044999998315
2025-11-24 00:00:00.000 UTC,questflow,85053,321.4921310000005,0.0002467925118535796,8856,8460,0,308.95812900000027
2025-11-24 00:00:00.000 UTC,ultravioletadao,66,35.43,0.02,4,25,0,34.349999999999994
2025-11-24 00:00:00.000 UTC,fluxa,15,13.959999999999999,0.24,3,4,0,3.34
2025-11-24 00:00:00.000 UTC,treasure,54,10.517320000000002,0.1998,11,5,0,7.840000000000001
2025-11-24 00:00:00.000 UTC,corbits,507,5.955000000000002,0.01,2,13,0,0
2025-11-24 00:00:00.000 UTC,mogami,107,2.4260000000000006,0.0003,21,29,6,2.3103000000000007
2025-11-24 00:00:00.000 UTC,aurracloud,52,1.4407119999999998,0.01,4,7,0,0.006
2025-12-01 00:00:00.000 UTC,coinbase,5.1704e+06,245614.49532040406,0.01,7276,1422,0,163501.3364383743
2025-12-01 00:00:00.000 UTC,virtuals,140897,243420.06679999447,0.11292430126936137,5091,2,0,243420.06679999447
2025-12-01 00:00:00.000 UTC,payAI,823253,19697.5672249817,0.00020962923088752955,4445,296,8,9381.51885200056
2025-12-01 00:00:00.000 UTC,anyspend,19439,7108.3205509998525,0.00015,262,3,0,7108.319549999852
2025-12-01 00:00:00.000 UTC,openx402,57417,5613.659570998446,0.1,128,11,0,5608.274266998448
2025-12-01 00:00:00.000 UTC,codenut,35004,5549.960006000166,0.01,1437,5,6,349.9600000000054
2025-12-01 00:00:00.000 UTC,daydreams,497633,5456.647899999088,0.0001,5214,470,0,5174.337699999138
2025-12-01 00:00:00.000 UTC,fluxa,7,1689.79,1,3,3,0,1.44
2025-12-01 00:00:00.000 UTC,questflow,69694,1430.4446550000025,0.0026831930132323605,9117,7769,0,1362.0656240000021
2025-12-01 00:00:00.000 UTC,heurist,2.29184e+06,1008.1407709998664,0.0001,3193,26,5,968.9866999998666
2025-12-01 00:00:00.000 UTC,polymer,922,91.65999999999907,0.1,3,2,916,0.060000000000000005
2025-12-01 00:00:00.000 UTC,treasure,174,32.76487999999999,0.1998,20,7,0,15.309999999999995
2025-12-01 00:00:00.000 UTC,ultravioletadao,82,13.249999999999993,0.02,3,26,0,2.4899999999999998
2025-12-01 00:00:00.000 UTC,mogami,126,4.4253779999999985,0.005,22,14,3,3.177277999999999
2025-12-01 00:00:00.000 UTC,corbits,306,4.054284000000002,0.01,5,15,0,0.404284
2025-12-01 00:00:00.000 UTC,aurracloud,25,2.5593979999999994,0.01,4,6,0,2.458398
2025-12-08 00:00:00.000 UTC,virtuals,251196,366916.32900001726,0.5,3688,2,0,366916.32900001726
2025-12-08 00:00:00.000 UTC,coinbase,6.471183e+06,300757.85868945584,0.01,9810,1403,0,212500.126364417
2025-12-08 00:00:00.000 UTC,anyspend,19790,9675.140199999332,0.00015,260,1,0,9675.140199999332
2025-12-08 00:00:00.000 UTC,payAI,2.159384e+06,8444.54045500033,0.0001,5001,1060,390,7541.715817000258
2025-12-08 00:00:00.000 UTC,codenut,17543,5491.559251000281,0.01,2877,7,2,186.2599999999975
2025-12-08 00:00:00.000 UTC,openx402,41937,4155.2969999996,0.1,219,12,0,4153.2439999995995
2025-12-08 00:00:00.000 UTC,heurist,1.497077e+06,1625.7692999998296,0.0001,4196,1027,465,1242.7647999998424
2025-12-08 00:00:00.000 UTC,questflow,42740,1215.7619990000028,0.006594190196958363,7545,52,0,1197.6960270000025
2025-12-08 00:00:00.000 UTC,polymer,1288,228.69999999999698,0.1,2,2,1287,0
2025-12-08 00:00:00.000 UTC,treasure,37,10.72588,0.18,8,5,0,4.609999999999999
2025-12-08 00:00:00.000 UTC,corbits,874,10.393599999999996,0.01,2,14,0,0
2025-12-08 00:00:00.000 UTC,ultravioletadao,117,6.2642000000000015,0.01,8,35,1,0.2082
2025-12-08 00:00:00.000 UTC,mogami,140,6.194634,0.001,22,8,29,3.8611
2025-12-08 00:00:00.000 UTC,x402jobs,22,1.19,0.05,1,5,0,0
2025-12-08 00:00:00.000 UTC,fluxa,1,0.5,0.5,1,1,0,0
2025-12-08 00:00:00.000 UTC,daydreams,1118,0.11180000000000181,0.0001,1000,1,0,0.11180000000000181
2025-12-08 00:00:00.000 UTC,aurracloud,1,0.01,0.01,1,1,0,0
2025-12-08 00:00:00.000 UTC,openmid,4,0.004,0.001,1,1,0,0
2025-12-15 00:00:00.000 UTC,virtuals,136293,552686.0890000082,0.5,2485,2,0,552686.0890000082
2025-12-15 00:00:00.000 UTC,coinbase,6.287227e+06,314539.95993825817,0.010000002437193966,11025,1323,25,227309.79259124096
2025-12-15 00:00:00.000 UTC,anyspend,22275,19431.79504999883,0.6234603618358739,263,4,5,19431.695049998834
2025-12-15 00:00:00.000 UTC,payAI,1.151294e+06,7232.1444830005,0.0001,3754,255,69,7196.662283000506
2025-12-15 00:00:00.000 UTC,openx402,35274,3418.8069819992443,0.1,98,14,0,3416.8609999992436
2025-12-15 00:00:00.000 UTC,daydreams,1.14756e+06,2592.7660999997456,0.0001,4240,11,0,2589.3990999997454
2025-12-15 00:00:00.000 UTC,questflow,30287,731.7194800000003,0.006321908132048003,4032,43,0,718.2604130000003
2025-12-15 00:00:00.000 UTC,codenut,65306,662.7155580000644,0.01,2819,8,58,662.1100000000646
2025-12-15 00:00:00.000 UTC,polymer,1299,129.79999999999703,0.1,3,2,1278,2
2025-12-15 00:00:00.000 UTC,heurist,500323,51.71420000000431,0.0001,3157,13,0,51.50310000000432
2025-12-15 00:00:00.000 UTC,treasure,75,49.71929,0.24975,7,5,0,21.029999999999998
2025-12-15 00:00:00.000 UTC,mogami,85,37.10960000000001,0.008875000000000001,13,13,6,24.8637
2025-12-15 00:00:00.000 UTC,corbits,1617,21.780999999999924,0.01,2,12,0,0.006
2025-12-15 00:00:00.000 UTC,ultravioletadao,84,6.977999999999999,0.02,4,25,0,0
2025-12-15 00:00:00.000 UTC,openmid,10,0.01,0.001,1,2,0,0
2025-12-15 00:00:00.000 UTC,aurracloud,2,0.002,0.001,1,1,0,0
2025-12-15 00:00:00.000 UTC,dexter,3,0.001,0,1,2,0,0
2025-12-22 00:00:00.000 UTC,coinbase,6.987159e+06,297274.06271064735,0.01,7865,740,18,200315.0753705209
2025-12-22 00:00:00.000 UTC,payAI,1.848605e+06,14008.398465997492,0.0001,3335,89,87,13862.767899997492
2025-12-22 00:00:00.000 UTC,virtuals,21872,8909.913000000746,0.5,1397,2,0,8909.913000000746
2025-12-22 00:00:00.000 UTC,codenut,24660,6087.7437620000155,0.01,6312,8,13,486.66500000001446
2025-12-22 00:00:00.000 UTC,openx402,67706,5767.848099999292,0.1,95,7,0,5707.566099999291
2025-12-22 00:00:00.000 UTC,anyspend,79671,4954.5802999996595,0.00015,262,4,6,4954.521199999659
2025-12-22 00:00:00.000 UTC,daydreams,465676,1218.3244000000093,0.0001,4242,9,0,1217.7960000000094
2025-12-22 00:00:00.000 UTC,questflow,25051,605.0143140000009,0.0063449983336046475,4337,54,0,595.7342540000009
2025-12-22 00:00:00.000 UTC,mogami,19,451.51099999999997,3,6,14,0,21.5
2025-12-22 00:00:00.000 UTC,polymer,1323,132.30000000000103,0.1,2,2,1322,0
2025-12-22 00:00:00.000 UTC,heurist,632174,64.55059999999855,0.0001,3160,6,6,64.48859999999856
2025-12-22 00:00:00.000 UTC,corbits,2014,34.449499999999915,0.01,5,13,0,1.6994999999999967
2025-12-22 00:00:00.000 UTC,primer,99,14.850000000000025,0.15,2,2,0,0
2025-12-22 00:00:00.000 UTC,treasure,43,10.36585,0.25,7,3,0,5.220000000000001
2025-12-22 00:00:00.000 UTC,ultravioletadao,286,4.425699999999995,0.01,6,22,0,0.19570000000000004
2025-12-22 00:00:00.000 UTC,dexter,14,0.7000000000000001,0.05,3,2,1,0.65
2025-12-22 00:00:00.000 UTC,openmid,6,0.005,0.001,2,2,0,0
2025-12-29 00:00:00.000 UTC,coinbase,3.514015e+06,202526.54100310022,0.010000071731409262,5579,477,31,183921.40340008453
2025-12-29 00:00:00.000 UTC,virtuals,72239,39608.38300000026,0.5,2264,2,0,39608.38300000026
2025-12-29 00:00:00.000 UTC,mogami,443,22924.258747,10,176,214,0,2140.000001
2025-12-29 00:00:00.000 UTC,payAI,2.217563e+06,13620.286100002073,0.0001,3262,24,1,13608.580100002071
2025-12-29 00:00:00.000 UTC,questflow,12617,248.36391300000022,0.005956478833269472,3266,44,0,247.97197300000022
2025-12-29 00:00:00.000 UTC,polymer,1331,133.09999999999707,0.1,1,1,1331,0
2025-12-29 00:00:00.000 UTC,ultravioletadao,290,76.3607,0.01,10,35,0,73.2987
2025-12-29 00:00:00.000 UTC,openx402,614,61.4000000000006,0.1,75,1,0,61.4000000000006
2025-12-29 00:00:00.000 UTC,heurist,327660,43.11500000001164,0.0001,3156,5,0,43.11500000001164
2025-12-29 00:00:00.000 UTC,corbits,2158,35.98479999999985,0.01,6,14,0,1.504799999999997
2025-12-29 00:00:00.000 UTC,codenut,1875,35.205002999999735,0.01,948,5,3,33.93499999999975
2025-12-29 00:00:00.000 UTC,anyspend,92948,14.043750000004204,0.00015,159,2,0,13.941750000004204
2025-12-29 00:00:00.000 UTC,x402jobs,113,5.7099999999999955,0.05,4,6,3,3.4499999999999957
2025-12-29 00:00:00.000 UTC,treasure,53,3.880190000000001,0.04995,6,5,2,2.0700000000000003
2025-12-29 00:00:00.000 UTC,dexter,82,3.103459999999998,0.05,6,4,5,3.003459999999998
2025-12-29 00:00:00.000 UTC,fluxa,2,0.18,0.1,2,2,0,0
2025-12-29 00:00:00.000 UTC,openmid,11,0.011000000000000003,0.001,1,1,0,0
2026-01-05 00:00:00.000 UTC,coinbase,1.116429e+06,117776.30684707781,0.1,3788,292,121,117287.44749907771
2026-01-05 00:00:00.000 UTC,payAI,3.074418e+06,18533.506883001817,0.0001,3334,40,51,17548.820020001804
2026-01-05 00:00:00.000 UTC,virtuals,39479,18194.513000000134,0.5,2177,2,0,18194.513000000134
2026-01-05 00:00:00.000 UTC,openfacilitator,1272,6335.5,5,1,2,0,0
2026-01-05 00:00:00.000 UTC,mogami,69,1519.3106970000001,10,32,26,0,321.216695
2026-01-05 00:00:00.000 UTC,polymer,1335,233.3999999999967,0.1,2,2,1334,0
2026-01-05 00:00:00.000 UTC,questflow,7638,172.26018100000013,0.006032781244380506,2139,39,0,170.79191300000016
2026-01-05 00:00:00.000 UTC,x402jobs,1583,79.14999999999765,0.05,2,1,0,79.14999999999765
2026-01-05 00:00:00.000 UTC,corbits,2134,35.048179999999945,0.01,6,14,0,1.8931399999999967
2026-01-05 00:00:00.000 UTC,anyspend,90725,32.667099999997035,0.00015,153,2,0,32.60709999999703
2026-01-05 00:00:00.000 UTC,x402rs,8124,18.300399999999783,0.0001,1261,3,0,18.300399999999783
2026-01-05 00:00:00.000 UTC,heurist,119384,14.088800000005158,0.0001,1532,3,0,14.088800000005158
2026-01-05 00:00:00.000 UTC,codenut,241,7.305002999999988,0.01,218,5,3,6.964999999999989
2026-01-05 00:00:00.000 UTC,ultravioletadao,327,6.107999999999984,0.01,8,17,0,3.637699999999998
2026-01-05 00:00:00.000 UTC,daydreams,69,4.994000000000001,0.1,5,3,3,3.992000000000001
2026-01-05 00:00:00.000 UTC,treasure,89,4.807619999999998,0.05,4,3,0,2.4299999999999993
2026-01-05 00:00:00.000 UTC,dexter,98,3.6930000000000005,0.01,8,7,0,2.623
2026-01-05 00:00:00.000 UTC,primer,35,0.35000000000000014,0.01,1,1,0,0
2026-01-05 00:00:00.000 UTC,fluxa,3,0.112,0.01,2,3,0,0
2026-01-12 00:00:00.000 UTC,coinbase,248828,114421.24184400217,0.49999840740890233,3102,263,48,104135.47466900223
2026-01-12 00:00:00.000 UTC,virtuals,73237,38100.40400000082,0.5,2017,2,0,38100.40400000082
2026-01-12 00:00:00.000 UTC,openfacilitator,1723,8502.300030000004,5,4,4,0,0.9
2026-01-12 00:00:00.000 UTC,payAI,1.979591e+06,4909.3660000016325,0.0001,1386,30,19,4268.931300001628
2026-01-12 00:00:00.000 UTC,mogami,95,1349.3087289999999,10,33,34,0,250.35
2026-01-12 00:00:00.000 UTC,anyspend,36738,790.651099999998,0.00015,218,5,1,790.540199999998
2026-01-12 00:00:00.000 UTC,polymer,1339,133.8009999999967,0.1,3,1,1335,0.30100000000000005
2026-01-12 00:00:00.000 UTC,questflow,4920,107.02740200000002,0.0062141159728122345,1359,31,0,106.59275500000001
2026-01-12 00:00:00.000 UTC,x402jobs,1970,95.29999999999677,0.05,4,3,75,94.54999999999677
2026-01-12 00:00:00.000 UTC,corbits,2553,51.985739999999964,0.01,6,17,0,2.2392199999999964
2026-01-12 00:00:00.000 UTC,dexter,291,12.309999999999972,0.02,7,6,0,12.089999999999971
2026-01-12 00:00:00.000 UTC,treasure,72,10.29735,0.05,5,5,0,6.649999999999999
2026-01-12 00:00:00.000 UTC,heurist,52168,7.010999999999608,0.0001,1266,3,3,6.840999999999608
2026-01-12 00:00:00.000 UTC,ultravioletadao,578,5.567199999999968,0.01,5,4,0,2.162999999999996
2026-01-12 00:00:00.000 UTC,x402rs,952,2.0553999999999943,0.0001,699,2,0,2.0553999999999943
2026-01-12 00:00:00.000 UTC,primer,37,0.18400000000000005,0.001,1,1,0,0
2026-01-12 00:00:00.000 UTC,fluxa,1,0.01,0.01,1,1,0,0
2026-01-12 00:00:00.000 UTC,aurracloud,1,0.01,0.01,1,1,0,0
2026-01-12 00:00:00.000 UTC,openmid,1,0.001,0.001,1,1,0,0
2026-01-19 00:00:00.000 UTC,virtuals,85947,44811.91000000027,0.5,1724,2,0,44811.91000000027
2026-01-19 00:00:00.000 UTC,coinbase,29236,25285.85708500003,0.009988582986254341,1180,241,95,22428.941973000055
2026-01-19 00:00:00.000 UTC,openfacilitator,1896,8933.836000000001,5,16,11,3,2.0700000000000003
2026-01-19 00:00:00.000 UTC,mogami,90,1785.613195,10,33,41,0,310.143193
2026-01-19 00:00:00.000 UTC,anyspend,932,1527,1.117826398852224,232,1,0,1527
2026-01-19 00:00:00.000 UTC,questflow,1677,135.576321,0.006407651667625072,897,27,0,38.525977000000005
2026-01-19 00:00:00.000 UTC,polymer,1326,132.59999999999758,0.1,1,1,1326,0
2026-01-19 00:00:00.000 UTC,x402jobs,2204,108.559999999996,0.05,1,2,41,0
2026-01-19 00:00:00.000 UTC,dexter,1114,99.3199999999999,0.02,38,10,0,99.1399999999999
2026-01-19 00:00:00.000 UTC,corbits,1795,38.817899999999895,0.01,7,17,0,16.11139999999997
2026-01-19 00:00:00.000 UTC,fluxa,1,5,5,1,1,0,0
2026-01-19 00:00:00.000 UTC,ultravioletadao,494,4.927399999999971,0.01,13,5,0,2.325599999999995
2026-01-19 00:00:00.000 UTC,heurist,11047,1.9574000000000027,0.0001,1260,2,0,1.9574000000000027
2026-01-19 00:00:00.000 UTC,relai,12,0.12,0.01,2,3,9,0.02
2026-01-19 00:00:00.000 UTC,codenut,5,0.01,0,2,1,0,0.01
2026-01-19 00:00:00.000 UTC,openmid,2,0.0002,0.0001,1,1,2,0
2026-01-26 00:00:00.000 UTC,virtuals,41452,77974.65600000037,0.5,1062,2,0,77974.65600000037
2026-01-26 00:00:00.000 UTC,coinbase,65616,27949.573680999696,0.02,1180,462,212,20448.573545999712
2026-01-26 00:00:00.000 UTC,openfacilitator,1105,2561.525000000001,0.01,13,5,23,5.2499999999999325
2026-01-26 00:00:00.000 UTC,anyspend,1159,1526.0381500000003,1,227,3,114,1526.0190500000003
2026-01-26 00:00:00.000 UTC,mogami,29,384.82009999999997,10,13,13,0,110
2026-01-26 00:00:00.000 UTC,polymer,1325,232.39999999999677,0.1,2,2,1324,0
2026-01-26 00:00:00.000 UTC,questflow,19,175,5,1,11,0,0
2026-01-26 00:00:00.000 UTC,x402jobs,523,26.150000000000237,0.05,1,1,0,0
2026-01-26 00:00:00.000 UTC,dexter,661,24.48649999999998,0.02,32,16,4,20.113999999999983
2026-01-26 00:00:00.000 UTC,relai,9,10.469999999999999,0.01,3,4,7,0
2026-01-26 00:00:00.000 UTC,openx402,4,10.02,5,2,2,0,0
2026-01-26 00:00:00.000 UTC,heurist,7949,4.813700000000011,0.0001,1266,3,0,3.6137000000000103
2026-01-26 00:00:00.000 UTC,ultravioletadao,187,3.0825000000000005,0.01,7,18,0,0.25750000000000006
2026-01-26 00:00:00.000 UTC,treasure,11,1.8420800000000002,0.22977,4,3,0,0.92
2026-01-26 00:00:00.000 UTC,corbits,120,1.421399999999998,0.0103,4,3,0,1.3698999999999981
2026-01-26 00:00:00.000 UTC,primer,23,0.20300000000000004,0.01,2,3,19,0
2026-01-26 00:00:00.000 UTC,openmid,36,0.03600000000000002,0.001,3,4,23,0.007
2026-01-26 00:00:00.000 UTC,codenut,1,0.01,0.01,1,1,0,0
2026-01-26 00:00:00.000 UTC,daydreams,1,0.01,0.01,1,1,0,0
2026-02-02 00:00:00.000 UTC,coinbase,71111,77246.11098400013,0.010442594610789979,1353,239,0,70632.70892000008
2026-02-02 00:00:00.000 UTC,virtuals,52190,76475.6199999996,0.5,955,2,0,76475.6199999996
2026-02-02 00:00:00.000 UTC,mogami,76,2816.5533,10,35,19,1,470.0016
2026-02-02 00:00:00.000 UTC,openfacilitator,1156,2645.9750000000004,0.01753409090909091,11,9,10,2642.870000000001
2026-02-02 00:00:00.000 UTC,fluxa,50,1328.99,3,30,22,0,286
2026-02-02 00:00:00.000 UTC,anyspend,696,1185.1218,1.4861635220125786,212,4,5,1185.0112
2026-02-02 00:00:00.000 UTC,openx402,41,453.644,5,20,6,7,450.02025000000003
2026-02-02 00:00:00.000 UTC,polymer,1296,229.49999999999943,0.1,2,2,1295,0
2026-02-02 00:00:00.000 UTC,dexter,276,186.46584000000018,1,26,9,68,119.33499999999992
2026-02-02 00:00:00.000 UTC,x402jobs,639,30.790000000000298,0.05,1,2,29,0
2026-02-02 00:00:00.000 UTC,questflow,2,30,20,1,2,0,0
2026-02-02 00:00:00.000 UTC,ultravioletadao,333,5.330600000000003,0.01,6,37,2,0.17060000000000003
2026-02-02 00:00:00.000 UTC,daydreams,3244,1.5647699999999807,0.0001,993,7,5,0.3227699999999808
2026-02-02 00:00:00.000 UTC,primer,17,1.15,0.01,2,2,15,1
2026-02-02 00:00:00.000 UTC,corbits,82,0.8722999999999997,0.01,4,3,0,0.7522999999999997
2026-02-02 00:00:00.000 UTC,heurist,37,0.37,0.01,6,1,1,0.36
2026-02-02 00:00:00.000 UTC,openmid,26,0.369,0.005,1,4,5,0
2026-02-02 00:00:00.000 UTC,relai,12,0.112,0.01,2,3,7,0.02
2026-02-09 00:00:00.000 UTC,virtuals,67107,153479.33199999985,0.5650936394884495,1544,2,0,153479.33199999985
2026-02-09 00:00:00.000 UTC,coinbase,184389,48893.80931299992,0.01259409910939453,1514,339,0,45748.12552199993
2026-02-09 00:00:00.000 UTC,anyspend,836,1422,1.5642135642135642,221,1,0,1422
2026-02-09 00:00:00.000 UTC,openfacilitator,644,1085.2279999999998,0.011666666666666669,77,18,0,12.988499999999998
2026-02-09 00:00:00.000 UTC,mogami,36,834.026,10,15,16,0,110.005
2026-02-09 00:00:00.000 UTC,openx402,60,395.03499999999997,0.97,21,7,9,391.14649999999995
2026-02-09 00:00:00.000 UTC,polymer,1331,232.99999999999798,0.1,2,2,1330,0
2026-02-09 00:00:00.000 UTC,fluxa,3,222,95,3,3,0,0
2026-02-09 00:00:00.000 UTC,dexter,460,51.80800000000011,0.03,24,13,28,27.171000000000046
2026-02-09 00:00:00.000 UTC,x402jobs,210,10.500000000000014,0.05,1,1,0,0
2026-02-09 00:00:00.000 UTC,treasure,85,7.026489999999999,0.01,10,4,0,3.519999999999999
2026-02-09 00:00:00.000 UTC,ultravioletadao,128,6.229000000000001,0.02,4,20,0,1.629
2026-02-09 00:00:00.000 UTC,questflow,1,5,5,1,1,0,0
2026-02-09 00:00:00.000 UTC,heurist,288,4.140000000000001,0.01,47,2,0,4.140000000000001
2026-02-09 00:00:00.000 UTC,corbits,27,0.3154,0.0103,3,3,0,0.17510000000000003
2026-02-09 00:00:00.000 UTC,primer,9,0.295262,0.01,2,2,8,0.01
2026-02-09 00:00:00.000 UTC,relai,12,0.066,0.01,5,4,5,0.033
2026-02-09 00:00:00.000 UTC,bitrefill,4,0.04,0.01,2,4,0,0
2026-02-09 00:00:00.000 UTC,openmid,16,0.016000000000000007,0.001,1,1,16,0
2026-02-09 00:00:00.000 UTC,daydreams,1,0.005,0.005,1,1,1,0
2026-02-16 00:00:00.000 UTC,virtuals,186310,535807.8086679556,0.8657459532938405,1803,2,0,535807.8086679556
2026-02-16 00:00:00.000 UTC,coinbase,218870,86410.9105860006,0.01605222518605185,4463,351,0,80197.99953100065
2026-02-16 00:00:00.000 UTC,openx402,3451,26096.505174999995,5,950,11,4,26095.869174999993
2026-02-16 00:00:00.000 UTC,anyspend,848,1435.5,1.4615384615384617,225,1,0,1435.5
2026-02-16 00:00:00.000 UTC,fluxa,3,923.6800000000001,277.86,1,2,0,0
2026-02-16 00:00:00.000 UTC,openfacilitator,241,371.912405,0.01,16,11,2,0.5250050000000002
2026-02-16 00:00:00.000 UTC,mogami,7,191.01,10,5,5,0,30
2026-02-16 00:00:00.000 UTC,polymer,1634,136.89839999999978,0.1,3,3,1337,0.26300000000000007
2026-02-16 00:00:00.000 UTC,dexter,1014,42.31099999999995,0.01869281045751634,58,20,14,39.58499999999991
2026-02-16 00:00:00.000 UTC,treasure,21,14.56275,0.25,8,6,1,7.25
2026-02-16 00:00:00.000 UTC,x402rs,118,13.992599999999994,0.1,4,5,112,1.4
2026-02-16 00:00:00.000 UTC,ultravioletadao,292,6.729299999999999,0.010220370370370371,9,21,0,0.8282999999999991
2026-02-16 00:00:00.000 UTC,x402jobs,88,3.8799999999999946,0.05,2,2,2,0.10999999999999999
2026-02-16 00:00:00.000 UTC,corbits,316,3.1782999999999895,0.01,6,4,0,3.1276999999999893
2026-02-16 00:00:00.000 UTC,heurist,36,1.2510000000000003,0.01,7,2,5,1.2010000000000003
2026-02-16 00:00:00.000 UTC,openmid,15,0.187,0.01,3,4,5,0
2026-02-16 00:00:00.000 UTC,bitrefill,4,0.1,0.04,2,3,0,0
2026-02-16 00:00:00.000 UTC,relai,9,0.08099999999999999,0.01,4,4,0,0.08
2026-02-23 00:00:00.000 UTC,virtuals,155203,788042.8731150572,0.8143100839974804,6327,2,0,788042.8731150572
2026-02-23 00:00:00.000 UTC,coinbase,252172,110278.36454000048,0.01254865369741021,3528,392,0,103614.37561700048
2026-02-23 00:00:00.000 UTC,openx402,3524,13882.696874000067,2.310419282922959,540,8,5,13842.45261900007
2026-02-23 00:00:00.000 UTC,fluxa,3,2365.06,660,2,3,0,0
2026-02-23 00:00:00.000 UTC,anyspend,869,1453,1.1539622641509435,214,1,0,1453
2026-02-23 00:00:00.000 UTC,openfacilitator,914,256.754956,0.006051704186829371,15,18,119,6.938004999999992
2026-02-23 00:00:00.000 UTC,daydreams,35,102.51400000000002,3,5,1,0,102.51400000000002
2026-02-23 00:00:00.000 UTC,polymer,1393,92.77460000000066,0.1,3,4,879,0.007
2026-02-23 00:00:00.000 UTC,dexter,1062,84.22471099999999,0.008,272,20,8,77.05899999999995
2026-02-23 00:00:00.000 UTC,bitrefill,10,23.729999999999997,0.1,5,8,3,0
2026-02-23 00:00:00.000 UTC,x402rs,85,22.508025000000004,0.1978,9,10,14,11.325800000000001
2026-02-23 00:00:00.000 UTC,corbits,423,3.9494919999999705,0.01,10,5,0,3.9371319999999703
2026-02-23 00:00:00.000 UTC,x402jobs,104,2.96,0.01,4,2,17,0.3900000000000002
2026-02-23 00:00:00.000 UTC,ultravioletadao,96,1.4698100000000003,0.01,4,23,0,0.02775
2026-02-23 00:00:00.000 UTC,treasure,34,1.29953,0.01998,7,6,0,0.62
2026-02-23 00:00:00.000 UTC,questflow,29,0.843234,0.011089,4,4,0,0.7612340000000001
2026-02-23 00:00:00.000 UTC,mogami,6,0.8412,0.1,4,5,0,0
2026-02-23 00:00:00.000 UTC,heurist,70,0.7180000000000002,0.01,7,1,0,0.7180000000000002
2026-02-23 00:00:00.000 UTC,relai,10,0.1,0.01,2,2,0,0.04
2026-02-23 00:00:00.000 UTC,openmid,3,0.003,0.001,1,1,3,0
2026-03-02 00:00:00.000 UTC,virtuals,162997,388560.9049999861,0.5041402977495612,4895,2,0,388560.9049999861
2026-03-02 00:00:00.000 UTC,coinbase,254865,71813.91999000337,0.009542891951977377,3580,1703,0,63845.13097600331
2026-03-02 00:00:00.000 UTC,openx402,708,4504.6838769999995,5,213,11,11,4289.620876999999
2026-03-02 00:00:00.000 UTC,daydreams,435,1556.8989999999922,0.12529441884280595,25,1,0,1556.8989999999922
2026-03-02 00:00:00.000 UTC,anyspend,879,1474,1.213577421815408,218,1,0,1474
2026-03-02 00:00:00.000 UTC,fluxa,3,788.1700000000001,342.37,2,2,0,0
2026-03-02 00:00:00.000 UTC,mogami,10,135.64999999999998,0.1,4,6,3,0
2026-03-02 00:00:00.000 UTC,dexter,4287,132.30262999999763,0.008,19,23,6,121.46299999999778
2026-03-02 00:00:00.000 UTC,polymer,980,97.90999999999872,0.1,3,2,978,0.1
2026-03-02 00:00:00.000 UTC,openfacilitator,1111,21.53269999999997,0.006057513914656772,20,34,20,4.537500999999999
2026-03-02 00:00:00.000 UTC,x402rs,32,18.855600000000003,0.2,8,8,0,9.5
2026-03-02 00:00:00.000 UTC,corbits,575,10.782479999999948,0.01,13,14,0,5.406199999999952
2026-03-02 00:00:00.000 UTC,ultravioletadao,147,3.884099999999997,0.01,4,25,0,0.19570000000000004
2026-03-02 00:00:00.000 UTC,treasure,22,2.82977,0.01,5,4,0,0.3700000000000001
2026-03-02 00:00:00.000 UTC,questflow,75,1.1303459999999999,0.000874,1,2,0,0
2026-03-02 00:00:00.000 UTC,heurist,99,1.1110000000000004,0.01,7,1,0,1.1110000000000004
2026-03-02 00:00:00.000 UTC,x402jobs,25,0.25000000000000006,0.01,5,2,0,0.25000000000000006
2026-03-02 00:00:00.000 UTC,relai,20,0.20000000000000004,0.01,3,3,0,0
2026-03-02 00:00:00.000 UTC,primer,1,0.1,0.1,1,1,0,0
2026-03-02 00:00:00.000 UTC,openmid,14,0.062000000000000006,0.005,2,2,0,0
2026-03-09 00:00:00.000 UTC,virtuals,153138,405023.53499997535,0.17438805962056508,4113,2,0,405023.53499997535
2026-03-09 00:00:00.000 UTC,coinbase,243168,138289.95262100062,0.010075234342462614,3902,401,0,129311.96021300062
2026-03-09 00:00:00.000 UTC,relai,10303,15366.04076599999,1.4886609451383306,13,2,1,15366.03276599999
2026-03-09 00:00:00.000 UTC,fluxa,148,3747.5059199999996,3,106,86,1,124.179722
2026-03-09 00:00:00.000 UTC,openx402,378,1955.463143,5,140,9,17,1853.600643
2026-03-09 00:00:00.000 UTC,anyspend,949,1589,1.1824337831084457,227,1,0,1589
2026-03-09 00:00:00.000 UTC,mogami,10,290.15299999999996,10,6,7,1,30.041
2026-03-09 00:00:00.000 UTC,dexter,5185,241.1069999999955,0.005,20,15,103,207.20199999999596
2026-03-09 00:00:00.000 UTC,polymer,1079,107.0449999999982,0.1,3,2,1070,0.045000000000000005
2026-03-09 00:00:00.000 UTC,openfacilitator,2244,56.12199999999834,0.025,23,21,0,51.45449999999834
2026-03-09 00:00:00.000 UTC,daydreams,52,36.042000000000044,0.001,7,1,0,36.042000000000044
2026-03-09 00:00:00.000 UTC,x402rs,59,14.039100000000001,0.2,8,19,16,6.530000000000001
2026-03-09 00:00:00.000 UTC,corbits,559,5.639499999999951,0.01,7,6,0,5.125099999999958
2026-03-09 00:00:00.000 UTC,ultravioletadao,252,3.5517999999999987,0.01015,7,19,0,1.091799999999998
2026-03-09 00:00:00.000 UTC,treasure,14,1.56,0.2,5,3,1,1.4
2026-03-09 00:00:00.000 UTC,heurist,92,1.4140000000000001,0.01,7,1,0,1.4140000000000001
2026-03-09 00:00:00.000 UTC,x402jobs,20,0.52,0.01,3,3,0,0.10999999999999999
2026-03-09 00:00:00.000 UTC,primer,13,0.035,0.001,2,2,2,0
2026-03-09 00:00:00.000 UTC,bitrefill,4,0.022,0.01,3,3,0,0
2026-03-09 00:00:00.000 UTC,cascade,4,0.013999999999999999,0.004,1,1,0,0
2026-03-16 00:00:00.000 UTC,virtuals,127418,362622.5879999871,0.40120058429971805,3055,2,0,362622.5879999871
2026-03-16 00:00:00.000 UTC,coinbase,201540,80717.77534900027,0.02,2931,1556,0,68455.46979700038
2026-03-16 00:00:00.000 UTC,relai,11397,15616.393812000026,1.4458313480413307,22,6,0,15616.373812000025
2026-03-16 00:00:00.000 UTC,openx402,526,10193.529100000002,5,159,9,1,10153.529100000002
2026-03-16 00:00:00.000 UTC,anyspend,957,1573.009,1.0317460317460316,231,3,0,1570.012
2026-03-16 00:00:00.000 UTC,fluxa,143,1273.663126,0.7038096,67,80,4,124.42087000000004
2026-03-16 00:00:00.000 UTC,mogami,10,193.14,10,5,6,0,30
2026-03-16 00:00:00.000 UTC,polymer,1355,134.0055000000005,0.1,2,2,1337,0
2026-03-16 00:00:00.000 UTC,dexter,2500,115.08589999999884,0.005,20,14,1,102.36589999999885
2026-03-16 00:00:00.000 UTC,treasure,133,104.28042999999998,0.999,36,6,0,54.759999999999984
2026-03-16 00:00:00.000 UTC,openfacilitator,2000,50.53395099999832,0.025,31,12,0,48.597999999998336
2026-03-16 00:00:00.000 UTC,x402rs,385,40.74999999999998,0.1,4,11,363,2.28
2026-03-16 00:00:00.000 UTC,daydreams,34,11.027,0.001,12,1,0,11.027
2026-03-16 00:00:00.000 UTC,corbits,851,8.513017999999931,0.01,9,8,4,6.897799999999935
2026-03-16 00:00:00.000 UTC,cascade,978,6.129099999999945,0.00565921974522293,6,1,0,6.129099999999945
2026-03-16 00:00:00.000 UTC,ultravioletadao,177,2.379649999999999,0.0103,5,26,0,0.7453499999999991
2026-03-16 00:00:00.000 UTC,heurist,111,1.6190000000000002,0.01,10,1,0,1.6190000000000002
2026-03-16 00:00:00.000 UTC,x402jobs,10,0.09999999999999999,0.01,1,2,0,0
2026-03-16 00:00:00.000 UTC,openmid,27,0.07300000000000002,0.002,1,1,0,0
2026-03-16 00:00:00.000 UTC,bitrefill,5,0.008,0.002,1,1,0,0
2026-03-23 00:00:00.000 UTC,coinbase,116032,24342.794271000064,0.012400288038427278,1481,606,0,15396.619866999985
2026-03-23 00:00:00.000 UTC,virtuals,32891,21756.66000000275,0.01001029932975401,622,2,0,21756.66000000275
2026-03-23 00:00:00.000 UTC,relai,14697,21148.38602000009,1.4742798716555596,19,8,12,21147.68902000009
2026-03-23 00:00:00.000 UTC,openx402,298,1583.3276,5,105,8,3,1570.2
2026-03-23 00:00:00.000 UTC,anyspend,936,1551.0035,1.1466315789473684,232,2,0,1551
2026-03-23 00:00:00.000 UTC,fluxa,163,456.69620199999997,1,64,54,3,148.277331
2026-03-23 00:00:00.000 UTC,polymer,1331,432.79999999999677,0.1,4,2,1328,300
2026-03-23 00:00:00.000 UTC,dexter,6818,390.5689999999883,0.005,15,12,0,283.8389999999896
2026-03-23 00:00:00.000 UTC,x402rs,104,38.296850000000006,0.19,16,20,3,18.76
2026-03-23 00:00:00.000 UTC,openfacilitator,50,31.000000999999997,0.01,14,12,0,10.449000999999999
2026-03-23 00:00:00.000 UTC,mogami,29,30.209,0.01,6,6,0,0.04900000000000001
2026-03-23 00:00:00.000 UTC,bitrefill,9,16.002,2,7,2,0,16
2026-03-23 00:00:00.000 UTC,corbits,510,5.119799999999947,0.01,3,3,0,4.43999999999995
2026-03-23 00:00:00.000 UTC,treasure,8,2.149,0.01,4,3,0,1.149
2026-03-23 00:00:00.000 UTC,daydreams,9,2.1069999999999998,0.001,4,1,0,2.1069999999999998
2026-03-23 00:00:00.000 UTC,cascade,293,0.9870000000000008,0.004,7,1,0,0.9870000000000008
2026-03-23 00:00:00.000 UTC,heurist,145,0.8230000000000002,0.005,18,1,1,0.8220000000000002
2026-03-23 00:00:00.000 UTC,ultravioletadao,65,0.6865999999999998,0.01,3,14,0,0
2026-03-23 00:00:00.000 UTC,x402jobs,2,0.02,0.01,1,1,0,0
2026-03-23 00:00:00.000 UTC,openmid,4,0.014,0.004,1,1,0,0
2026-03-30 00:00:00.000 UTC,virtuals,20963,35108.25999999366,0.01,522,2,0,35108.25999999366
2026-03-30 00:00:00.000 UTC,relai,11347,16849.306776999965,1.4830686605088397,15,5,0,16849.156776999964
2026-03-30 00:00:00.000 UTC,coinbase,185414,11892.430914999912,0.001037244512091733,1183,690,0,9360.222366999891
2026-03-30 00:00:00.000 UTC,fluxa,3574,7688.179546999985,0.6480540401340075,2452,490,3,3240.674449
2026-03-30 00:00:00.000 UTC,anyspend,932,1595,1.52,228,1,0,1595
2026-03-30 00:00:00.000 UTC,openx402,216,985.01,5,79,8,11,942.5
2026-03-30 00:00:00.000 UTC,dexter,1086,153.7840000000001,0.005,31,15,2,132.5550000000001
2026-03-30 00:00:00.000 UTC,polymer,1340,133.99999999999983,0.1,1,1,1340,0
2026-03-30 00:00:00.000 UTC,mogami,10,85.00999999999999,10,6,7,0,40
2026-03-30 00:00:00.000 UTC,bitrefill,7,63.75,7.1,4,6,0,4
2026-03-30 00:00:00.000 UTC,treasure,731,7.309999999999889,0.01,3,2,0,7.309999999999889
2026-03-30 00:00:00.000 UTC,x402rs,34,5.183999999999999,0.19,5,5,15,0.6000000000000001
2026-03-30 00:00:00.000 UTC,questflow,2,5.000511,4.945,2,2,0,0
2026-03-30 00:00:00.000 UTC,ultravioletadao,66,1.9358,0.0103,5,15,6,0
2026-03-30 00:00:00.000 UTC,corbits,111,1.0473120000000005,0.01,6,6,0,0.7100000000000004
2026-03-30 00:00:00.000 UTC,openfacilitator,11,0.7299999999999999,0.1,4,5,2,0.0015
2026-03-30 00:00:00.000 UTC,heurist,146,0.7200000000000001,0.0033928571428571428,10,1,0,0.7200000000000001
2026-03-30 00:00:00.000 UTC,cascade,31,0.11600000000000002,0.004,3,1,0,0.11600000000000002
2026-03-30 00:00:00.000 UTC,daydreams,2,0.002,0.001,1,1,0,0
2026-04-06 00:00:00.000 UTC,coinbase,411356,20065.81566700035,0.001,2269,873,0,16350.637519000249
2026-04-06 00:00:00.000 UTC,relai,5677,7308.850073000031,1.414138149492644,16,12,3,7307.404073000027
2026-04-06 00:00:00.000 UTC,fluxa,2182,6683.6024799999905,0.3072053872053872,760,583,5,2046.5144800000016
2026-04-06 00:00:00.000 UTC,virtuals,11749,5246.749999999989,0.15560055220462987,722,2,0,5246.749999999989
2026-04-06 00:00:00.000 UTC,anyspend,948,1610.0005,1.389991728701406,234,2,0,1610
2026-04-06 00:00:00.000 UTC,openx402,108,540.125,5,46,9,0,532.725
2026-04-06 00:00:00.000 UTC,questflow,20,426.504142,5.883716,16,12,0,58.458997
2026-04-06 00:00:00.000 UTC,primer,1485,374.28435299999995,0.27959138330046024,51,61,173,0.00019799999999999993
2026-04-06 00:00:00.000 UTC,dexter,3274,138.93315,0.001998582995951417,96,20,4,138.2925
2026-04-06 00:00:00.000 UTC,polymer,1339,133.90000000000094,0.1,1,1,1339,0
2026-04-06 00:00:00.000 UTC,bitrefill,7,14,2,4,1,0,14
2026-04-06 00:00:00.000 UTC,corbits,253,2.139744000000001,0.01,5,5,0,1.8600000000000014
2026-04-06 00:00:00.000 UTC,x402rs,45,1.1929790000000002,0.01,6,6,2,0.32
2026-04-06 00:00:00.000 UTC,ultravioletadao,113,1.14845,0.01,6,21,0,0
2026-04-06 00:00:00.000 UTC,heurist,131,0.8190000000000002,0.005,14,1,0,0.8190000000000002
2026-04-06 00:00:00.000 UTC,treasure,57,0.6600000000000004,0.01,6,1,0,0.6600000000000004
2026-04-06 00:00:00.000 UTC,cascade,76,0.2620000000000002,0.004,6,2,0,0.2620000000000002
2026-04-06 00:00:00.000 UTC,openmid,19,0.13862800000000003,0.00656,2,1,0,0.13862800000000003
2026-04-06 00:00:00.000 UTC,x402jobs,10,0.09999999999999999,0.01,1,2,0,0
2026-04-06 00:00:00.000 UTC,mogami,3,0.03,0.01,1,1,0,0
2026-04-06 00:00:00.000 UTC,openfacilitator,1,0.01,0.01,1,1,0,0
2026-04-13 00:00:00.000 UTC,coinbase,435613,32571.96700900091,0.001,6705,640,0,30034.585555000773
2026-04-13 00:00:00.000 UTC,fluxa,5330,8134.3813789999895,0.4894036610706068,3076,1764,3,4246.809999999986
2026-04-13 00:00:00.000 UTC,anyspend,921,1561.0035,1.0728299643281807,231,2,0,1561
2026-04-13 00:00:00.000 UTC,virtuals,3334,1505.8169999999932,0.1916083772218565,695,2,0,1505.8169999999932
2026-04-13 00:00:00.000 UTC,openx402,172,994.9245,5,81,5,0,975
2026-04-13 00:00:00.000 UTC,primer,1353,347.763445,0.3187427451814059,50,12,0,0.00028199999999999986
2026-04-13 00:00:00.000 UTC,questflow,15,159.380148,0.515,14,6,0,3.3675079999999995
2026-04-13 00:00:00.000 UTC,polymer,1334,133.39999999999927,0.1,1,1,1334,0
2026-04-13 00:00:00.000 UTC,dexter,651,109.72979999999997,0.001,29,19,3,108.9833
2026-04-13 00:00:00.000 UTC,mogami,11,101.5,10,6,5,0,51.5
2026-04-13 00:00:00.000 UTC,daydreams,3,51.001,1,2,1,0,51.001
2026-04-13 00:00:00.000 UTC,relai,721,10.391700000000002,0.008,9,14,0,9.803700000000003
2026-04-13 00:00:00.000 UTC,bitrefill,3,6,2,3,2,0,4
2026-04-13 00:00:00.000 UTC,ultravioletadao,168,3.5024059999999992,0.01,5,13,0,0.3524000000000001
2026-04-13 00:00:00.000 UTC,x402rs,20,3.0599999999999996,0.19,7,8,5,1.04
2026-04-13 00:00:00.000 UTC,corbits,193,2.0023060000000013,0.01,5,7,0,1.6500000000000012
2026-04-13 00:00:00.000 UTC,heurist,213,1.1580000000000004,0.003,13,1,0,1.1580000000000004
2026-04-13 00:00:00.000 UTC,treasure,60,0.6000000000000003,0.01,6,1,0,0.6000000000000003
2026-04-13 00:00:00.000 UTC,cascade,116,0.2600000000000002,0.001,5,2,0,0.2600000000000002
2026-04-13 00:00:00.000 UTC,openmid,25,0.136085,0.006164,2,1,0,0.136085
2026-04-13 00:00:00.000 UTC,openfacilitator,12,0.12,0.01,7,3,0,0.09999999999999999
2026-04-13 00:00:00.000 UTC,x402jobs,8,0.08,0.01,1,2,0,0
2026-04-20 00:00:00.000 UTC,coinbase,571273,17362.526731999922,0.001,10700,1256,0,14414.122331000475
2026-04-20 00:00:00.000 UTC,fluxa,12796,9481.755670999872,0.06,5926,1051,2,3905.1088999998783
2026-04-20 00:00:00.000 UTC,anyspend,928,1551.0005,1.1006666666666667,225,2,0,1551
2026-04-20 00:00:00.000 UTC,virtuals,3148,753.6156920000004,0.01,253,2,0,753.6156920000004
2026-04-20 00:00:00.000 UTC,openx402,84,545.3000000000001,5,42,4,0,540.2
2026-04-20 00:00:00.000 UTC,primer,1343,348.24290999999977,0.3179327081535444,50,12,0,0.00026499999999999983
2026-04-20 00:00:00.000 UTC,polymer,1338,333.5100000000008,0.1,4,2,1335,200.01
2026-04-20 00:00:00.000 UTC,questflow,18,262.065037,1.025,14,9,0,5.032
2026-04-20 00:00:00.000 UTC,daydreams,7,50.01199999999999,0.002,4,2,0,50.01199999999999
2026-04-20 00:00:00.000 UTC,dexter,258,44.66699999999999,0.01,24,21,3,36.87799999999999
2026-04-20 00:00:00.000 UTC,x402rs,88,14.206000000000001,0.1,9,10,30,10.126000000000003
2026-04-20 00:00:00.000 UTC,bitrefill,19,11.119999999999997,0.01,3,1,0,11.119999999999997
2026-04-20 00:00:00.000 UTC,corbits,104,4.1637,0.01,7,13,9,0.3303000000000001
2026-04-20 00:00:00.000 UTC,heurist,451,2.6370000000000013,0.005,16,1,0,2.6370000000000013
2026-04-20 00:00:00.000 UTC,ultravioletadao,99,1.1207499999999995,0.0103,3,13,0,0
2026-04-20 00:00:00.000 UTC,relai,29,0.73,0.01,6,11,0,0.38
2026-04-20 00:00:00.000 UTC,cascade,277,0.6960000000000004,0.001,8,2,0,0.6960000000000004
2026-04-20 00:00:00.000 UTC,treasure,6,0.25,0.01,3,2,0,0.05
2026-04-20 00:00:00.000 UTC,openfacilitator,3,0.03,0.01,2,2,0,0
2026-04-20 00:00:00.000 UTC,openmid,3,0.012986999999999999,0.004329,1,1,0,0
2026-04-20 00:00:00.000 UTC,x402jobs,1,0.01,0.01,1,1,0,0
2026-04-27 00:00:00.000 UTC,coinbase,562046,94332.26807700061,0.0010000405317076503,29356,1245,0,90414.50539200046
2026-04-27 00:00:00.000 UTC,fluxa,11287,12294.135768,0.29936814581732174,4669,4379,1,4089.9648
2026-04-27 00:00:00.000 UTC,virtuals,2936,2192.5349999999985,1,232,1,0,2192.5349999999985
2026-04-27 00:00:00.000 UTC,anyspend,926,1542.0005,1.2187420422714539,227,2,0,1542
2026-04-27 00:00:00.000 UTC,questflow,38,523.4268609999999,1.882528,26,19,0,226.56695399999995
2026-04-27 00:00:00.000 UTC,openx402,89,470.75,5,36,4,0,460
2026-04-27 00:00:00.000 UTC,primer,1160,293.45686200000017,0.31822076822552453,50,12,0,0.00025699999999999996
2026-04-27 00:00:00.000 UTC,bitrefill,34,176.17000000000007,0.01,5,5,0,133.45000000000005
2026-04-27 00:00:00.000 UTC,polymer,1315,131.50000000000108,0.1,1,1,1315,0
2026-04-27 00:00:00.000 UTC,dexter,1884,100.29919999999973,0.01,42,19,0,99.69719999999973
2026-04-27 00:00:00.000 UTC,daydreams,2,50.001,50,1,1,0,0
2026-04-27 00:00:00.000 UTC,x402rs,145,10.622000000000003,0.021,8,9,3,8.512000000000002
2026-04-27 00:00:00.000 UTC,ultravioletadao,444,4.120249999999999,0.01,5,16,16,0
2026-04-27 00:00:00.000 UTC,corbits,217,1.478349999999999,0.00515,3,5,0,0
2026-04-27 00:00:00.000 UTC,cascade,291,1.2480000000000009,0.004311111111111111,16,2,0,1.2480000000000009
2026-04-27 00:00:00.000 UTC,heurist,102,0.5980000000000002,0.005,9,1,0,0.5980000000000002
2026-04-27 00:00:00.000 UTC,mogami,3,0.51,0.005,2,2,0,0
2026-04-27 00:00:00.000 UTC,treasure,4,0.04,0.01,3,1,0,0.04
2026-04-27 00:00:00.000 UTC,relai,2,0.02,0.01,1,1,0,0
2026-04-27 00:00:00.000 UTC,openmid,1,0.005,0.005,1,1,0,0
2026-05-04 00:00:00.000 UTC,coinbase,541039,32867.445873999975,0.001,19113,1945,0,27492.402978000035
2026-05-04 00:00:00.000 UTC,fluxa,11454,8498.737209000008,0.1909516004208558,5040,2241,9,5024.353000000003
2026-05-04 00:00:00.000 UTC,questflow,114,1716.2403839999997,6.305298933333334,72,39,0,1216.632499
2026-05-04 00:00:00.000 UTC,anyspend,959,1551.0225,1,236,2,0,1551
2026-05-04 00:00:00.000 UTC,primer,1395,360.08973699999996,0.31968414389942024,50,12,0,0.00027699999999999985
2026-05-04 00:00:00.000 UTC,openx402,57,318.4125,5,31,6,0,300
2026-05-04 00:00:00.000 UTC,dexter,5565,206.89010000000044,0.01,50,19,0,193.53010000000052
2026-05-04 00:00:00.000 UTC,virtuals,505,144.94000000000003,0.011899196493791089,166,1,0,144.94000000000003
2026-05-04 00:00:00.000 UTC,polymer,1334,133.40000000000097,0.1,1,1,1334,0
2026-05-04 00:00:00.000 UTC,x402rs,64,11.870000000000001,0.1,7,6,42,3.8699999999999997
2026-05-04 00:00:00.000 UTC,openfacilitator,18,5.094999999999999,0.001,4,5,0,0.05500000000000001
2026-05-04 00:00:00.000 UTC,cascade,994,3.332999999999976,0.004,17,2,0,3.332999999999976
2026-05-04 00:00:00.000 UTC,relai,148,1.4720000000000004,0.01,1,6,0,0
2026-05-04 00:00:00.000 UTC,ultravioletadao,134,1.3564499999999995,0.009191666666666667,4,19,22,0
2026-05-04 00:00:00.000 UTC,corbits,102,1.16145,0.01,4,4,0,0.47000000000000025
2026-05-04 00:00:00.000 UTC,heurist,95,0.8820000000000001,0.01,7,1,0,0.8820000000000001
2026-05-04 00:00:00.000 UTC,x402jobs,42,0.4600000000000002,0.01,2,3,0,0
2026-05-04 00:00:00.000 UTC,mogami,2,0.2,0.1,1,1,0,0
2026-05-04 00:00:00.000 UTC,daydreams,5,0.112,0.005,3,2,0,0.01
2026-05-04 00:00:00.000 UTC,treasure,5,0.041,0.01,2,2,0,0
2026-05-11 00:00:00.000 UTC,coinbase,572481,41914.13077100124,0.001,28111,4605,0,35440.63215500108
2026-05-11 00:00:00.000 UTC,fluxa,12454,7679.657936000004,0.25977485128672323,6695,1866,0,5217.711095
2026-05-11 00:00:00.000 UTC,anyspend,932,1550,1.0953389830508475,220,1,0,1550
2026-05-11 00:00:00.000 UTC,relai,527,492.39090999999985,1.17499331701891,11,7,0,491.41290999999995
2026-05-11 00:00:00.000 UTC,primer,1329,342.3835379999996,0.3169668207809979,50,12,0,0.00027099999999999987
2026-05-11 00:00:00.000 UTC,polymer,1335,333.2999999999967,0.1,3,2,1333,200
2026-05-11 00:00:00.000 UTC,openx402,54,308.3625,5,26,4,0,280
2026-05-11 00:00:00.000 UTC,questflow,21,100.15359899999999,0.105,16,8,0,40.778599
2026-05-11 00:00:00.000 UTC,virtuals,379,98.96000000000025,0.07078189300411522,50,2,0,98.46000000000025
2026-05-11 00:00:00.000 UTC,dexter,1953,69.47369999999981,0.01,50,19,9,63.50169999999985
2026-05-11 00:00:00.000 UTC,openfacilitator,22,30.233,0.01,7,6,0,0.17
2026-05-11 00:00:00.000 UTC,x402rs,16,27.375,0.1,3,3,14,0
2026-05-11 00:00:00.000 UTC,cascade,1434,5.5729999999999675,0.004,20,2,0,5.5729999999999675
2026-05-11 00:00:00.000 UTC,ultravioletadao,61,1.8290000000000002,0.01,6,18,12,0.008
2026-05-11 00:00:00.000 UTC,treasure,81,0.5269900000000002,0.00999875,11,6,0,0.4910000000000002
2026-05-11 00:00:00.000 UTC,x402jobs,25,0.49,0.01,2,3,0,0
2026-05-11 00:00:00.000 UTC,heurist,18,0.175,0.01,3,1,0,0.175
2026-05-11 00:00:00.000 UTC,corbits,13,0.11019999999999999,0.01,4,3,0,0.0902
2026-05-11 00:00:00.000 UTC,daydreams,13,0.055999999999999994,0.005,1,1,0,0
2026-05-11 00:00:00.000 UTC,mogami,3,0.015,0.005,1,1,0,0
2026-05-18 00:00:00.000 UTC,coinbase,485396,32668.412287999694,0.002,14636,2733,0,30272.81690799993
2026-05-18 00:00:00.000 UTC,relai,8372,12357.92051400002,1.483860304657845,12,7,0,12357.126514000016
2026-05-18 00:00:00.000 UTC,fluxa,31798,4593.0303480000075,0.01525837637465932,7115,2434,1,3003.580000000002
2026-05-18 00:00:00.000 UTC,anyspend,931,1557.0149999999999,1.2294134983790155,229,2,0,1557.0149999999999
2026-05-18 00:00:00.000 UTC,primer,1393,344.96139899999974,0.31852804228934817,51,13,0,0.0002699999999999997
2026-05-18 00:00:00.000 UTC,openx402,52,250.5,5,34,5,0,249
2026-05-18 00:00:00.000 UTC,polymer,1336,133.5999999999974,0.1,1,1,1336,0
2026-05-18 00:00:00.000 UTC,virtuals,529,69.73100000000018,0.1,119,2,0,69.73100000000018
2026-05-18 00:00:00.000 UTC,questflow,17,47.400192000000004,0.105,10,6,0,20.591093
2026-05-18 00:00:00.000 UTC,x402rs,352,34.81999999999993,0.1,6,9,326,0.6
2026-05-18 00:00:00.000 UTC,openfacilitator,21,13.359999999999998,1,7,5,10,3
2026-05-18 00:00:00.000 UTC,dexter,543,11.48599999999993,0.01,27,14,0,10.97399999999993
2026-05-18 00:00:00.000 UTC,cascade,1885,7.2599999999999145,0.004,24,2,0,7.2599999999999145
2026-05-18 00:00:00.000 UTC,ultravioletadao,82,1.5110000000000003,0.02,2,15,1,0
2026-05-18 00:00:00.000 UTC,heurist,182,0.9720000000000003,0.002,11,1,0,0.9720000000000003
2026-05-18 00:00:00.000 UTC,treasure,98,0.40600000000000014,0.002,9,3,0,0.34400000000000014
2026-05-18 00:00:00.000 UTC,corbits,24,0.2501,0.01,5,5,0,0.11999999999999998
2026-05-18 00:00:00.000 UTC,xecho,20,0.08449000000000001,0.002062,1,2,0,0
2026-05-18 00:00:00.000 UTC,daydreams,11,0.053,0.005,2,2,0,0
2026-05-18 00:00:00.000 UTC,mogami,4,0.019644000000000002,0.00489,2,2,0,0
2026-05-25 00:00:00.000 UTC,coinbase,418022,21744.178339000122,0.002122029092673151,7627,1666,0,20407.16292000026
2026-05-25 00:00:00.000 UTC,fluxa,25780,10068.554823999997,0.08375451208915663,12174,1780,0,3972.2822200000214
2026-05-25 00:00:00.000 UTC,relai,1109,1655.3689180000001,1.5001160670391063,11,5,0,1655.2809180000002
2026-05-25 00:00:00.000 UTC,anyspend,946,1577,1.1695192224993547,237,1,0,1577
2026-05-25 00:00:00.000 UTC,primer,4923,330.954201000001,0.005,52,14,1,16.729246000000877
2026-05-25 00:00:00.000 UTC,openx402,69,314.63,5,25,7,0,294.76
2026-05-25 00:00:00.000 UTC,dexter,846,185.1004999999997,0.05,36,19,0,178.19349999999972
2026-05-25 00:00:00.000 UTC,questflow,24,176.26378400000004,9.895,20,19,0,30.194551999999998
2026-05-25 00:00:00.000 UTC,polymer,1335,133.50000000000068,0.1,1,1,1335,0
2026-05-25 00:00:00.000 UTC,virtuals,317,27.449999999999964,0.01,22,1,0,27.449999999999964
2026-05-25 00:00:00.000 UTC,cascade,4881,17.784999999999247,0.004,22,2,0,17.784999999999247
2026-05-25 00:00:00.000 UTC,x402rs,114,10.340000000000002,0.1,6,5,68,2.74
2026-05-25 00:00:00.000 UTC,corbits,138,1.8100000000000014,0.01,9,2,0,1.7100000000000013
2026-05-25 00:00:00.000 UTC,ultravioletadao,113,1.188,0.01,2,20,46,0
2026-05-25 00:00:00.000 UTC,mogami,445,0.5429750000000003,0.001,5,6,2,0.051000000000000004
2026-05-25 00:00:00.000 UTC,heurist,42,0.5350000000000001,0.01,8,1,0,0.5350000000000001
2026-05-25 00:00:00.000 UTC,treasure,10,0.091,0.01,3,3,0,0.08
2026-05-25 00:00:00.000 UTC,daydreams,9,0.047,0.005,1,1,0,0
2026-05-25 00:00:00.000 UTC,openfacilitator,2,0.010001,0.01,1,1,0,0
2026-06-01 00:00:00.000 UTC,coinbase,678972,38407.62094199726,0.01370893301138289,17280,1674,0,36354.96577399723
2026-06-01 00:00:00.000 UTC,relai,10253,15299.291283000055,1.4900651989746292,46,4,0,15299.271283000055
2026-06-01 00:00:00.000 UTC,fluxa,25904,6268.322799999963,0.04651331502529859,14027,2374,0,3994.287000999965
2026-06-01 00:00:00.000 UTC,anyspend,683,1142,1.3961218836565095,200,1,0,1142
2026-06-01 00:00:00.000 UTC,primer,1705,324.16582499999777,0.3071698668399685,51,13,0,0.00027199999999999984
2026-06-01 00:00:00.000 UTC,polymer,1327,232.59999999999766,0.1,2,2,1326,0
2026-06-01 00:00:00.000 UTC,openx402,25,113,5,15,4,0,95
2026-06-01 00:00:00.000 UTC,questflow,9,76.518203,5.009857,8,7,0,9.217595
2026-06-01 00:00:00.000 UTC,xecho,699,71.42953199999978,0.05179080162228884,2,1,0,71.42953199999978
2026-06-01 00:00:00.000 UTC,daydreams,33,19.577999999999996,0.005,9,2,0,19.529999999999998
2026-06-01 00:00:00.000 UTC,cascade,4102,17.86899999999909,0.004,26,2,0,17.86899999999909
2026-06-01 00:00:00.000 UTC,dexter,180,16.955289999999994,0.03678571428571428,24,15,23,13.189999999999998
2026-06-01 00:00:00.000 UTC,x402rs,57,10.610100000000001,0.1,8,6,40,6.410100000000001
2026-06-01 00:00:00.000 UTC,virtuals,188,8.409999999999991,0.01,19,1,0,8.409999999999991
2026-06-01 00:00:00.000 UTC,mogami,32,2.3447029999999986,0.001,7,7,0,0.021000000000000005
2026-06-01 00:00:00.000 UTC,treasure,31,2.3409999999999997,0.1,5,3,0,1.141
2026-06-01 00:00:00.000 UTC,openfacilitator,11,1.19,0.15,6,3,2,0.9500000000000001
2026-06-01 00:00:00.000 UTC,ultravioletadao,55,0.499,0.001,2,13,29,0
2026-06-01 00:00:00.000 UTC,heurist,58,0.37,0.01,4,1,0,0.37
2026-06-01 00:00:00.000 UTC,corbits,6,0.071,0.01,2,2,0,0
2026-06-01 00:00:00.000 UTC,obol,1,0.001,0.001,1,1,1,0
2026-06-08 00:00:00.000 UTC,coinbase,1.809489e+06,40182.94488599618,0.005737770981058677,7599,1590,0,38761.932324996174
2026-06-08 00:00:00.000 UTC,fluxa,20992,8389.396880999968,0.05181794891639236,8099,3106,0,2699.040999999991
2026-06-08 00:00:00.000 UTC,relai,391,581.8434829999998,1.48819701991342,74,2,0,581.8134829999998
2026-06-08 00:00:00.000 UTC,primer,1336,344.64244799999994,0.31833922134793025,50,12,0,0.00027299999999999975
2026-06-08 00:00:00.000 UTC,xecho,2104,228.7196799999997,0.05404832402536963,2,1,0,228.7196799999997
2026-06-08 00:00:00.000 UTC,openx402,29,211,5,14,3,0,185
2026-06-08 00:00:00.000 UTC,x402rs,6,205.89,0.5,5,5,0,0.7
2026-06-08 00:00:00.000 UTC,daydreams,186,205.68500000000057,0.001,9,2,0,205.64300000000057
2026-06-08 00:00:00.000 UTC,polymer,1334,133.3999999999967,0.1,2,1,1333,0.1
2026-06-08 00:00:00.000 UTC,questflow,13,38.351096000000005,1.305,8,6,0,3.875729
2026-06-08 00:00:00.000 UTC,virtuals,137,11.671999999999995,0.01,19,2,0,11.670999999999994
2026-06-08 00:00:00.000 UTC,cascade,2384,8.824999999999623,0.004,18,1,0,8.824999999999623
2026-06-08 00:00:00.000 UTC,dexter,419,4.763499999999982,0.005,18,8,0,4.618499999999981
2026-06-08 00:00:00.000 UTC,mogami,28,3.274445,0.005,6,12,0,0.06400000000000002
2026-06-08 00:00:00.000 UTC,ultravioletadao,47,1.782,0.02,4,12,12,0
2026-06-08 00:00:00.000 UTC,treasure,22,1.1112,0.01,4,4,0,0.71
2026-06-08 00:00:00.000 UTC,openfacilitator,18,0.9710000000000001,0.01,6,6,6,0.75
2026-06-08 00:00:00.000 UTC,heurist,104,0.8190000000000001,0.01,6,1,0,0.8190000000000001
2026-06-08 00:00:00.000 UTC,corbits,39,0.49020000000000014,0.01,4,2,0,0.49020000000000014
2026-06-15 00:00:00.000 UTC,coinbase,3.973789e+06,55374.29728499578,0.0067368177391130355,4003,1092,0,53715.92909599574
2026-06-15 00:00:00.000 UTC,fluxa,10231,3772.560514999995,0.08266119982583287,6195,2059,2,2061.6637310000024
2026-06-15 00:00:00.000 UTC,relai,481,689.5773560000009,1.4436024982698963,72,4,0,689.4473560000009
2026-06-15 00:00:00.000 UTC,anyspend,384,668.14,1.7507122507122508,156,2,0,665
2026-06-15 00:00:00.000 UTC,primer,1309,340.06915599999996,0.31874351160023795,51,13,1,0.0002589999999999999
2026-06-15 00:00:00.000 UTC,polymer,1337,233.60000000000048,0.1,3,2,1334,0.2
2026-06-15 00:00:00.000 UTC,daydreams,165,209.50300000000027,0.0013,8,2,0,209.38900000000027
2026-06-15 00:00:00.000 UTC,openx402,28,185.01,5,13,4,0,135
2026-06-15 00:00:00.000 UTC,dexter,2746,21.69150000000033,0.006,43,18,0,20.263500000000334
2026-06-15 00:00:00.000 UTC,questflow,4,16.201999999999998,5.935,3,3,0,0.5700000000000001
2026-06-15 00:00:00.000 UTC,heurist,1316,14.142869999999975,0.01,35,1,0,14.142869999999975
2026-06-15 00:00:00.000 UTC,cascade,3819,13.492999999999503,0.004,15,2,0,13.487999999999502
2026-06-15 00:00:00.000 UTC,mogami,30,7.060999999999999,0.001,5,7,0,0.11600000000000002
2026-06-15 00:00:00.000 UTC,virtuals,130,6.805999999999992,0.01,18,2,0,6.805999999999992
2026-06-15 00:00:00.000 UTC,x402rs,16,5.59,0.1,6,5,9,2.8600000000000003
2026-06-15 00:00:00.000 UTC,openfacilitator,29,1.581,0.01,3,5,0,0
2026-06-15 00:00:00.000 UTC,ultravioletadao,22,1.2619999999999991,0.01,5,12,7,0
2026-06-15 00:00:00.000 UTC,treasure,21,0.5900000000000001,0.01,3,3,0,0.18000000000000002
2026-06-15 00:00:00.000 UTC,corbits,35,0.4610000000000002,0.01,3,2,0,0.4600000000000002
2026-06-22 00:00:00.000 UTC,coinbase,4.279399e+06,58222.548550996944,0.005903355258790694,4225,1532,0,56334.012090997116
2026-06-22 00:00:00.000 UTC,fluxa,2885,49370.84043600003,0.49725725921573743,1205,1132,4,1391.5766530000003
2026-06-22 00:00:00.000 UTC,anyspend,463,787,1.4433391003460208,165,1,0,787
2026-06-22 00:00:00.000 UTC,primer,1071,253.91625800000006,0.31496360883797053,52,14,1,0.0002269999999999999
2026-06-22 00:00:00.000 UTC,polymer,1310,130.99999999999685,0.1,1,1,1310,0
2026-06-22 00:00:00.000 UTC,daydreams,137,124.14400000000019,0.001,11,2,0,124.14400000000019
2026-06-22 00:00:00.000 UTC,openx402,8,46,5,5,5,0,0
2026-06-22 00:00:00.000 UTC,relai,29,37.970783000000004,1.305392,12,3,0,37.960783000000006
2026-06-22 00:00:00.000 UTC,dexter,4885,34.03900000000096,0.006,34,12,0,31.00200000000097
2026-06-22 00:00:00.000 UTC,questflow,3,12.142483,0.193012,2,3,0,0
2026-06-22 00:00:00.000 UTC,cascade,2147,7.673999999999718,0.004,13,1,0,7.673999999999718
2026-06-22 00:00:00.000 UTC,heurist,505,5.180421000000003,0.01,25,1,0,5.180421000000003
2026-06-22 00:00:00.000 UTC,x402rs,14,1.79,0.1,2,2,13,0
2026-06-22 00:00:00.000 UTC,virtuals,86,1.3320000000000003,0.01,5,2,0,1.3300000000000003
2026-06-22 00:00:00.000 UTC,openfacilitator,11,1.2229999999999999,0.15,5,3,0,1.2
2026-06-22 00:00:00.000 UTC,mogami,27,1.216,0.001,5,6,3,0.10800000000000001
2026-06-22 00:00:00.000 UTC,ultravioletadao,24,0.258,0.01,2,12,8,0
2026-06-22 00:00:00.000 UTC,treasure,13,0.103,0.01,3,2,0,0.09999999999999999
2026-06-22 00:00:00.000 UTC,obol,1,3e-05,3e-05,1,1,0,0
2026-06-29 00:00:00.000 UTC,coinbase,1.910996e+06,41861.65775699406,0.009805772717949803,6788,7948,0,40733.53777699403
2026-06-29 00:00:00.000 UTC,fluxa,6366,7148.276336999999,0.979498933901919,2133,2905,1,2244.937776999999
2026-06-29 00:00:00.000 UTC,anyspend,762,1316,1.5736857224935363,211,1,0,1316
2026-06-29 00:00:00.000 UTC,primer,1350,344.2708809999997,0.3173810567666012,54,15,4,0.070278
2026-06-29 00:00:00.000 UTC,polymer,1335,133.4999999999967,0.1,1,1,1335,0
2026-06-29 00:00:00.000 UTC,daydreams,103,86.5880000000003,0.001,5,2,0,86.58300000000031
2026-06-29 00:00:00.000 UTC,openx402,6,60,10,3,3,0,0
2026-06-29 00:00:00.000 UTC,dexter,3733,27.700000000000607,0.006,15,7,4,22.420000000000606
2026-06-29 00:00:00.000 UTC,heurist,804,9.266000000000002,0.01,33,1,0,9.266000000000002
2026-06-29 00:00:00.000 UTC,questflow,1,4.945,4.945,1,1,0,0
2026-06-29 00:00:00.000 UTC,cascade,1514,4.747999999999932,0.004,9,1,0,4.747999999999932
2026-06-29 00:00:00.000 UTC,virtuals,114,2.6599999999999993,0.01,14,1,0,2.6599999999999993
2026-06-29 00:00:00.000 UTC,obol,504,1.2779999999999965,0.001,5,1,0,1.2779999999999965
2026-06-29 00:00:00.000 UTC,openfacilitator,22,1.031,0.07,4,5,4,0.7330000000000001
2026-06-29 00:00:00.000 UTC,x402rs,11,1.02,0.1,2,2,10,0
2026-06-29 00:00:00.000 UTC,ultravioletadao,52,0.6980000000000002,0.01,2,14,8,0
2026-06-29 00:00:00.000 UTC,relai,44,0.4140000000000002,0.01,1,2,0,0
2026-06-29 00:00:00.000 UTC,treasure,8,0.08,0.01,3,1,0,0.08
2026-06-29 00:00:00.000 UTC,mogami,18,0.022000000000000006,0.001,4,3,0,0.014000000000000005
2026-07-06 00:00:00.000 UTC,coinbase,4.683424e+06,77271.60828200517,0.0020681162965316938,5097,18698,0,75770.5228920049
2026-07-06 00:00:00.000 UTC,fluxa,4576,3559.3998269999965,0.6336332106508876,1602,2815,0,883.9082210000001
2026-07-06 00:00:00.000 UTC,anyspend,985,1651,1.2012738853503184,225,1,0,1651
2026-07-06 00:00:00.000 UTC,primer,1246,324.0922039999997,0.3176781395748988,50,12,0,0.00024299999999999997
2026-07-06 00:00:00.000 UTC,polymer,1334,133.40000000000097,0.1,1,1,1334,0
2026-07-06 00:00:00.000 UTC,openx402,66,111.2,0.025,3,3,0,1.2000000000000004
2026-07-06 00:00:00.000 UTC,daydreams,45,71.074,0.005,4,2,0,71.02
2026-07-06 00:00:00.000 UTC,dexter,2582,15.944500000000348,0.006,13,5,0,15.504500000000348
2026-07-06 00:00:00.000 UTC,cascade,2902,12.472999999999825,0.005,13,1,0,12.472999999999825
2026-07-06 00:00:00.000 UTC,openfacilitator,19,11.069,0.01,6,9,2,0
2026-07-06 00:00:00.000 UTC,heurist,471,4.895000000000002,0.01,16,1,0,4.895000000000002
2026-07-06 00:00:00.000 UTC,x402rs,2157,4.138553999999989,0.001,5,4,5,1.457554
2026-07-06 00:00:00.000 UTC,virtuals,109,2.52,0.01,12,1,0,2.52
2026-07-06 00:00:00.000 UTC,treasure,27,1.1149999999999993,0.002,3,2,0,0.08
2026-07-06 00:00:00.000 UTC,ultravioletadao,33,0.517,0.01,2,14,7,0
2026-07-06 00:00:00.000 UTC,obol,106,0.3850000000000001,0.001,4,3,0,0.18500000000000008
2026-07-06 00:00:00.000 UTC,relai,37,0.3510000000000001,0.01,1,4,0,0.01
2026-07-06 00:00:00.000 UTC,mogami,16,0.02,0.001,4,3,0,0.014
2026-07-13 00:00:00.000 UTC,coinbase,3.121164e+06,106103.79238600016,0.007213792391746141,5233,34052,0,87733.4625389991
2026-07-13 00:00:00.000 UTC,fluxa,3928,6963.360195999996,0.9799233510903307,1312,2153,0,1566.5722999999998
2026-07-13 00:00:00.000 UTC,anyspend,987,1691,1.5119691119691119,229,1,0,1691
2026-07-13 00:00:00.000 UTC,primer,1044,265.27129299999996,0.31684189192667017,51,13,0,0.00022399999999999992
2026-07-13 00:00:00.000 UTC,daydreams,130,158.77100100000024,0.001,12,2,0,158.75900100000024
2026-07-13 00:00:00.000 UTC,polymer,1336,133.5999999999967,0.1,1,1,1336,0
2026-07-13 00:00:00.000 UTC,openx402,131,123.16720000000004,0.006444444444444445,15,8,72,90.0431
2026-07-13 00:00:00.000 UTC,dexter,1159,26.897000000000112,0.01,13,9,0,26.780000000000104
2026-07-13 00:00:00.000 UTC,heurist,1146,11.335999999999983,0.01,25,1,0,11.335999999999983
2026-07-13 00:00:00.000 UTC,openfacilitator,40,6.153,0.05,5,6,0,0.15300000000000002
2026-07-13 00:00:00.000 UTC,mogami,805,4.0129989999999385,0.005,6,5,0,0.014000000000000005
2026-07-13 00:00:00.000 UTC,questflow,1,2.698121,2.698121,1,1,0,0
2026-07-13 00:00:00.000 UTC,virtuals,112,2.0929999999999986,0.01,12,2,0,2.089999999999999
2026-07-13 00:00:00.000 UTC,cascade,747,1.458999999999982,0.001,9,1,0,1.458999999999982
2026-07-13 00:00:00.000 UTC,obol,534,1.1460000000000008,0.001,17,8,2,0.9350000000000006
2026-07-13 00:00:00.000 UTC,x402rs,1011,1.0110000000000003,0.001,2,2,0,0
2026-07-13 00:00:00.000 UTC,ultravioletadao,51,0.7780000000000001,0.01,2,13,8,0
2026-07-13 00:00:00.000 UTC,treasure,61,0.7720000000000002,0.01,8,3,0,0.3300000000000001
2026-07-20 00:00:00.000 UTC,coinbase,1.49535e+06,66852.4649939949,0.01509747616136512,3924,14712,0,64823.05692399494
2026-07-20 00:00:00.000 UTC,fluxa,2178,2066.073540000001,0.6696408418367348,783,1476,1,470.5308899999999
2026-07-20 00:00:00.000 UTC,anyspend,987,1660,1.284889240506329,234,1,0,1660
2026-07-20 00:00:00.000 UTC,primer,1351,348.02429399999966,0.31883157378767135,51,13,2,0.00027799999999999976
2026-07-20 00:00:00.000 UTC,daydreams,239,263.4297299999993,0.001,43,2,0,263.4037299999993
2026-07-20 00:00:00.000 UTC,polymer,1339,233.7999999999967,0.1,2,2,1338,0
2026-07-20 00:00:00.000 UTC,dexter,7897,92.74500000000047,0.006,94,14,0,78.85500000000069
2026-07-20 00:00:00.000 UTC,openx402,18,60.041,5,11,4,1,55.014
2026-07-20 00:00:00.000 UTC,questflow,2,8.42,7.915,2,2,0,0
2026-07-20 00:00:00.000 UTC,mogami,1216,6.011999999999917,0.005,6,5,0,0.016000000000000007
2026-07-20 00:00:00.000 UTC,cascade,1646,5.875999999999766,0.004,8,1,0,5.875999999999766
2026-07-20 00:00:00.000 UTC,virtuals,93,3.7709999999999972,0.01,11,2,0,3.769999999999998
2026-07-20 00:00:00.000 UTC,heurist,169,1.5990000000000009,0.01,4,1,0,1.5990000000000009
2026-07-20 00:00:00.000 UTC,ultravioletadao,43,0.747,0.01,2,17,7,0
2026-07-20 00:00:00.000 UTC,x402rs,3,0.30000000000000004,0.1,1,1,3,0
2026-07-20 00:00:00.000 UTC,openfacilitator,67,0.080059,1e-06,4,3,59,0.060000000000000005
2026-07-20 00:00:00.000 UTC,treasure,10,0.024,0.002,2,2,0,0
2026-07-27 00:00:00.000 UTC,coinbase,1.479049e+06,92348.45072899983,0.011932390516857155,4331,9982,0,89509.78843399968
2026-07-27 00:00:00.000 UTC,fluxa,1254,2861.1714999999995,0.1334388109154867,464,883,0,140.0239
2026-07-27 00:00:00.000 UTC,anyspend,993,1669,1.2408476658476657,234,1,0,1669
2026-07-27 00:00:00.000 UTC,primer,1378,356.94401600000015,0.3173165436583935,50,12,0,0.00027399999999999983
2026-07-27 00:00:00.000 UTC,daydreams,218,315.9060000000002,0.001,45,2,0,315.8820000000002
2026-07-27 00:00:00.000 UTC,dexter,7946,298.23429900000184,0.02,51,16,1,275.9452990000021
2026-07-27 00:00:00.000 UTC,openx402,22,145.01,5,12,3,0,140
2026-07-27 00:00:00.000 UTC,polymer,1330,133.00000000000043,0.1,1,1,1330,0
2026-07-27 00:00:00.000 UTC,questflow,1,24.500988,24.500988,1,1,0,0
2026-07-27 00:00:00.000 UTC,cascade,1429,4.993999999999936,0.004,11,1,0,4.993999999999936
2026-07-27 00:00:00.000 UTC,ultravioletadao,44,2.9429999999999996,0.01,4,15,13,0.08
2026-07-27 00:00:00.000 UTC,heurist,204,2.002000000000001,0.01,2,1,0,2.002000000000001
2026-07-27 00:00:00.000 UTC,virtuals,71,0.7100000000000003,0.01,2,1,0,0.7100000000000003
2026-07-27 00:00:00.000 UTC,mogami,130,0.6890000000000004,0.005,5,4,0,0.014
2026-07-27 00:00:00.000 UTC,openfacilitator,8,0.619,0.15,4,3,0,0.6
2026-07-27 00:00:00.000 UTC,x402rs,6,0.060000000000000005,0.01,1,1,0,0
2026-08-03 00:00:00.000 UTC,coinbase,1.464167e+06,133811.82405799988,0.011684737209462415,3931,2633,0,131216.37226799992
2026-08-03 00:00:00.000 UTC,fluxa,2537,24928.903275,0.2852539306919388,811,1465,9,442.0536000000002
2026-08-03 00:00:00.000 UTC,anyspend,987,1711,1.6372626582278478,228,1,0,1711
2026-08-03 00:00:00.000 UTC,dexter,7132,409.84623999999957,0.03946420824295011,42,10,0,409.18623999999954
2026-08-03 00:00:00.000 UTC,primer,1289,332.2657739999999,0.319135168074473,51,13,1,0.0002649999999999998
2026-08-03 00:00:00.000 UTC,daydreams,310,313.00517400000064,0.001,30,2,0,312.95417400000065
2026-08-03 00:00:00.000 UTC,polymer,1338,133.8000000000006,0.1,1,1,1338,0
2026-08-03 00:00:00.000 UTC,openx402,17,92,5,7,3,0,45
2026-08-03 00:00:00.000 UTC,mogami,197,23.101818,0.005,9,6,1,22.205818
2026-08-03 00:00:00.000 UTC,cascade,776,2.763999999999985,0.004,11,1,0,2.763999999999985
2026-08-03 00:00:00.000 UTC,ultravioletadao,49,1.097,0.02,4,20,7,0
2026-08-03 00:00:00.000 UTC,openfacilitator,78,0.49150000000000027,0.006,7,3,0,0.4485000000000003
2026-08-03 00:00:00.000 UTC,heurist,2,0.10200000000000001,0.1,2,1,0,0.10200000000000001
2026-08-03 00:00:00.000 UTC,x402rs,2,0.060000000000000005,0.05,1,1,0,0
2026-08-03 00:00:00.000 UTC,obol,51,0.05100000000000004,0.001,3,1,0,0.05100000000000004
2026-08-10 00:00:00.000 UTC,coinbase,2.338273e+06,206000.98357999165,0.006263021541206187,3937,3190,0,204054.4264709905
2026-08-10 00:00:00.000 UTC,fluxa,2146,33316.146353000004,0.5924246084633314,763,1616,2,556.865138
2026-08-10 00:00:00.000 UTC,anyspend,918,1545,1.4005906297390056,236,1,0,1545
2026-08-10 00:00:00.000 UTC,dexter,10544,1008.1245000000365,0.09229217254956318,823,590,1,694.203500000021
2026-08-10 00:00:00.000 UTC,daydreams,162,393.59800099999893,0.001,22,2,0,393.54700099999894
2026-08-10 00:00:00.000 UTC,primer,1317,338.6392899999997,0.31857772556435815,51,13,3,0.0002709999999999998
2026-08-10 00:00:00.000 UTC,polymer,1339,233.7999999999967,0.1,2,2,1338,0
2026-08-10 00:00:00.000 UTC,openx402,33,165,5,17,4,0,150
2026-08-10 00:00:00.000 UTC,questflow,7,78.704309,0.905,4,3,0,2.826072
2026-08-10 00:00:00.000 UTC,virtuals,84,8.399999999999993,0.1,81,1,0,8.399999999999993
2026-08-10 00:00:00.000 UTC,x402rs,32,2.9899999999999993,0.1,5,5,14,1.02
2026-08-10 00:00:00.000 UTC,cascade,811,2.6629999999999665,0.004,5,1,0,2.6629999999999665
2026-08-10 00:00:00.000 UTC,mogami,36,2.5783259999999997,0.002927,8,6,0,0.03332600000000001
2026-08-10 00:00:00.000 UTC,openfacilitator,40,0.22800000000000004,0.005,3,3,1,0
2026-08-10 00:00:00.000 UTC,ultravioletadao,18,0.215,0.01,3,10,5,0.03
2026-08-10 00:00:00.000 UTC,heurist,3,0.006,0.002,1,1,0,0
2026-08-17 00:00:00.000 UTC,coinbase,4.135366e+06,137227.33389299817,0.005910909290083209,4222,2747,0,135764.29388999805
2026-08-17 00:00:00.000 UTC,fluxa,1080,62981.977921999984,0.4093233642228739,426,812,0,185.8181
2026-08-17 00:00:00.000 UTC,dexter,16169,2186.1918720000226,0.04023549364021805,641,611,0,811.5920000000069
2026-08-17 00:00:00.000 UTC,primer,1386,346.82799799999975,0.3174305569758949,53,14,0,0.08029599999999999
2026-08-17 00:00:00.000 UTC,polymer,1335,333.30000000001706,0.1,3,2,1333,200
2026-08-17 00:00:00.000 UTC,daydreams,176,276.7060000000003,0.001,23,2,0,276.6940000000003
2026-08-17 00:00:00.000 UTC,openx402,101,108.9965,0.001,11,6,8,95
2026-08-17 00:00:00.000 UTC,virtuals,871,8.97999999999987,0.01,240,1,0,8.97999999999987
2026-08-17 00:00:00.000 UTC,anyspend,8,8,1,1,1,0,0
2026-08-17 00:00:00.000 UTC,openfacilitator,54,2.9969999999999994,0.005,6,4,3,2.1149999999999993
2026-08-17 00:00:00.000 UTC,ultravioletadao,62,0.973,0.01,3,19,5,0
2026-08-17 00:00:00.000 UTC,x402rs,12,0.21999999999999997,0.01,2,1,0,0.21999999999999997
2026-08-17 00:00:00.000 UTC,heurist,1,0.15,0.15,1,1,0,0
2026-08-17 00:00:00.000 UTC,mogami,21,0.036743000000000005,0.001,7,4,0,0.025500000000000002
2026-08-24 00:00:00.000 UTC,coinbase,390194,81925.58383499998,0.002,4259,2102,0,79879.71871399996
2026-08-24 00:00:00.000 UTC,fluxa,1366,2772.939989000001,0.3286648360811668,454,953,2,360.3089000000001
2026-08-24 00:00:00.000 UTC,primer,1426,336.4472430000001,0.31592784453048867,51,13,0,0.0002759999999999999
2026-08-24 00:00:00.000 UTC,polymer,1334,233.3000000000007,0.1,2,2,1333,0
2026-08-24 00:00:00.000 UTC,openx402,38,120.38,5,12,3,14,115
2026-08-24 00:00:00.000 UTC,daydreams,274,83.40734399999992,0.001,33,2,0,83.37534399999993
2026-08-24 00:00:00.000 UTC,questflow,1,47.645293,47.645293,1,1,0,0
2026-08-24 00:00:00.000 UTC,openfacilitator,81,2.4419999999999997,0.005,10,3,0,2.3269999999999995
2026-08-24 00:00:00.000 UTC,x402rs,4,1.48,0.44,3,2,0,1.04
2026-08-24 00:00:00.000 UTC,heurist,17,1.147,0.01,4,1,0,1.147
2026-08-24 00:00:00.000 UTC,ultravioletadao,40,0.5860000000000001,0.01,2,19,6,0
2026-08-24 00:00:00.000 UTC,mogami,17,0.028867000000000007,0.001,4,3,0,0.014000000000000005
2026-08-24 00:00:00.000 UTC,virtuals,2,0.02,0.01,1,1,0,0
2026-08-31 00:00:00.000 UTC,coinbase,511166,44321.74030699968,0.004846840331184727,3453,2613,0,42748.71239999969
2026-08-31 00:00:00.000 UTC,fluxa,2625,9524.06431799999,0.20168723958333334,870,1433,0,724.4909199999997
2026-08-31 00:00:00.000 UTC,primer,1143,292.04201800000016,0.3185952995535714,53,14,0,0.07022600000000001
2026-08-31 00:00:00.000 UTC,polymer,1334,133.3999999999967,0.1,1,1,1334,0
2026-08-31 00:00:00.000 UTC,openx402,128,72.97277999999999,0.001,12,7,106,60.010279
2026-08-31 00:00:00.000 UTC,daydreams,83,11.074999999999994,0.001,10,2,0,11.013999999999994
2026-08-31 00:00:00.000 UTC,mogami,38,9.228704,0.001,10,8,0,9.082704
2026-08-31 00:00:00.000 UTC,ultravioletadao,20,1.234,0.01,4,9,4,0
2026-08-31 00:00:00.000 UTC,dexter,6,0.32,0.04,6,1,0,0.32
2026-08-31 00:00:00.000 UTC,openfacilitator,32,0.15502000000000005,0.005,5,2,0,0.15500000000000005
2026-08-31 00:00:00.000 UTC,heurist,4,0.115644,0.020188,1,1,0,0
2026-08-31 00:00:00.000 UTC,treasure,3,0.03,0.01,1,1,0,0
2026-09-07 00:00:00.000 UTC,coinbase,281357,29580.54200099942,0.007147426062908222,5873,2269,0,27969.138735999455
2026-09-07 00:00:00.000 UTC,fluxa,1929,6490.953182000002,0.1023358256462585,633,1284,0,2239.7646000000004
2026-09-07 00:00:00.000 UTC,primer,1138,293.01121500000033,0.3182957972373842,52,14,0,0.0002189999999999998
2026-09-07 00:00:00.000 UTC,polymer,1332,233.100000000001,0.1,2,2,1331,0
2026-09-07 00:00:00.000 UTC,openx402,99,200.516,0.05,24,7,52,194.105
2026-09-07 00:00:00.000 UTC,daydreams,132,38.73500000000003,0.001,7,2,0,38.721000000000025
2026-09-07 00:00:00.000 UTC,mogami,32,11.1255,0.001,9,7,1,10.265
2026-09-07 00:00:00.000 UTC,ultravioletadao,113,8.31099999999999,0.1,80,13,1,7.599999999999989
2026-09-07 00:00:00.000 UTC,openfacilitator,232,3.044000000000001,0.005,10,7,0,1.1400000000000006
2026-09-07 00:00:00.000 UTC,heurist,10,0.11893100000000001,0.010671,3,1,0,0.11893100000000001
2026-09-07 00:00:00.000 UTC,virtuals,4,0.08,0.01,2,1,0,0.08
2026-09-14 00:00:00.000 UTC,coinbase,377492,49812.705563000236,0.008179129487141846,6233,2942,0,48016.65070000039
2026-09-14 00:00:00.000 UTC,fluxa,2338,34717.430314000005,0.19948616726748378,547,1414,0,174.05189999999993
2026-09-14 00:00:00.000 UTC,ultravioletadao,9877,2939.296000000009,0.1,373,388,1,734.8000000000985
2026-09-14 00:00:00.000 UTC,polymer,1337,633.1999999999997,0.1,5,2,1332,500
2026-09-14 00:00:00.000 UTC,primer,1415,356.3748180000003,0.3176542615873016,60,25,6,0.16027700000000006
2026-09-14 00:00:00.000 UTC,daydreams,78,237.14,0.001,11,2,0,237.118
2026-09-14 00:00:00.000 UTC,openx402,230,192.49211599999987,0.25,18,7,184,80.54461599999999
2026-09-14 00:00:00.000 UTC,openfacilitator,204,3.814999999999991,0.005,19,5,0,3.644999999999991
2026-09-14 00:00:00.000 UTC,mogami,36,0.304088,0.001,8,4,0,0.19908800000000001
2026-09-14 00:00:00.000 UTC,heurist,20,0.12000000000000001,0.01,1,1,0,0
2026-09-21 00:00:00.000 UTC,coinbase,641039,85872.2418409998,0.00318724151135131,8751,26760,0,83358.69247299986
2026-09-21 00:00:00.000 UTC,fluxa,1234,55842.10545100002,0.18500114051522248,344,902,0,26.14476
2026-09-21 00:00:00.000 UTC,ultravioletadao,5405,1167.2159999999892,0.1,374,385,32,291.64999999999196
2026-09-21 00:00:00.000 UTC,primer,1433,367.26499299999995,0.31783261602443613,55,15,1,0.4652670000000002
2026-09-21 00:00:00.000 UTC,polymer,1334,133.3999999999967,0.1,1,1,1334,0
2026-09-21 00:00:00.000 UTC,openx402,189,129.6295,0.002,18,8,152,98.20250000000001
2026-09-21 00:00:00.000 UTC,daydreams,64,54.51899999999991,0.001,11,1,0,54.51899999999991
2026-09-21 00:00:00.000 UTC,virtuals,2680,26.80000000000019,0.01,563,1,0,26.80000000000019
2026-09-21 00:00:00.000 UTC,mogami,2155,8.27904200000001,0.001747400064412238,7,5,3,3.7520420000000083
2026-09-21 00:00:00.000 UTC,openfacilitator,110,2.5608819999999968,0.005,14,6,0,1.5189999999999972
2026-09-21 00:00:00.000 UTC,dexter,38,1.7690000000000003,0.003,3,3,0,0
2026-09-21 00:00:00.000 UTC,heurist,11,0.063,0.005,2,1,0,0.063
