fee_payer,facilitator,transfers,usd,median_usd,payers,payees
AgmLJBMDCqWynYnQiPCuj9ewsNNsBJXyzoUhD9LJzN51,(not in list),1.4393224e+07,5.21214261039177e+07,0.20002059101932707,245059,120507
FHpcNSe6tb2n15bAdq4BkeYWGyZKFD7yLYrH92ng7wCT,(not in list),1.739432e+06,391558.77293002943,0.1092633810588025,49225,2
mGrEwYbMo98b6koTfy9pSfFJA1FZoxFxY7kjcsKf9C5,(not in list),305750,7.337930563137221e+06,2.109130387211885,4486,6683
AGsz9pj8WaF61KwGp1FJy7EQiTq7gsRzVT1SJJtEjJ3E,(not in list),243422,253722.2909870003,1.0218507993753958,274,1
MboHN2QBTgaGCQDWZ2WczBA9MUAzAaskQBCxEuyjUpX,(not in list),162651,167620.16240899588,1.018011685690513,107,1
DvwxJ2oPybKyhZqQym1kvYMvwfZfWASNaUgPZfCT4on8,(not in list),149339,153776.7673070002,1.0196006526848869,69,1
Cc5M6mecyBKjdrjnvreuANqhMBdLeU7RZNzoSEh2Rnfc,(not in list),119508,1.287348527465803e+07,4.838284945911759,8017,11926
SiLVY7arXeuC1Z2VLkcPAbyrNXzqsemMujdsmmH6GPX,(not in list),106314,112624.1675240001,1.001754379258688,477,1
rouT7QhbYxnZZ8LvNRbEeEgsCGY7ZZ1yv8y9RcvPJsL,(not in list),104367,105712.55711799936,1.0028908644327275,44,1
C1eaeMzBBHmpbfzx5FEJ3ffKj11e28iUkMEyEgsiKSb4,(not in list),85992,28.17735699999872,0.0002573624749592418,30679,25793
3gmCdCrdr2YoAUNrF7aikPs7FAee5ZXkexmm2bjDYAsU,(not in list),50352,16.65118699999987,0.0002646178871727606,18266,17171
7rtiKSUDLBm59b1SBmD9oajcP8xE64vAGSMbAN5CXy1q,(not in list),49154,762144.8086868916,1.0022997195658925,6145,2432
2Zt4NPKqcNy2LMAAxKfYiBewdJyUDeaR4QJKFczBWTWS,(not in list),48770,50880.57415699999,1.0331413457848952,70,1
GUoFeHEk6GUuUYs7S1CDQkPKMTMgQtXxwKvPQwvbYjup,(not in list),43093,44414.62418499985,1.0019043384665776,423,1
gasCUPQ7LzQf3DZtG4wGZUsBDQxqshW6GpugQ94MTRy,(not in list),33509,3.988354445499008e+06,0.879645533889085,6366,8118
2wKupLR9q6wXYppw8Gr2NvWxKBUqm4PPJKkQfoxHDBg4,payai,24071,118.61820100003503,0.001,196,7
G5GFpTfMFPU31nmXzu5C7198RqXiVC49ToUA1h5pGyph,(not in list),17678,1252.3920580000026,0.016843703943436532,5946,1
FncazAs6omJJjtLVzquzT9KoyXn6tFixr9kGjr42ktLj,(not in list),14819,392.96149799999864,0.0053846232976905075,6540,1
2chm4jPsQg6VxqYdh1a8oMMoxgHk1fZGm97oHaKbXgMa,(not in list),13172,13683.975531998183,1.000668511435523,91,1
GL1NNcZNNyvoDfUdtBpwGfAU4oAMCK1voNmDJe3jEGhi,(not in list),11963,6196.526113000011,0.4538343577729095,291,2
4iBbavcJ5jV3Z6BE6zfxzNQaT7fwZMpFwz21nxjtQAKH,(not in list),11255,532407.1208470426,0.9973095642435246,1815,532
93syNmtT1tTd5ZtPwHqzGf6CM7fKhMmArpv4AM4FtyNX,figment,11181,54.412098999994875,0.001,18,1
9CaQLdhZ8t4bzRVsqbA5kdB864zxYyvhp3yPBQvUHP71,(not in list),11084,571761.8272990325,1.0613199641003306,1852,555
DeXterR2kQm8AvRHnNPatWkE46TfAcMeBDjb6FySoAb8,dexter,10870,780.5373249999438,0.02,28,29
4GE5AQFL2AuFyFQ9wPSovxHcUtXe6MBQJ777qb5U3aka,(not in list),10791,452616.7243250379,1.069859629868535,1809,541
BENrLoUbndxoNMUS5JXApGMtNykLjFXXixMtpDwDR9SP,coinbase,9063,2950.686028000022,0.02,51,39
A7LYDCwfs2RiafmmtGjuW5vhHaotSc4HF6XZUHEvuWPQ,(not in list),8332,372.5057269999843,0.02,258,1
KDEXfemcSdwh5JpcVTC95GzBCdEaALkFWy7eiNzLXfA,(not in list),7969,54408.31234299954,0.3933377144652109,2431,181
H5Xivbic44mhRCCpJwduucHqr1CH7AhWaSNZBTxHTa4Q,(not in list),7715,3.965225000000582,0.0001,11,4341
CjNFTjvBhbJJd2B5ePPMHRLx1ELZpa8dwQgGL727eKww,payai,6605,316.43775399998214,0.01,81,59
ALVMJ9bny8tFT7AapoVbbzrgCYzrjy8iHw6EHFaehgZZ,(not in list),6163,908298.8806049981,0.4442165733088679,1303,1628
DHani2L4XkxZZ5oBKpMe1VYpMq6iPBtD8bnXSoB2DDUF,(not in list),5554,7584.094715000093,0.996503,738,1
HMe5zRnABjEU3mRvics2yQVmUtovGGd4RrGtHkQaNSHL,(not in list),5384,22296.47359299933,0.029618760385938765,393,2452
MfDuWeqSHEqTFVYZ7LoexgAK9dxk7cy4DFJWjWMGVWa,(not in list),5184,1.5244867783856097e+08,3.0906508038427596,4701,1981
Hc3sdEAsCGQcpgfivywog9uwtk8gUBUZgsxdME1EJy88,coinbase,4359,7697.40497400066,0.01,44,35
AiSX2j2c6g1odFMCCNzZbufoScECi8XKXMRdtRvtKHJ4,(not in list),3730,378.6733019999903,0.0770662334704245,1875,2
F62YXsp7pMLjUUMa27CZYLTnRBrMQCjrFa6Zz2aBB7HU,(not in list),3399,1459.5823299999538,1e-05,10,10
7kEydiJ9en86ESNpwpZ45khxX8usgjUmWxbSTzkSbXkR,(not in list),3175,60878.942108001225,0.01,199,386
B5E6CUkHwep7xtES1nWh5NnirqTF8kXR6KPxYGr5XsM8,(not in list),2734,167660.38006800145,0.5938427248917998,565,570
6TeBJ1eXWUNpTBPhyhpCjJBqqQ8hLw5j3NhGPBqBwV2b,(not in list),2677,94769.3698240001,0.17533648642954358,715,494
GL8gf7VZjLYvX7k7AuR1YTtvTxsCGqZTYJqxaUauA7JV,(not in list),2666,105209.698253,0.5,114,58
33TLzHqGAccPJqYzSDKuXawM36RXPqhp43BHNpSRrzF8,(not in list),2457,27.550000000001376,0.01,27,20
Gykuxxdz2bnmG2gz7YLeki7Pq32AbcbknZqeqJY5b7SB,(not in list),2365,10961.057394000005,0.5681756022922645,2365,1
DyWNrf44xjeaDjvzuo4qUb7yhwgcMfmymEHbG8kts66z,(not in list),2313,282688.8410500004,1.5869753692087338,484,607
3hz2HMHKPc2bLbbqPjAFLBLKnXNpdxiWnqxyBA9Mudwa,(not in list),2307,891.0685849999998,0.2555926143181374,247,2
DJocqRPK2uKWvmR5WnWcd7m8fDw6az1L54R4UuH3GrGN,(not in list),2119,17042.11295000001,0.11840302558630028,464,2
4pF8Qxdu2pDjWdx1tzGn7or3dbyVn1DQpqZKJx7ALGzH,(not in list),2074,4119.9919689999915,1.1881966242852395,359,4
723TeUxtTYntNEb5mgxJhoodCvZ4mF7JTt9JuBNkjRVn,(not in list),2044,1642.564439000005,0.13445233025663594,89,23
D6ZhtNQ5nT9ZnTHUbqXZsTx5MH2rPFiBBggX4hY1WePM,coinbase,1857,25891.473606999916,0.005081102668605485,47,29
FkaLnX17cXZGyeu3kZGdHCNdFMJJzBrPPYVvd18B3MZp,(not in list),1725,912012.6848009999,0.9353450482116576,792,63
G5DXoJ2F3aPa6R93gGLmSQy5PvAbzoEkzkNYgeyun5B9,(not in list),1643,2732.689712000009,0.5130435995768315,1263,325
GVJJ7rdGiXr5xaYbRwRbjfaJL7fmwRygFi1H6aGqDveb,coinbase,1612,16431.860378000012,0.005045116449213512,41,39
ApdMPHBQ8QBj7W5eVr25SxhPHiqrSvcHU5HsD2P21o1C,(not in list),1577,2728.3972859999985,0.5130522836516068,1210,319
7rhxnLV8C77o6d8oz26AgK8x8m5ePsdeRawjqvojbjnQ,(not in list),1522,273295.0292909999,0.04272561847527473,761,64
C8kparb6HoX2RUuczbL9X1TcC2C7YY4zUiuqPsi4JXEw,(not in list),1520,36270.502075999895,0.00020165547339516142,1520,1
AW4jYyLFbstpitrYET5o5KMfvHcXGAJG5ZrEkUaUtyyK,(not in list),1510,1810.4370850000043,0.06070462175764614,497,2
o6FQkbcHAz9iwUQk8xcPwG9cfp9QYfAVHXcBNqMzpZ2,(not in list),1487,3176.674294000005,0.5127414088431133,1130,318
Fgej4SPuW282TdrQRfizRHAeRasNqCtAWZizL3jDqMdS,(not in list),1372,48712.15319199993,0.8864470301707841,317,153
7UvHTFcFrETHb1bnSSrDWDDihpfXC4FYGwmgaeUQXgWo,(not in list),1250,211.7870380000001,0.2231202750809062,358,1
9ZoxeHAuwZvLjUZnLWusXMYXsni71XdEuthuMKPVN1Xi,(not in list),1207,594900.942363,0.45624487027520094,431,285
38458DAe9a3M45bcKrfUBcfhAqdU6VwHGV77Kd6N86Ur,(not in list),1186,11.700371999999984,0.009973490979381444,1186,1
5wL2WgkbEnkRxowadfrUKMrD4sZsJN6bmQdJVfjkghEx,(not in list),1180,703.7064789999998,0.5680512047522617,1180,1
CreQJ2t94QK5dsxUZGXfPJ8Nx7wA9LHr5chxjSMkbNft,(not in list),1157,277364.2733320002,0.1834314988689217,513,21
BFK9TLC3edb13K6v4YyH3DwPb5DSUpkWvb7XnqCL9b4F,coinbase,1144,23926.448503999967,0.005922403003754694,46,41
8JeHrDLC25eRg4wZogoZg3cVp7cZW195rJN1DjQehxpk,(not in list),1125,44538.68923100003,4.638991211924213,88,84
9dK7y8CENKJq4nHYvn6cEhimmYwxf82Hj88gFsAiduSn,(not in list),1085,124749.63845300021,0.3076929420196281,267,345
BZozeSKZPprsaGXUYc7ppWYKxcB3oeXCkFvvX2qeeTnz,(not in list),1013,1016.5010379999992,0.2569522220528455,143,26
MetRonW8n7uq8fSuPb4KzvWLY9HHRFf5GLMoUaNUydU,(not in list),933,3070.120000000009,3.0732272403982934,900,1
4oKpv6X1zR2ovj19gHALWfxWjocbtH8TQHkKjQccbv57,(not in list),801,189214.765991,3.580493473265744,446,184
9P9eH6oFEvoFtySYK4DrjzTdhANGur5eHzvE8uLwgNXB,(not in list),799,83208.64561799988,4.509161793941628,423,193
EVCWXPokeUsSPJrvv9cycvyfZSqdZPitxy5FKLjQAKKz,(not in list),795,92359.14240900007,4.824020854926847,419,167
DKuPjQtX3Kcp3c8TrXXC1a2UwfWYrDNTiL2L95YQBp25,(not in list),785,123592.93032299995,4.963860568056647,184,3
3mwGXcVzTFRPt4GMEZ4U2Ah9YqyqF6p5tR22cj5GFJKF,(not in list),783,376500.4384449997,4.038681411986024,435,179
Eq2dhsjoUAex63idA8oZ8G5Zs8DXLNpKuV6XaYX2wwK1,(not in list),781,145174.83738800013,4.932950295479384,420,192
2f8eLKvcYDgn8wSjzoYVmDD69ZjuvVkMS2c7CqUE9hdC,(not in list),741,78185.6929360007,0.02004,701,741
EmhGx9D3jq8XCox1rPP19ei1uDCA3Nh8nukfo5vvHgjU,(not in list),678,11780.802086000007,0.3900123404318411,43,42
3rA996DAZe5G67HWbC4jdyYPLeNptLXuybtLnx6dvkxn,(not in list),629,13.242568000000006,0.008312595464725644,369,2
GYKQc6f6wKfUm96aRUJieRRYi61H7aC6RH2Yx6j7uZHt,(not in list),604,1328.0269320000002,0.9832730581939801,33,114
38nVk6uyvgjzVPBwPjLFGr6FC6gcpzhmdDgcuVBZKmjH,(not in list),519,34773.898748000014,0.41971257717720867,129,4
EDjghonN66F1CPwDNtFoatWKJPsEWzsjTrM7QgVcHeSw,(not in list),514,2111.552144000003,1.975170302133713,82,21
3dpvRyZFQ6uokbn5mVqDtJjKhriKDDjCccDkHEBsGs4Z,(not in list),493,10049.48780000001,3.0274810956790126,128,193
HMj7kGJadEeiUUustTbZrqKVjGaeERwerePwHzohW4Cx,(not in list),479,3926.8268899999994,0.2289540244897959,479,62
8UCufFUYcpcjVbwk3tkaBDhRQh744kiLFSLYmQ63M1YW,(not in list),474,20069.888052000002,3.7505662544878833,293,294
DWS2WiZhaq1ic9aGi1mi3uFEX5ziueDUjneWYni6fQ9Y,(not in list),465,22629.592285000017,4.332580426903114,91,75
workNRGnLunLaGCzF93JjTdGtuZeq9R4NeTmXbpD5LY,(not in list),452,1136.836352999999,1.786887626223776,197,252
ApzPuehuGkW65Uuc3nXuxULWAxsx9bsGAFj3bYir9QBK,(not in list),389,1651.2240200000113,0.69,54,12
657835K5w132hXjMfCMT7KGHGmS4hv5mNEBLA9vUGqBj,(not in list),386,1849.840339000007,0.2,386,1
64umSKqVnavF196Kmv7AYeRDgPi8fHSPfiSLdW4a6tLG,(not in list),352,1.0637562763240002e+06,2.715969485306122,166,141
Dz9e61aSZFGcgjxvchsrbCxYLeRJZFPt3FiDFgXyYCtn,(not in list),343,748421.4206710001,4.013144536458334,148,127
HscCYofB6CY9GAf6zfRQQfCXzMuQ6TQ6M3ggJy48vK6v,(not in list),309,837.2786630000002,1.1714370272108845,260,1
HXk447f9G41nqfneZmiXGmcr1HLffLQJ1AoVdEEuBQG9,(not in list),280,187.4590309999995,0.35,14,11
DSqMPMsMAbEJVNuPKv1ZFdzt6YvJaDPDddfeW7ajtqds,(not in list),266,371.62051699999995,0.03146319019607843,71,5
J2e9U9VAZEPUSD1Ux9XKs98Hv79Rxivx6LaoAiaYSwGP,(not in list),266,1.137668,0.0009118664799253034,256,1
2UuwX6vX83bpZa9y471U6DKZZMepwwZTLssevJU6hE2U,(not in list),265,165.50428100000005,0.03964584873949579,41,6
PAJiUaKgxTBJVADc1wdiUygLd51biQPVB8KkJqYu53L,(not in list),246,2135.1740210000007,3.6975000000000002,101,1
HCtoN4tNSMN4kiWRUsHNNtvmYEeix4GQTmzUc4t5Vi4w,(not in list),245,5.201059,0.005872460937499999,11,3
SeaPaYBfKuAG9S4FqNpcLAuMqhHkyd5kxC73eovFBNA,(not in list),231,121.54135199999999,0.004597244444444444,67,9
Cs8U8BqqoRpmTv9d77EtbTcdRQF9gc1bCj58GFEjswFR,(not in list),223,982471.4045889995,0.001,44,1
7o5tM2PrmiZgJcsBxcLNmqby9UMJxzKBXjG6qzZTFJaM,(not in list),220,48.28127799999994,0.0009443877551020409,25,25
AuGgQhCrsP5Yyktf8dRLrav4anwSGCkQHVyH5m4ysBP5,(not in list),211,397.04922400000004,0.6309087655677657,7,4
57FTFqZwPnRnBi4hqG5QnQzixi9nTP91EVFYicTSdHox,(not in list),195,326.98,0.8177083333333333,7,17
4w1W44WFmouQshmH12fregK6SHsBNntJ4g36Ymx3caNN,(not in list),195,671.5746200000009,0.5299615520833334,97,15
BiJ5mu4F6fQjL2yNQuMMscM661vdVWASuVsmU9YhuVBg,(not in list),192,709.0841450000003,0.21420872916666667,7,3
C3xbryQnqQku2zRPCSsEsD766UgqghbUv5RiPt5ocPLA,(not in list),183,132.75881399999963,0.35,6,12
4ADmhoK57xtmqfzYsYNREBAmwS9cDzD2wpextJ1YvqHM,(not in list),175,11230.381446000001,0.39392780165289254,53,11
CSavADCRWnAvgLr2LHJ6T7dD9mm7iErbTN5L1cadLqbZ,(not in list),174,52112.56877499996,1.8658701570247933,71,42
3BnvAd9QynCPq3haqGfMWQF36U6CkhbtqVfd5KFmkheZ,(not in list),173,186.85770600000004,0.4613099586776859,67,11
23dz2722wkqapY8ppPvynxyTmK7pvPYaJzrZNnJ4QV4U,(not in list),172,5380.809788000001,1.6220074264069266,69,33
FddePGtXRbtW8wb5UPZyaVD7657dRc5khHaTbtRQs1FE,(not in list),170,370.24497499999984,0.37205800216450213,60,10
2YFoZVyDK6JFFyKefdRxYyzJnb49Wip4FobcaxGYPvaE,(not in list),166,1014.6358119999994,0.4725,33,31
9F8tV78uzuCtDnSQKVuV5LQw8iq985KQFZGRXgWAgJ1o,(not in list),160,6176.814754999995,4.94253649,49,55
6R7CgGouGM8jLZkoWoKEx8E1ffLgt2WbM3Ye4Ngawh3X,(not in list),159,186.85328899999988,0.380619575,46,10
airvc2qhZJubnM1dUBBmK4W5r51K6gAZKhfWz71kJuU,(not in list),153,903.1407590000003,2.653583901234568,50,81
GvC3meiDjPFh5Xn1Lrkj99UNpgRj48Ltz1qjgjgjF7wb,(not in list),153,7896.746823000002,0.3268596049382716,22,2
AdcWTm4AUKP3tEZeQr6cC6Vz5zN3o7TSve5m9nDy7w42,(not in list),153,1907.7576469999997,0.508626024691358,87,53
58GQVirsmNazrtNRyUmxohFbpX99UEqYmBoUReFYtz8A,(not in list),151,1562.921351,3.4456228888888885,12,5
DmNUmD63VoV2iNeheH1pxobDD7frFgTDYfCEq2zdgPLX,(not in list),150,3081.932886999999,1.4204407530864196,62,25
2yqDqpGDRvY3EFNttdDKWYqYwqWmA8Bwf4Dgb4GvV5W3,(not in list),145,1240.9876650000008,0.99,57,8
9vXF5Wn7DXvke63gJG2qxLby9pteqk1WB8TpuSKjiWoY,(not in list),124,7.469999999999999,0.04034795918367347,19,21
8nkHZ1bLEVDqtDVrVSb9tvG2Fz51LQKtD4hkKxazJy1y,(not in list),122,13211.873153000006,2.627041326530612,122,2
fuT2okbPg3qZJR78SV8ENCqMnqYdVeYy35jddFrxyzC,(not in list),117,30023.264229000037,3.326834081632653,41,3
BNweCLHE5tReMm4BYzMq6Cpo2XanZUb4CJKnkZ1NQpqH,(not in list),102,2504.0021480000005,0.5710069166666667,34,15
UifAnEfK86G2fcAWMKZGWJjZWBAqXQ1SEkkmhf6UDkP,(not in list),94,10.952640999999998,0.10187924,94,94
A42XkTtnJKMjiWizbrJaKfDYG6xqXCs25SfnbsA4annK,(not in list),93,7.250718000000005,0.00774968,93,1
7vGcjMKWfJsGgPJ7shLE8miB261fnJSXmLqjfPiprUEK,(not in list),88,357.124826,1.55410476,87,1
DNAFP9ENEwXemNyavCc4x2iz6gdQfT88vAQLLpHAq8gc,(not in list),83,10.692970000000004,0.09973790625000001,7,1
5dCTWJj277c41ex92RFxSRUa8ckU4EAurWftDRASBKuq,(not in list),82,818.4148739999999,3,64,47
Ck7fhKER3UPD4GC3fnQWUcjoptRq12ijyeTACRXUT5he,(not in list),77,3066.6117299999996,1.2879999999999998,21,13
8ZgAmj7fSo2eTcwidgg4uUYLZRXi8vyeFuywmA8FBQAv,(not in list),70,11.639029999999998,0.011187388888888889,50,5
7gZ9jk8PrcscWs2yZuPwQ8TTZ2TpqUP4NnUAqV9harB,(not in list),70,9530.145590000002,0.7007929444444445,30,13
LPeg7SSNVUmx2sXCo9zvaNf4bDC2eL8Xhf9vhuJtzq7,(not in list),70,337.28530700000005,2.003045111111111,7,32
6AE9YXyTZz1QApcFFotwuo3stNdb9Ujf4XhS3qYyUmWk,(not in list),69,276.81,1.8222222222222222,6,9
7EReCbXkG3pqev8DdRn7QT5NJxxpxd4ERKQBbmfgtKRc,(not in list),68,0.006800000000000005,0.0001,30,35
gasBidSWW5zmwXs3gn8TG2ijzKkrwpyM7ucwjgDQst6,(not in list),67,281.344151,0.03979955555555556,40,40
8gRP3fyzEehHRZkBJmVugAwS7qzGCQNcGACzqB8qd69q,(not in list),66,293.7396950000002,2.0044444444444443,66,1
4bAVd7HAipB2BTPt9C73APJq21yQS8f6rUag2k8jbUfA,(not in list),66,17.643137999999986,0.2,5,5
FtFtF8iamFC3gCv5VYUTBd1G4r1XEc1TbcHyuy6hkJPQ,(not in list),65,4.153014000000001,0.008910555555555557,65,1
2P75NDL8XVsnBXLhFy7tJJUhMwhuQ3Qp784HC4RqEZ6R,(not in list),65,334.8617009999999,3.753445,19,30
G56r1hZ1hUmg3LX4HMPHPhq7LTrQkUyNuoQJ2ofy3Nnr,(not in list),61,151.22673100000006,0.5841721111111111,5,7
5WN3T8AXQ3JnyUE5Zu5LDh8wS5Mdpx43E2KnDeRvZjC3,(not in list),59,10.350148999999996,0.007891333333333334,59,1
gasTzr94Pmp4Gf8vknQnqxeYxdgwFjbgdJa4msYRpnB,(not in list),56,57.42955900000001,0.19999973333333332,15,1
7zzqSNK9KwpXpS2m8rmeFsCEFijJVYJaUQLb8LE1MCvU,(not in list),56,1200.825604,0.017486166666666667,8,8
C1v9SF3U5skqo1xBg5ZT4TAWoLq1i5hE1zAG2ckpvSxr,(not in list),53,462.76952400000033,0.1251485,17,9
Ag8Zt7WKNWy6Sp72FMuradTn2QhNbQ4waH8r8Wu2JMo7,(not in list),50,1.7890420000000002,0.005132,26,4
EoQWbP5kYdEoQ3sNJXdTsdur5eK7axSpz6fetd9GChzu,(not in list),50,1082.3995389999995,4.773152,24,2
BqVBPnPFpaKpxK4oKZAqnqUcSM6WFsdPWkxb1MZoHxve,(not in list),49,89.10659900000002,0.405466875,30,10
51BomsV5tfmkD6brg7ChjMjW2jgb95HWRaXCbUjY3CYK,(not in list),48,0.0030429999999999997,5.625e-05,48,1
QVtWcAX3R7Cr51VhAxFSYntoCAmTQzK8Hf4R1TrKNQ4,(not in list),48,46.57673100000001,0.0024,48,1
7UjcgFG4MALiiJbyPz6wKY5CReprWPx3S6JCvysbUzxA,(not in list),47,3080.7747179999997,3.4262722500000002,5,43
4r44XyHPDGXbWQGokKvq96wmh4iqEcLqh5UN8Potmfdu,(not in list),44,20.295709000000002,0.477387,6,1
6UWsi9WKQbE5jLxLcycfr5NZ1DQGVNKUCkW1pzUaRVCE,(not in list),43,1.5609840000000001,0.01,33,4
BcdwLA62UPEAvRn7AWauMUXKtYMXxdLzTPaSQg5tNaFc,(not in list),42,0.23700000000000002,0.001,7,1
GMKC4YRhWaMtiMng1WaLBysKtPQaZy3WoNPJXWaXfzWU,(not in list),40,1243.51,0.7825000000000001,17,19
6NbR6A1VrzasmzSZPf9MkVdHEFbsLYs8adRhoY8CZ5D6,(not in list),39,8.465155,0.001101,39,1
9B1Q5JJMsxKZacfgVyWHCHi9xoTK9RoxoqjkviyS2Jtm,(not in list),38,62.24000000000001,1.1,10,11
BkVfRKjZnnYCcRBgXBsfaWFZFidBL9drm5MZwNqoNGCu,(not in list),38,1261.05329,2,11,13
BD4rAzL5uebPrxsc58avqTt4nSpqmxsBYSj9t33pk1oy,(not in list),38,0.0037999999999999974,0.0001,36,4
CrankS2fXgMGvQJ3VBrZmRfGrfogDY6pq5YcgkPEpSNf,(not in list),38,5.063508000000002,0.2,20,2
5D7eqjn96xTnJtksdHG2jvYq15bma7rP9b4ghqwyYMY5,(not in list),37,1.3480150000000002,0.0021,37,1
B4cHcwTnK4YvkqSJ5NWKNiRDPafBsK423fbDJ6ir4VH6,(not in list),35,521.405847,0.483225,11,7
8pqz5MoRVgXzrbXT9Qk5zwYavfhns7ZHKWGtQKgBg1gA,(not in list),32,394.38326300000006,0.016504,32,1
3JBF6LsHAwNLk4zUmMVfiAR3Z2J74CkDkSDrB4FEsmgy,(not in list),31,3121.3274080000006,0.464878,9,1
FMxCuNyqBcFMo2rALGBiH1ScztHKYBZ3vMLLocT9fPA7,(not in list),30,10.209999999999999,0.07,30,1
8fDruqnDur4ykuJ43q6U8DaZFzwLoKh44qjxdnku1Htv,(not in list),29,76.95012399999999,0.01,6,5
AYjVZTP6ngaHYaRGjzdnsk7fn8kcezVQgmSP4bcQdBi,(not in list),29,199.72404100000006,1.16751,19,20
6THHjMGu8gSGyKWXYCoGHcRdKgakrKxAPnfsq9SENag7,(not in list),28,4.764293000000001,0.00568,10,3
2rLCzHH2gEDFqxz9Zi5j8GrCZrsFi5YTS6QZLb3RDcbs,(not in list),28,5751.9710620000005,0.299269,28,1
EzAhGdVS4s6xL9Uxi2vswAcsLwRKVWJkArRDGtxRjb4N,(not in list),27,101.94916599999999,2.475657,16,1
D8npDL2SuQE4AH5yfhfuSBJHFzFJG4Mquyt6m4ujCiNt,(not in list),27,3190.4013420000006,0.225,6,5
Dq2X4CpNMj8tyApuTdDSLC5wWzqgDhwag9rb6jo9JTmd,(not in list),26,312.487532,2.026,19,21
6drn1RuBCggeedcckNVe3jnze5jVYma8UfjRQBsZEihq,(not in list),26,3166.4724189999997,0.257621,11,8
1234597Zp5zAsLDEL1B7ddTKxX2DtD261FC1RfsyQ1P5,(not in list),25,84,3,25,1
HcpLSd8yLEiU3veh8D6tjHXgxGUmxgyKyaDCNEPbiYjg,(not in list),25,6.0189999999999975,0.02,25,1
HifTQoSJDiZp3MCA7KCjpaEsH53k81MiHJPjZmFnDUrK,(not in list),25,0.7384819999999999,0.003682,9,1
619Kzi1aEZm4DjgTyMcVwqbeTzKigAHqg9rrLfFpNXkG,(not in list),25,354273.25724899996,0.005787,21,1
8Sk1xBFcoYa7WKeFkcWQr6bE6i2WVMRNDiMGcnz2N1rS,(not in list),24,3.649999999999999,0.15,5,2
914eZ7vjReg54SybBk8G4rrSXsBmdUsZ2YrXePEJXt3p,(not in list),24,21.740416000000003,0.349139,9,1
C4BMAvRqDPzpnuLAgNTyqr9qNzgucaLU1XPJvSXbGLNL,(not in list),23,2.634745,0.007478,23,1
ACXwXvZ1zngNwso2V59MnNCYC86R72DFm2R1ZLLeB11d,(not in list),23,29.479156999999994,0.99,6,3
EB8j45phd1yxNEHssFzbkFsJAfi2u9TxEupjCkMxU87J,(not in list),22,26.935670999999996,0.008059,15,1
6jnNLoZKHAqDc6HPski1jc5UmMcsrUjGJ68KXyoydJBg,(not in list),22,390.3821019999999,1.01,13,8
GvFbpZcqXNoZbAH8ETAA4DYBzaEHY4v2Vt7r71ZqJCTc,(not in list),22,15126.378270999998,2.8,16,7
F87G3CmAhmhTAQGtzxrQNrdKmD4QfSRKCBHbD6e7utKi,(not in list),21,12.450000000000001,0.23,5,3
4U7YWxqhT7UvLXtyJUQVnjfMDeVXAh7s3qyF3TqonN5x,(not in list),21,37.43936899999999,1,11,11
CfA1tw9rXTPYXyFQbZJE91WavPmokZEJyfC64YhgHD2F,(not in list),21,628.350628,7.9e-05,9,8
DLG6CVxHTe3t9Uu5dZZergNFpZg133VKQEHg9AAgnPjf,(not in list),21,68.527011,1.86109,14,16
Hs7YrDtHfm2DJeerMpbWTapQbT7J5q4Pa8gUV5bkpvX6,(not in list),20,5960.125698,3.736242,10,1
swapH6k7CNhm1ddtp4TtqBcgW45dgUUMyiPHarBpCUU,(not in list),20,475.43525300000005,4.238191,5,6
DJyrATCMEaTHvJyRPpNb9PDk6SyiE3GdGfZihDnSfWc6,(not in list),20,20.000000000000004,1,7,7
Ct9CpBw1L2RdsjwRbKuR8dWcJT4Nonfv2yqknwi7F4Mm,(not in list),19,29.605828000000002,0.0326,19,1
8DYYiuNFFXJaAUn3N4LBPaMe1oSYLUro1Vt3JXLoGguK,(not in list),19,0.19000000000000003,0.01,19,17
AYZRrmA1J17ndWdrUMvc22t9aearxt18GobwMpvckjWP,(not in list),18,9.404133999999999,0.012653,18,2
DfQHuMb83aaVH9QC2xdeHTc91n1Z2cKGsA7jgG49r9aa,(not in list),18,96.46,2.25,9,11
gN2P4UUexmwd4HKVo9Y9reXqJAisKRhpUxbSqmVYsYG,(not in list),18,32.911541,1.102252,18,2
FfxU1AEhdz2q16TAmzgG6wdYP3NKsFz5gkYt4DprYBsH,(not in list),16,33087.41183300001,2.965615,6,13
58euqYHpb1LWV3727P9SgNWLkeZ7h8XSr2ZCLiN8XdGr,(not in list),16,0.3400000000000001,0.01,11,10
5pQhndbWQbW1gys2mvaJgsdHTM5EbbG8QkMTC8YU4sUZ,(not in list),16,11.109065000000001,0.828574,15,1
5Tf4qwZuWMnfFLtnYuWorcx2kaLUitSTGE9dneBjrJz1,(not in list),16,2.09582,0.025105,11,1
82S7vNuxcPZ4gUuxBMtqvCBW1D6NqWvA4gZxeYm8jcUu,(not in list),15,142.957436,1e-06,13,1
GAgTpZcEtkkwWriacRfMSm4pZDgSoeKcWbE6ownH5HNr,(not in list),15,0.019515000000000005,0.001,15,1
