payee,facilitator,payments,usd,median_usd,buyers,repeat_buyers,top_buyer_share
3MZVk97x9SeRxbYpc3jhzRfU2fyA3emYutnqfn9kNfYX,coinbase,21,75215.34999999999,50.4,7,3,0.995360920344052
X4o2UuVNMxnrgkzVy97kPF5gmS6CLRCVJGB48VastML,threews,4086,4292.941263000054,1,2,2,0.9947419781410595
7xvuVbuyzfoE8jLRAbdqwjNYgqLs9pVNx9FpkXPwVDVP,coinbase,23,1286,50,16,4,0.31726283048211507
WwwuGbqHrwF5RG89KhUbmRWEvjnRH9k5kVM5p7T3WwW,threews,1824,785.7651160000073,0.3584559448537301,1,1,0.9999999999999997
9Rp23iL77FtUXtgigFGtdGfna7jHuzLLzvpc6RFr48Xr,dexter,21,226.66,10.83,1,1,1
d8X2MdS7QMiMFVWzYMVTeKhm1BVx75GoHskf9ws74nM,dexter,5485,226.65999999998246,0.01,16,16,0.06644313068031894
Bd2xS189uhhnxUeBeVF3JFXrg8zQgrvqZtpqh8hgkCEQ,coinbase,7992,159.94100000000802,0.02,13,13,0.08365584809397923
AQqnMFBwGZEoti85aTVRy8XYpKrho7GaMDx9ZB3CEeKA,figment,23285,151.72330000002967,0.001,22,21,0.29207484941330325
SAT8g2xU7AFy7eUmNJ9SNrM6yYo7LDCi13GXJ8Ez9kC,payai,108,143.33764700000006,0.403,11,5,0.3250995183421699
9VaDVp1Wb78G4Wm6VuTiMrpESjrUymXefQTHcJGRSTEA,dexter,4993,101.09999999999732,0.02,3,3,0.9861523244312557
F2KCaXcp7AoQtxTDvNEDCyMyWjSCAMWNzcyN9dsPfPs5,threews,204,94.69410399999998,0.3587189349112426,9,9,0.18915178710598501
J7ZvJEspvwP1oRxQZ7mYmNmT22NTm3GWq3t7HEbvPZYx,payai,5492,74.5600000000004,0.01,9,7,0.6138680257510626
7yD7gfXv49SFxhx9uTc11dEd7Nj98rGWeYMdZJgheZbG,threews,142,71.82429099999997,0.37478984375,1,1,1.0000000000000009
5yASLjtNssGXDv6bR9e71WXKxRymDiUzbgkGPqkQNgRn,coinbase,35,57.509,0.001,3,3,0.9992175137804518
9GTj99g9tbz9U6UYDsX6YeRTgUnkYG6GTnHv3qLa5aXq,threews,96,53.31741200000002,0.36568,1,1,1
8qUL23aSj7mDWdoLMXGHFvnVCT9wd7jXcysiekroADEL,coinbase,5,50,10,3,2,0.4
8FnX3xo2yYw3EUE6w3nQA4GfXGS9wpK6oj3veJpbFzLo,threews,81,47.675805000000054,0.3682765625,1,1,0.9999999999999996
4ofUMGcRHsfr6LMY6AuaRSQpqyKsvibSbXmieQL4i8Dc,coinbase,4056,47.29999999999955,0.01,4,3,0.9917547568710381
EPUHjseXG3izk3MVUJ1PcyWT9xeBhtAnq8gUpq3j8Uni,threews,77,42.942781000000004,0.362621875,9,8,0.5337358099839877
Enc6rB84ZwGxZU8aqAF41dRJxg3yesiJgD7uJFVhMraM,threews,81,40.09575800000003,0.36332187499999996,1,1,0.9999999999999997
J4uBbeoWpZE8fH58PM1Fp9n9K6f1aThyeVCyRdJbaXqt,threews,87,36.45069300000001,0.35378,1,1,1.0000000000000004
4xDsmeTWPNjgSVSS1VTfzFq3iHZhp77ffPkAmkZkdu71,threews,58,33.824756000000015,0.3838333333333333,1,1,0.9999999999999998
2MFoS3MPtvyQ4Wh4M9pdfPjz6UhVoNbFbGJAskCPCj3h,threews,56,31.59346099999999,0.4075958333333333,1,1,1.0000000000000002
F3ds62W3NNEBQrwi2ZFy2vX3xu5fxL6f7VMtRdmKjoCv,threews,62,31.201211000000008,0.3693666666666666,1,1,1
9nnLbotNTcUhvbrsA6Mdkx45Sm82G35zo28AqUvjExn8,threews,62,30.992124000000004,0.3683088333333333,1,1,1
BDVsoFu2GrvXG8HRjfp8aCyphSmEhb9Sm92siVSb6VES,threews,59,28.84737499999999,0.3633,8,8,0.2368569063909629
BQ72nSv9f3PRyRKCBnHLVrerrv37CYTHm5h3s9VSGQDV,threews,57,27.589759000000004,0.36306666666666665,1,1,1.0000000000000002
GGztQqQ6pCPaJQnNpXBgELr5cs3WwDakRbh1iEMzjgSJ,threews,57,26.25796,0.36061666666666664,1,1,1
CapuXNQoDviLvU1PxFiizLgPNQCxrsag1uMeyk6zLVps,threews,57,25.215602000000004,0.357,1,1,0.9999999999999999
GMCJvYGf5Ex2ARiMquaBDqU6iKM8uiEQkB8jCnoNfHpC,threews,41,24.941991,0.40577387499999995,1,1,1
7s5XZXYVJtaqJwsFheEq8oom7Afp7B7m7GHd12PBBMoG,payai,1,24,24,1,0,1
66Qvhr1xnwqbCT36KfHfZF1JpoWdmCQ3uFYTN335CGXe,coinbase,2333,23.351999999999897,0.005,5,5,0.34408187735525414
6U91aKa8pmMxkJwBCfPTmUEfZi6dHe7DcFq2ALvB2tbB,threews,47,21.973674000000006,0.36194375,1,1,0.9999999999999999
6LXutJvKUw8Q5ue2gCgKHQdAN4suWW8awzFVC6XCguFx,threews,50,21.582136,0.3612875,1,1,1.0000000000000002
wwwwwDxFWRn7grgr3Esrsg5C6NvDoDHSA4gaCffccrU,threews,18338,21.471000000002856,0.001,1,1,0.9999999999999997
2SixkjMjaLqXcEEJZfeth7qjH711R2uvp6TrUaHNMB65,threews,42,20.792627000000007,0.378,1,1,0.9999999999999998
G3s13pAE8f72jPPWSvwEfLr6Gg1WRh6Nv7i98HNMoVcd,payai,1,20,20,1,0,1
8sLbNZoA1cfnvMJLPfp98ZLAnFSYCFApfJKMbiXNLwxj,threews,28,19.002100000000002,0.3647,1,1,0.9999999999999998
8sKQHfjNhvmAw94PhfvfMcytmqW6jmxvwieYyzXCCPu,threews,26,17.976429000000003,0.401381,1,1,1
8R5qdXKMn2KcfHBy9rEpi43KScHewqvRAcpFyqoL3wap,threews,32,17.875645000000002,0.37835,1,1,1
7wXtGayssQRekJYop299FoJZmcD7fvRW6NUwLk3r6VWM,threews,32,16.747390999999997,0.38045,1,1,1
ugobDeUHRY34mq1yK94eYrepgj2KVmUkHiaV8vyUD42,threews,35,16.343118999999998,0.36855,1,1,1
34oUrDd3BMGf2nQTSDhqSioiD6t3VMAajQnvAu8eNn9r,threews,35,15.878269999999999,0.36435,8,7,0.2137814761935652
47qVXdActUwAcfNtUXUnUMUWASwBnJUGsDLYRzSV61iN,dexter,21,15.06,0.72,1,1,1
2ZaQzq1N5Ziug4gk1q1NyKW3oHYGQy6CFPDu5WnUzkx3,dexter,21,15.019999999999998,0.71,1,1,1
EU36u7KUr4QRLQsZerfpowYVuHBnBJ2zwoCXiWxE7sjB,dexter,21,14.569999999999997,0.69,1,1,1.0000000000000002
4zXpDyLTwc2V71aLv1CT5oct24kjKdEgKzatP9JmNahX,dexter,21,14.420000000000002,0.68,1,1,0.9999999999999999
5XarVYaci4bR8tvdSAJR78EjoNMC7zEgoUJRVM6wnDNz,dexter,21,14.259999999999998,0.69,1,1,1.0000000000000002
BAsRU28RuhvsmeAivFshfUzVsSW4cunBYXBkRgPyz9vc,dexter,21,14.24,0.66,1,1,1.0000000000000002
6rfDGs24xpVK3T1vBuJw9CPZwoMoqFp6fpZPiNmenPJT,dexter,21,14.209999999999996,0.66,1,1,1.0000000000000002
6sexPtY6CKLkf1795fJRRdG7AbqfmdRQWqy9QK5spkn5,dexter,21,14.12,0.67,1,1,1
3h2EhBZAEwNXRrt9Jc75q2cGqZE6bAtGDUibBJ9Pb37C,dexter,21,14.110000000000001,0.66,1,1,1.0000000000000002
4j4F1DV8WVjkvKNEN7BVi9frDC2J95kwrJmguB5fvpk4,dexter,21,14.069999999999997,0.66,1,1,1.0000000000000002
E8iv1bmnMtGgE4PwvK8HVv1JFuqe9HHKaLcMSKvDwU1j,dexter,21,14.030000000000001,0.67,1,1,1
FGQoLafigpyVb7mLa6pvsDDpDaEE3JetrzQoAggTo3n7,threews,30,13.998599999999998,0.3675,8,7,0.1793179317931793
82RLfDeEAoYtx3rwZF7igAQC1nGsBBvAMkygB5mcJojZ,threews,30,13.982849999999997,0.3605,1,1,0.9999999999999999
95b1bqjMF6eU92eBzDpLTBRSJzHurTyh45LnJ4soHpRF,dexter,21,13.97,0.66,1,1,0.9999999999999999
ByuUUXVHbj7mPjgdgaRRrz7ziqe8pyJjbgffj88AvUXq,dexter,21,13.920000000000002,0.64,1,1,0.9999999999999999
42hk81LJC9rQRzEC412MsH2BkqA94QGirmxYWuFVyCqa,dexter,21,13.840000000000002,0.65,1,1,0.9999999999999999
BWky7uXkjuiXB85zgXujtN65U7zKZuimLZGNiQLpCwTM,dexter,21,13.680000000000003,0.64,1,1,0.9999999999999999
FJqAJ4dXkFbrp3EEo8E9x98iaBGUQwaU8Srz5ePfUXLH,coinbase,504,13.351000000000019,0.01,1,1,0.9999999999999999
5Zg8y9eGkMMo3eaXGHoTPtRwTvKzZn2ipZUL68QoMd2J,dexter,21,13.139999999999999,0.62,1,1,1
CUy2cojBK8XWNYh6vrLsG5FBCsSdHkbtF5kumPn8obNP,coinbase,28,12.75,0.5,1,1,1
FkEB6uvyzuoaGpgs4yRtFtxC4WJxhejNFbUkj5R6wR32,threews,18,11.471950000000001,0.7,7,7,0.18406199469139944
CvX23FNQsNQww8ALR3EWgQv2Wt5yM7VvU4HRigGBMMJu,payai,11307,11.306999999999173,0.001,170,170,0.014150526222694953
3msVd34R5KxonDzyNSV5nT19UtUeJ2RF1NaQhvVPNLxL,threews,23,11.072071,0.37975,1,1,1.0000000000000002
ANhAZ9uuc7wGh1ssKXhSk7xMM7vP4AXHxYZsk1V9PqoU,payai,36,10.359999999999998,0.2,1,1,1.0000000000000002
DdeMfXrDae49VAkvVZHUhWh7FDuirAuFCuuJruqXv5G2,payai,102,10.19999999999998,0.1,6,5,0.7156862745098044
8VXj6uz61v8yAu7m9pVEYNYjJwjK7WfFbRCs3YyXY6Bb,threews,26,10.045808999999997,0.3535,1,1,1.0000000000000002
F5Lb1Hamu7SBA3fPDwmajtACqaYNLrk4AQ8h8aL5936g,threews,21,9.555169999999997,0.3647,1,1,1
8ekCy2jHHUbW2yeNGFWYJT9Hm9FW7SvZcZK66dSZCDiF,threews,13,9.537047,0.35735,1,1,1
EEUNhHsRoUVgJUFpkupmdF4v7uLUw1zhYLp7u9s8zFqG,threews,22,9.498818999999997,0.36155,8,7,0.19197123347649855
7r4e5dwNS68MDaxbw7N8jbzHq7RCMBp9z6smHFH4NXWw,payai,407,8.049999999999946,0.01,2,2,0.7503105590062102
83v8iPyZihDEjDdY8RdZddyZNyUtXngz69Lgo9Kt5d6d,threews,15,7.905651999999999,0.35525,1,1,1
HrWp3QR3hNeVy6tEZtcpsjwEiGgKJuL1NDP84EaaU2Nh,threews,14,6.266671999999999,0.36085,8,4,0.2878002869784792
D5trkFE3C7QeyFATEWjEHyKXXXSGpggbP7V9SMWwVBkz,threews,3,6.0549,0.70385,1,1,1
FqyiygsWRLc2jsMWNdME8JCYyizcC4KEa6y18AmW4JQb,payai,1,6,6,1,0,1
7LSjfrJf8fNsB8VA9u7N3WEn25smQLpob3SvyUvXacy7,coinbase,1007,5.888999999999929,0.0035356481481481484,1,1,1
FpCMFDFGYotvufJ7HrFHsWEiiQCGbkLCtwHiDnh7o28Q,threews,4,5.806232999999999,0.7056,1,1,1
Esvfxt3jMDdtTZqLF1fqRhDjzM8Bpr7fZxJMrK69PB7e,threews,10,5.310549999999999,0.38325,1,1,1
J1K4mdbvXEbJLRKpgxFcA7s66LWMCYHu71ye6Hz2icSh,coinbase,2,5.25,5,1,1,1
Bn7sLNmcL9ru5kt9gNwVn8e8Sx912dBTxiUBNiwjbiY8,coinbase,481,5.089999999999942,0.01,4,3,0.8015717092337925
7s1da8DduuBFqGra5bJBjpnvL5E9mGzCuMk1Qkh4or2Z,threews,6,4.33545,0.7,4,1,0.6547186566561718
23XoPQqGw9WMsLoqTu8HMzJLD6RnXsufbKyWPLJywsCT,threews,5,3.2739000000000003,0.71085,3,1,0.5392345520632884
EX4MyYWHc7NKBGuytmMpxixM7ovSWYLNy5acN2mFfoGd,coinbase,13,3.0700000000000003,0.06,1,1,1
GPah53U8YNAMmvfUrZ7gECCfc1mEkJ8PphxhNb7hjeSg,threews,6,2.93755,0.38885,4,2,0.2610508757297748
9MkM5Ra48KFcSv9HDQ8sb3C3r5HjouEwGQ6sp1cx1vde,coinbase,537,2.601999999999966,0.005,15,13,0.6821675634127622
EVmGpcYzUmrGbTwST5GsGPkwq1QdCq6YdXN2mASn69L1,payai,40,2.53,0.05,8,8,0.1857707509881423
7ZkBSRof6cVo7ddTQGNoPtxT2jMTF7w73Lvi66buMiF,payai,38,2.5100000000000002,0.07,8,7,0.24302788844621512
HLnpSz9h2S4hiLQ43rnSD9XkcUThA7B8hQMKmDaiTLcC,threews,5,2.4661,0.3619,5,0,0.2852682372977576
2Evk5PPEfGe5DCuAVcXuzC4bGdqVU9Vxeh6TXA6pWD3d,payai,38,2.36,0.05,8,8,0.2796610169491526
CjHkmudkLnkLH6u6CDiCxMZzjFwhDTHBipMH1MeB3vNk,payai,38,2.230000000000001,0.05,8,7,0.17937219730941695
4j1rDoGi3oL4R9Tc5s99WufB61YWHjhAx3122Z8A9r9i,payai,36,2.1600000000000006,0.05,8,8,0.16203703703703698
CLM92hJx6CGNBqTifR6Lvcvs3BuFbGWw1U4zLHELzQFL,threews,4,2.13745,0.70175,1,1,1
5fKqJxRfvqMuTKxAbyom2iz1sexrpRFoQmTCzyffFyiV,payai,2,2,1,2,0,0.5
9G84xTziiHCz6YE8QuovaLvvZaDacA5RVyVPBMZu2NVM,payai,32,1.970000000000001,0.05,8,7,0.20304568527918768
DJNtGuBGEQiUCWE8F981M2C3ZghZt2XLD8f2sQdZ6rsZ,threews,5,1.8116,0.35175,1,1,1
6SU6NvUNPcXRMktx2ADyoYFPkBHDCf6vmvbEF5tNtZxE,payai,26,1.8000000000000007,0.07,7,7,0.2833333333333332
AvGeFw71N5sNfV97mZ1uNrHg4yfufRicCJUrS9j2ehTX,threews,4,1.7766000000000002,0.36225,1,1,1
HTvjzsfX3yU6BUodCjZ5vZkUrAxMDTrBs3CJaq43ashR,threews,4,1.7766,0.35035,1,1,0.9999999999999999
5XRqv7LCoC5FhWKk5JN8n4kCrJs3e4KH1XsYzKeMd5Nt,threews,1,1.764,1.764,1,0,1
5jfkfmZqHSf8vsXp7My3nCgVQCd685AwWjojgPGFhFi1,payai,26,1.760000000000001,0.07,8,7,0.32954545454545436
12Ec2cJmfR1C9uwejzxcuMhUgEC7wDrLgm1wBvvR5w9E,coinbase,196,1.7559999999999936,0.007,2,2,0.9880410022779045
J28Fii2VFnJcavvaeEfsKc628htk3mnrZKubD7WsGStW,payai,230,1.7250000000000032,0.0075,1,1,1
BV6CrmLhMeop3ec8PnYWJmfeGTK7GmAPGnM9HeVFegUd,payai,26,1.7000000000000006,0.07,7,6,0.28235294117647053
FbkX1h2YTs171cEMa4GrV7XbAiQt5zSmV2CjfYWxXJDP,threews,4,1.54,0.3941,1,1,1
Huch5SM1bw6jXPJR5HA21k8aNYF4h1LRjfbJH6XLmh6Z,threews,1,1.491751,1.491751,1,0,1
2U5S52n2L9Rr8vjDiEFRmHo5iQjJQg9zAgJ5nY1aWXK1,threews,2,1.4336,0.7336,2,0,0.51171875
4YVLUZGEhsjfsWuxRbo6h18vL297HYRHTrLVE8bwpyCW,threews,3,1.4143500000000002,0.35,1,1,1
CR2kQQcALb9FpA5y5KA7oa3Kf1kZ63Tz6uSQyG2yzPc6,threews,2,1.40735,1.05735,1,1,1
4WvcrHiCTLEqWod3PeW3iFfjmJFsCbprQfkeNb2Rq59b,coinbase,4,1.3,0.1,3,1,0.7692307692307692
21gTfxAnhUDjJGZJDkTXctGFKT8TeiXx6pN1CEg9K1uW,threews,2,1.099,0.7105,1,1,1
ArisQNcbjXPJD7RgPRvysatX3xcfHPTbcTkfD8kDoZ9i,threews,2,1.05035,0.7,2,0,0.6664445184938355
6KsbSAzhFe5YzqBK9ngeZzdU5xauZsni9osQeB8rSy5R,coinbase,5,1.004,0.001,2,2,0.99800796812749
GPHRA3MJGT4ERmsq3sgt9Mcf3WVdG81oJia7yuLZ6ixU,threews,3,0.9745119999999999,0.35,2,1,0.6390501091828527
4a8o45skRPcyjAdyR8yES215Swvh8uTpZD6KLarhxCJ7,coinbase,63,0.9290000000000003,0.01,2,2,0.8342303552206676
CTKigV78yuErumvqm7Qor8j1hMK2oxNxdhwpVrAKV85d,coinbase,23,0.9220000000000004,0.03,2,2,0.5856832971800434
FksffEqnBRixYGR791Qw2MgdU7zNCpHVFYBL4Fa4qVuH,threews,2,0.9136580000000001,0.535308,1,1,1
FN9K6rTdWtRDUPmLTN2FnGvLZpHVNRN2MeRghKknSGDs,threews,1,0.7504,0.7504,1,0,1
HRYEjwdo3bZ1TpXKWKcezqiwSV2Ywuh4LxMa2PzoCnG6,threews,1,0.7322,0.7322,1,0,1
3ucNos4NbumPLZNWztqGHNFFgkHeRMBQAVemeeomsUxv,threews,1,0.7287,0.7287,1,0,1
77WRPLVPK5Vx4pPRimwQiqFiBViFvus8vRupP2yig29L,threews,2,0.72835,0.378,2,0,0.5189812590100913
De64Utt2rHzmNdCkQDZPEnobWjBZeseK2fZEXkU6uUrS,threews,1,0.72345,0.72345,1,0,1
DB3sUCP2H4icbeKmK6yb6nUxU5ogbcRHtGuq7W2RoRwW,threews,1,0.718336,0.718336,1,0,1
CHHWRYyo8exGvcLGn3AxzHEZseLZDTnq3FaYkzZVQDQr,coinbase,71,0.7100000000000004,0.01,1,1,1
2dc3UgMuVkASzW4sABDjDB5PjFbPTncyECUnZL73bmQR,threews,2,0.7035,0.3535,2,0,0.5024875621890547
FB67XYifr8Tk19xRBFFQAH54NyXp2fPPqyYMcob8TM7q,threews,1,0.7,0.7,1,0,1
7qbRF6YsyGuLUVs6Y1q64bdVrfe4ZcUUz1JRdoVNUJnm,threews,1,0.7,0.7,1,0,1
8kvGYkeqDnb21b2BnSb9BMS2gJSfqF91EhpvAtzExCfM,threews,1,0.673579,0.673579,1,0,1
4s8XQC2WzRfgH8Xiep7ybnCW11VKRCMwxQF6jknx3VPf,payai,233,0.6360000000000003,0.001,1,1,1
HuSiSpcUoUEF4hct1MRsGtNGz8EdBiTs7p2WtJGksLSa,payai,1,0.600001,0.600001,1,0,1
3ESUFCnRNgZ7Mn2mPPUMmXYaKU8jpnV9VtA17M7t2mHQ,threews,2,0.55155,0.371515,1,1,1
4JgPtoBWkQyG3QffVJC3bfgk7SCQrz9bx2SAEUTSVqzK,coinbase,14,0.545,0.005,3,2,0.9174311926605504
ASt6xvRyQ7ntERsmcYVMdLqZvz1GEN8Fzexzq62tXrNQ,coinbase,45,0.5250000000000002,0.009375,1,1,1
4du4AfkjJEwch2zk3shkPJVZfyJHNDnNjEWC6AboaS5Z,coinbase,4,0.52,0.25,1,1,1
BWhQjQhNjK9PKCb8uGRhp9dqXWEq7H8YpYSxvgp2MPdA,dexter,2,0.5,0.25,1,1,1
2zVV22uNWdJNmkXpj5vCrMzwHGBoJdsyV7qACh29sK1w,threews,1,0.4305,0.4305,1,0,1
5HGarauHaGFynzwNBqLkKcQ4LFR4UCXKZE7bJuP6Ew2N,coinbase,23,0.41600000000000015,0.005,2,1,0.9975961538461536
9HkwyUhDMyjbpSpnyu5xuZ9vRaFQeajnJsavhie7XcsT,coinbase,30,0.4140000000000002,0.01,2,2,0.8526570048309177
2hYY7wHhXsoWnskQRzYFUNH7YboXNMEqbGnAFHpRuB2W,payai,28,0.40000000000000013,0.01,1,1,1
Hh7LU33kJhJmnws22RPyCY6NkvSCvL9YEntw6zJiVWoc,payai,1,0.4,0.4,1,0,1
Gf7sXMoP8iRw4iiXmJ1nq4vxcRycbGXy5RL8a8LnTd3v,threews,1,0.3787,0.3787,1,0,1
3wijQvPKm6jHQrAkfPpok5o8WjCWPm1DGG17NmeW8q1w,threews,1,0.378,0.378,1,0,1
3gijXbxxVZNU9ZpMeL8xbGgfgVAoMNAgcEDwaZriKV6B,threews,1,0.378,0.378,1,0,1
3iCcc5iXwqtnZeJ3x5aui6j4SCAGSXwz6fDYjr2nueVA,threews,1,0.378,0.378,1,0,1
CgqwPLSFfht89pF5RSKGUUMFj5zRxoUt4861w2SkXaqY,threews,1,0.36435,0.36435,1,0,1
7VuKeevbvbQQcxz6N4SNLmuq6PYy4AcGQRDssoqo4t65,threews,1,0.3556,0.3556,1,0,1
87Dia7JixTXFrXs7i5YHT1Z3dJFkd9KdaWquNcPsGPyT,threews,1,0.35175,0.35175,1,0,1
4HppGTweoGQ8ZZ6UcCgwJKfi5mJD9Dqwy6htCpnbfBLW,threews,1,0.35035,0.35035,1,0,1
62JkSDhZLgwLu8in73E46CPTzEf8hMGMxSNUw5r5mMA8,threews,1,0.35,0.35,1,0,1
5rCf1DM8LjKTw4YqhnoLcngyZYeNnQqztScTogYHAS6,threews,1,0.35,0.35,1,0,1
7byw3sD4hNG5NTwTHFRfxyASJCHfed4i6FKVdtqXGtru,threews,1,0.35,0.35,1,0,1
FY9wSdzRso94KRRdx9Ukzw7544iP9DsLPq6veya6b6GG,threews,1,0.35,0.35,1,0,1
Aq6J1zBhga9n6LSAWkosHbYUy3Bp1vC4Z42zZq4iFfed,coinbase,14,0.265,0.01,1,1,1.0000000000000002
4vGAGRs1XXbiemTmUXhGDsJf7p2HU2gYKK9gFdmt83YD,payai,10,0.24999999999999997,0.02,1,1,0.9999999999999999
AAyBzWYM5MQPcTQC3hgU5hXvGvtA4V1RbzUDuukXpWsq,coinbase,85,0.24507299999999982,0.00287403125,1,1,1.0000000000000002
CtbPTTFMRfULUMz7DjPDRCKXVSBEcAEXeTUq4n7fSFuf,dexter,7,0.21,0.03,1,1,1
6bfN4hVbypmM1p4mV4qUpNushvm3W8GiAv1CrqEfiUdM,coinbase,1,0.2,0.2,1,0,1
HwXJGH7FMugPCoLiQnuG1nCUMWhBejMhkjdswNHmLeN8,coinbase,23,0.1840000000000001,0.008,2,1,0.9565217391304348
3nmeVj5m9Uq2hSTfsVsn3tJMHRJQNMKR1AjzyUJbrSgw,coinbase,6,0.18,0.03,1,1,1
HZ5rN5HmZpu2H16auY5Zt5SuJjCMBG77odVhAVSuhK1x,coinbase,6,0.18,0.03,1,1,1
9246XrsAEKH6hAyEQe5PvdpUL1p5Ktj9c7ySnwQn6ois,payai,17,0.17,0.01,1,1,1
9DbpH2Mf9D26ak4bASsv6KA4Ra4V571oLpiVdZjAjcU8,coinbase,16,0.167614,0.008,1,1,1
Ha611tq3iLFCfveZUgMX5s8JrRUKf8kBqX6AsLq4H7p2,payai,154,0.1540000000000001,0.001,1,1,1
HtuDjVom8YTXgX9szPSCKkSj28sFfuE2qvZh5fTuik5g,coinbase,10,0.15395,0.01,2,2,0.8051315362130561
HpZ7TcKzX5GQ1jbFFYB3Npq321g8UrmsnaTKVNicu1Dv,coinbase,12,0.15000000000000002,0.01,1,1,1
95xcrFtRVn2fkoAKiCUKxPpTc1GN8MTyonVwLFfJfzux,payai,7,0.14,0.02,1,1,1
GEDHYTsufU5HEGmQZzXsR9wygTpnpY1RKFuLiJkPJw3h,dexter,8,0.13999999999999999,0.01,1,1,1
J7aN3PLJnTCF5qpEnvJHJsnCjcGuqC2rYtEM8Gv3xwg,coinbase,19,0.12700000000000006,0.007,2,2,0.8818897637795275
GYyTRmt317JafPHXPnM54Fsvsma5GnS9wm6qGMqaykdS,coinbase,15,0.12199999999999998,0.01,3,2,0.49180327868852475
3gM4YDDPAi7w1di7rHAAaHc5T1tR7NRXzLWzPPN4ZRaM,coinbase,6,0.12000000000000001,0.02,1,1,1
C5YkG2hx7GUzLTD2wYm6Jz3YHrTLoGufhfvM9G74aZXy,openfacilitator,24,0.11100000000000003,0.005,2,2,0.9459459459459459
FrbPNVy38p2czvMSaQDAW5EU7UYHG1VTykfcornDdVHH,coinbase,4,0.11000000000000001,0.02,1,1,1
Fs2zgBUo3jTs3AeZrXyjBQ4FVw1f9HViNudmzxw7rz4B,payai,2,0.11,0.1,1,1,1
CFg86EW2ZSAgGpf4o2XAt3gU59fgMfsuZyM6QDuDTmoM,payai,9,0.10300000000000002,0.006,1,1,0.9999999999999999
FBVHMG5PTNW6sNd7uhZBsxhWkwJYRpgk34QcTgDpQdwV,coinbase,1,0.1,0.1,1,0,1
H32YnqbzL62YkHMSCzfKcLry9yuipwwx1EMztiCSPhjb,payai,1,0.1,0.1,1,0,1
9wNzkrGAqbv1DSfM5EM12qBPdUUiaV3Vjg4wqu12H8j,coinbase,6,0.099,0.0165,1,1,1
FCFgb8Z63uwim2QpDJW4TGwLqZoENjckwGosLmg26zBS,coinbase,9,0.09,0.01,2,2,0.7777777777777779
DabzwRcyMvxhT6REXfH2fvP1BTd7qBP5r9Tj6fR4qC4h,coinbase,87,0.08700000000000006,0.001,1,1,1
EcgBX5ydNsGfJDrmW2qzNtJenDud8sNGSZBtt3XH2WJk,coinbase,1,0.08,0.08,1,0,1
7G73PLhKvAPBGTzG5ESAE4coE7QrVeTTKfhTxQZbyGgC,payai,6,0.08,0.01,1,1,1
8D5DSpGroX5P9v6oGHLUVLFXujp6En1zYdf5KTTQ5N8V,coinbase,4,0.08,0.03,1,1,1
7Cd8FJ6hCKKTphtj2oDNQrevkMc4CcHCuLNWkw38so6Q,coinbase,7,0.07,0.01,2,1,0.8571428571428571
6UNbfD8mgSqgFDxxwE29LfgKrBqrZBt4R4L4Resh4yct,payai,13,0.06499999999999999,0.005,1,1,1
Hc7oyquPqnTuT4gjdZmZGbdsBjLy8ZRPH3KHQJsRSMk9,coinbase,64,0.06400000000000004,0.001,1,1,1
3Ywxk31SvWKwZBdY6bLvjmn5h4mzWcT3HJ5UZbYXoVy9,coinbase,7,0.062000000000000006,0.01,2,1,0.967741935483871
4JVizZAF12UxgMF1Fi1nqcrfBhuuCpHiRM7o9FFfeGdc,coinbase,2,0.055,0.05,1,1,1
CBYMYxfMGdA98qkzrYqTzTiQhP3H2scU95EB4ZxoRxuM,coinbase,2,0.055,0.05,2,0,0.9090909090909092
HFYkH6SUuXLvzGbuB76vJ8u76NG3X25wdd1A7mDM4cSw,coinbase,54,0.05400000000000004,0.001,1,1,1
Cs6bWE199uXLmjUyhZieqHkvuiJxJGuAqaGBjkq6nvrC,payai,5,0.05,0.01,1,1,1
CTQ3MyM4fJeUJZSE5S8WL51rdBorbmXUXbyrAKTi4EHE,payai,5,0.05,0.01,1,1,1
GLu63pRCYrp4BJu5P5ciYKxgeZFW9c8TJ8jWzK3TB9AR,payai,5,0.05,0.01,2,2,0.6
CXSdm7NgrFXooHbvN6CdNgMvmqTkVLzu6JCVZR3J3Ygh,coinbase,2,0.04516,0.02258,1,1,1
sLJ4uneGcD1mg6hKtkLYsY5HCw1nJ8GpNAmbzBWPBgk,dexter,15,0.045000000000000005,0.003,1,1,1
F1AbWuXJcBT9arW9wc6Xr2vom5NBtngWsz6Ht16jRBLM,coinbase,9,0.045,0.005,2,2,0.7777777777777779
7u9qhT3jFos8w6mYmjovohsz45krDpMiMFNVcm2qtYt4,payai,4,0.044,0.02,1,1,1
8iZbjedTiMYVYGE9PZBHPm7k2KeXRqWAuCpSAxHm7j68,payai,4,0.04,0.01,1,1,1
ET9SydXUiFcEZn62N5atP1PvQpr9mAv4Ehg9Mo58kuCU,payai,4,0.04,0.01,1,1,1
8WhWE8YgY5QBWyLowEHuaZiWdwDM3SrgDk36xYBNvYNS,coinbase,6,0.030000000000000002,0.005,1,1,1
cpCDBTacxDtgXpKNCeK4WgtCT2EcGRG3GD9rjQYayTP,payai,3,0.03,0.01,1,1,1
ATWJ82T8nRdQwZnaysB68N5EpaSvLRsQP4h6eWmaJBH9,payai,2,0.03,0.02,2,0,0.6666666666666667
DxnVaGNqTm1yX4Bm5YqtRzfUytF5ZiZ7N2eVXZpVPPP3,coinbase,1,0.025,0.025,1,0,1
3Wuj6VjJXuCmQZjGRhW56xbEk6TzCyMEUVRZgLBYNE2Z,coinbase,8,0.023999999999999997,0.003,1,1,1
8FpaqrVv86FESBBn1qYgPNvL8EbTbk7W9ccMPqvNELZb,payai,2,0.02,0.01,1,1,1
468SHDo6YZmmzkfKzTp8oBi7CCtoaYfMiS6gTh8t5CmR,coinbase,1,0.02,0.02,1,0,1
8XhngTRitTcUJMiaDJ6azw8GRSiFPpwhnmV3HYQLHUpL,coinbase,2,0.02,0.01,1,1,1
226DYoWb2e6uYxDkFp7vK8jZhzzh2VNvHH6DgbDsNueC,coinbase,2,0.02,0.01,1,1,1
TW6ntaGzvj63ZgPjszd4FCGmVTGfzv1MAYZbjYcyWhn,coinbase,5,0.018099999999999998,0.0012,3,1,0.6629834254143647
7kPWiEbDXu33FomKG6mGa7R8HGSfUGFsAoKFZeBERJaH,coinbase,6,0.018,0.003,1,1,1
DqSMReqFwS3SqfghkM22gaXnYaX73t357cpLEmbHP6Vh,coinbase,12,0.012000000000000004,0.001,1,1,1
yUdt7ThMbP5mvtLtURiwK3wgnhexuFtbKC9LEgb1Q8e,coinbase,6,0.012,0.002,1,1,1
8nkjP4A998R7jnNRYU8zukEPaYXezbZ8jCiiyhMJUdbN,dexter,8,0.012,0.002,1,1,1
JB6faq2SqM112oYFxoit1X8jmLvrCyhnP9aAXUPYTT8C,payai,1,0.011,0.011,1,0,1
CRUnwvKvpernGh6AGaxJ1JWWb6Atw91ZMqHMCmVDu51u,coinbase,1,0.01,0.01,1,0,1
C1N4mskLCVT62Jx1feaCNWqydNG4NZoGYiumcEuDN1t8,payai,1,0.01,0.01,1,0,1
8tosK4UvkrkhBq1fFquS4ecZKvHpeYtjCoMRMgMvcsQz,coinbase,1,0.01,0.01,1,0,1
2mEKsZxV14npRfADLrA53fffujaYaXroRMV1p2yMoPdw,payai,1,0.01,0.01,1,0,1
F7EU9U5X66S4xPEE6FSeaNcJdDmDSVCWwX8eycy6mdNQ,payai,1,0.01,0.01,1,0,1
Ew8mbrKwD6LGaSX28a6XGmXqeQSs2hykRibjXVhftTRC,payai,1,0.01,0.01,1,0,1
DCi9X5mmacNGLeJvCw9fdWgX3G8V4QquDn4EuXATkcYr,payai,1,0.01,0.01,1,0,1
E7ADcyFcefaVZgzVpnyLt8npGWVZqRrgWJqtSnTJTe6N,payai,3,0.009600000000000001,0.0032,1,1,1
Fma6oRHMDqBUJVjg8gbZhpXt7v7WktuDWRUXLU7mvFpa,dexter,3,0.009061,0.00302,1,1,1
9qCyPu7sLjnwgcbHYY76eqvtjsrdDxis9nn1sjD8CyJo,coinbase,3,0.009000000000000001,0.002,1,1,1
5Wxg3V6gcmFmmP6SXmGZQAUZPFYsSwoeN2Qewt5BotWz,coinbase,8,0.008,0.001,2,2,0.75
3MzJUA57HRTVaxWy111qxTQxnoy2ihBJ845PWNmWmBb5,coinbase,5,0.007,0.001,1,1,1
7qXhgSHxsYG5yDBUDi2KN6NnXydBfyvQDkB6APfq96x9,coinbase,7,0.007,0.001,1,1,1
ALLdmmAsbUnhHS7x2556449syP5Wz73Gng4gzzLHqsC7,payai,3,0.006,0.002,1,1,1
GFpLvocNdEjnSsLH3VJQL6wGcjGxTbUBrj6fqN3Qe1Gs,coinbase,2,0.006,0.005,1,1,1
HcjfmZLgWRZzwj4deEiS7pewc4KBYSw39mW5nTyt3pz2,coinbase,2,0.006,0.003,1,1,1
8s2VtNV5E1C9XJbfk4WGpMTiSJVPLeB8wcuJYQS5MFQa,payai,1,0.005,0.005,1,0,1
58Qo8QTJ1Sd4aXSygwAeBLNL3VrXRmfUCceB6b5RJCx6,payai,2,0.004,0.002,1,1,1
FX3CCBaASXTMahvqoJvGAq8M6Fp4SgwawMP37KYuWhMj,payai,3,0.003,0.001,1,1,1
9CAhY1vdaZfrfoto3KLQtRAo1dVWxNn5xAfmc2XbZVsf,coinbase,1,0.003,0.003,1,0,1
C8qDYG8NTyvdY85gvGfs1WajwGhiLu6f1vi3JaG1r1iA,payai,1,0.003,0.003,1,0,1
7XGsBrZmVZMSUkbwXuUjMnV6hQEeQMbnAhqSCsFh796H,payai,1,0.003,0.003,1,0,1
HmsisfphYN2zv65vYd42gb9ajeD8fB4Mbs2A9WDNApHC,dexter,2,0.002264,0.001281,1,1,1
6XcSfqJHr9vNW2vbiRaMqUYVm7shDgLepca54wUTDPN5,coinbase,2,0.002,0.001,2,0,0.5
6srFz6v3mSUWBmz6Fx2XUaHQGHCNFJ59z85Cp9UDCvbK,payai,1,0.002,0.002,1,0,1
8945KFYixp22w781f12Aif6THMmdukkLtMcmQeDUq7JC,coinbase,1,0.002,0.002,1,0,1
46vMcwuC4sK11sB3gkLhyA7J7GEwfkhn5rFyDtihBwqe,coinbase,1,0.001,0.001,1,0,1
DTdGKbbSnnaD7CFMELxJPXx981Gc8k6b8ND6NXBgnfW3,payai,1,0.001,0.001,1,0,1
26SsHut3dRbK9cWUJcrMfkKn3TKXSFMw61zyqm6tgWjK,payai,1,0.001,0.001,1,0,1
Gzehfseq1k9AcHFSoV7qHmDGQx92nLMw78XXdqVWQQWa,coinbase,1,0.001,0.001,1,0,1
53JhuF8bgxvUQ59nDG6kWs4awUQYCS3wswQmUsV5uC7t,dexter,1,0.001,0.001,1,0,1
ATowQwFzdJBJ9VFSfoNKmuB8GiSeo8foM5vRriwmKmFB,threews,81,0.0003630000000000004,3e-06,1,1,0.9999999999999999
45ruCyfdRkWpRNGEqWzjCiXRHkZs8WXCLQ67Pnpye7Hp,threews,81,0.0003630000000000003,3e-06,1,1,1
5C4MJjwGoB9CQ4d5RfgC43PN9TsMTMx17RVNKNiFeGgh,threews,2,0.000275,0.000185,1,1,1
BRPfzDuXe2oeM1jnPkZmWLfdLhm9R2H7SGgHxyCHrd9x,payai,1,0.0001,0.0001,1,0,1
