funder,buyers_funded,their_x402_usd,distinct_sellers_paid,funder_is_also_a_seller,earliest_funding
3jRKUoyN8CDA4DngXV3Ym2ZfZKzCP87XVgXKtQJADMws,1,74866.41999999998,1,0,2026-07-16 03:13:52.000 UTC
6LY1JzAFVZsP2a2xKrtU6znQMQ5h4i7tocWdgrkZzkzF,2,5056.1539999999995,2,0,2026-06-21 06:18:11.000 UTC
ARu4n5mFdZogZAravu7CcizaojWnS6oqka37gdLT5SZn,11,911.292115000008,7,0,2026-01-01 03:56:44.000 UTC
H9M9ijUBT8JvYqHVJqbtMFHLm9nrnbCrBVqFxmE1XXqd,1,408,1,0,2025-08-13 12:43:53.000 UTC
D5YqVMoSxnqeZAKAUUE1Dm3bmjtdxQ5DCF356ozqN9cM,3,370,1,0,2025-11-29 19:52:58.000 UTC
5tzFkiKscXHK5ZXCGbXZxdw7gTjjD1mBwuoFbhUvuAi9,4,327.31449999999734,4,0,2025-07-02 17:34:23.000 UTC
Hmc2dLxZZ4xfHqn2wFCTBu11oCpYiuwsj23JBjJmD4ni,2,241,1,0,2026-08-15 14:37:30.000 UTC
d8X2MdS7QMiMFVWzYMVTeKhm1BVx75GoHskf9ws74nM,1,226.65999999999994,1,1,2026-08-24 03:16:32.000 UTC
9Rp23iL77FtUXtgigFGtdGfna7jHuzLLzvpc6RFr48Xr,16,226.6599999999989,1,1,2026-08-27 15:51:26.000 UTC
DGkNAaAiCW2gKTGvU4sU4yUK6XAemTa9ySms5ZJGzsM7,1,86.14999999999999,1,0,2026-09-23 03:39:26.000 UTC
4j94zFFk1xXy5uGYXz7d7wcKy5iRnpXQcnaVzmKb7Lgo,1,75,1,0,2025-09-10 17:32:12.000 UTC
58p4ch7ZyKC38ikMhF5BVSb3YMqoL8XmNxnNHqnGt4Mv,2,75,1,0,2026-09-27 17:23:34.000 UTC
AHhiY6GAKfBkvseQDQbBC7qp3fTRNpyZccuEdYSdPFEf,1,72,1,0,2025-07-12 15:52:12.000 UTC
CAPhoEse9xEH95XmdnJjYrZdNCA8xfUWdy3aWymHa1Vj,1,67,1,0,2025-07-12 14:54:59.000 UTC
7rehUk4LYmkfnb2ix2jpqfBNURUAJKhV2JBefYpizyrE,5,66.45999999999903,1,0,2026-01-01 03:49:43.000 UTC
8ekCy2jHHUbW2yeNGFWYJT9Hm9FW7SvZcZK66dSZCDiF,2,61.00507,2,1,2026-05-29 15:18:09.000 UTC
mAkQUqtbg3kuTBTa7owAkGbTLzF3d3a374PCu97KkKn,3,58.405647,1,0,2026-05-19 09:12:38.000 UTC
2ZUoHEPcN7bsSXw6YTj85CMrU8xNtcYNGiSMXPLomaa2,1,57.464,1,0,2026-07-29 23:07:32.000 UTC
6YJWm3nhHXGPvgAHErWcNmqPQtSSHZhvtmE4U9Adwb3g,2,56.809062999999995,2,0,2025-07-01 00:00:00.000 UTC
AcmQTYrCkNdYa7QxgAKF2yZ7P1iZrfMMLmejzUkXyjmT,2,52.57426000000001,2,0,2025-07-01 00:00:00.000 UTC
2gMG1xqH1jcvaTof5VWWQxsZ4UAtyfigf2ukBZYwD3c2,1,50,1,0,2026-09-27 15:23:32.000 UTC
g9F1cgjbqWUQiVrYKoc6NDoWvtXcqDNt73vhr4ngb5X,1,50,1,0,2026-09-27 15:31:00.000 UTC
4ofUMGcRHsfr6LMY6AuaRSQpqyKsvibSbXmieQL4i8Dc,1,46.90999999999973,1,1,2026-03-09 22:59:39.000 UTC
8RXHToLqWhXt2Q4i4tLQtYqDieKLoRFkhPKZ2L2xADBa,1,46.59899999999998,1,0,2025-12-20 06:35:53.000 UTC
8sLbNZoA1cfnvMJLPfp98ZLAnFSYCFApfJKMbiXNLwxj,1,45.769999999999484,1,1,2026-09-23 17:22:26.000 UTC
3nHV3pVvEfBL9vAERUpvuaGdt4BGgrqUB8YxbRPKM7E6,1,44.314559999996874,1,0,2026-09-23 04:44:37.000 UTC
DAYoxEWWBwuTnjA9tMHXZ6xEjj5iN1vBatDGST8FFftF,2,40,1,0,2026-08-22 14:54:49.000 UTC
2RWDnKSv1Mmpabp4Y5JZzg9gpcZqbFWFsafVCzzWNYWt,1,38,1,0,2026-09-27 17:54:46.000 UTC
HLnpSz9h2S4hiLQ43rnSD9XkcUThA7B8hQMKmDaiTLcC,1,33.824756,1,1,2025-07-01 00:00:01.000 UTC
F7p3dFrjRTbtRp8FRF6qHLomXbKRBzpvBLjtQcfcgmNe,11,28.846708000000028,5,0,2026-08-08 13:34:23.000 UTC
GvftSa5FkCWbyX1K7QE4CLp3TW8YcBJBD5JoLrApEpWq,1,27.589759,1,0,2025-07-01 00:00:00.000 UTC
8S64466cbbcJpcEV3eGyobRB9WaPdu5rp67fp14w4PPj,1,26.968000000000163,1,0,2026-09-21 13:45:04.000 UTC
E9SL9spRiGzY77zCHm4y3FCGcF5BABD5gcyUrY2V1vEu,1,26.257960000000004,1,0,2025-07-01 00:00:00.000 UTC
5kvevQLxLj91fqFm6DKxTrLgeVVACBrs7ETd2PiLoyBy,1,25.15299999999999,1,0,2026-05-22 02:22:49.000 UTC
5pZwVo57mEhVsNGfUj1fXRj1dguB99QCjabwsXQxCrbJ,1,22.513768999999975,1,0,2026-07-27 21:55:54.000 UTC
FpwQQhQQoEaVu3WU2qZMfF1hx48YyfwsLoRgXG83E99Q,2,22.16,2,0,2026-07-24 08:33:11.000 UTC
4ynTYgJK5ruYx3AZMRjCHrJk1qkm61fePF7dkbvRQD46,1,21.973674000000003,1,0,2025-07-01 00:00:00.000 UTC
4VGwF2qYvvXxkLvC8K7hxbZx1Ed7Gnk8bE3YtXkjtmc3,1,15.402651999999645,1,0,2026-03-12 21:50:41.000 UTC
Cu6tpA9smEKi4JreaqzhrGtX16bKWLwcmMPuc5SAE9Fs,1,13.379999999999804,1,0,2026-01-01 04:00:38.000 UTC
4EDS1xgfwV2SxL6ZQWrBxAB4j63pLsrHKBNou75ivLQN,1,13.299999999999805,1,0,2026-01-01 03:47:52.000 UTC
9uye6sd8HhpzMMRTWsdWZnegh7uSecf7shFeqd9NX9T8,1,13.212876999999988,1,0,2026-09-24 11:26:30.000 UTC
8QCVZ7KL65pBhUxbvfwbyyg4ronxNAEXbDrGLYLrRNn5,1,12.75,1,0,2026-09-22 20:05:43.000 UTC
E1huqPuwQHxWeu8TtJRo2GCt3vq7NVmtMcbiA2jAeSGf,1,11.5,1,0,2026-09-23 22:52:34.000 UTC
ANhAZ9uuc7wGh1ssKXhSk7xMM7vP4AXHxYZsk1V9PqoU,1,10.359999999999996,1,1,2026-02-28 14:14:35.000 UTC
GHnT3ThV1mVpWXizroLMSFqqLFcseLa2CkFKbBQkcxHG,5,10.230000000000004,4,0,2026-07-18 20:50:00.000 UTC
D8JgVbEvX8un33LVeoPrp5SxzS4CKHbs787WXqzCvKeZ,1,10,1,0,2026-09-27 06:12:14.000 UTC
7Giaq9VQL72tAPKH67Wh4diZBi7ZGKB7Pdn5RzqNN3HA,1,10,1,0,2026-09-19 23:38:09.000 UTC
8FnX3xo2yYw3EUE6w3nQA4GfXGS9wpK6oj3veJpbFzLo,4,9.24999999999999,3,1,2026-04-28 11:06:16.000 UTC
FhodHPeCd8L7QEL7D8Jz6PD9hVuNa2pxpb4j6CYWv4G4,1,8.780000000000001,1,0,2026-09-21 00:55:04.000 UTC
Gjyw5chjYByzLj9PwCsTceaG1YrHtggWs5xo3yHR9Jmf,1,8.415319999999998,1,0,2026-09-27 08:52:25.000 UTC
B7B55xcU4cFvVtWuoYv4rFQfYTHtwpjNoozQTU7X2VzW,1,8.209999999999894,1,0,2026-09-18 05:00:36.000 UTC
BiDNQDthxftZdCCcDKno5KiRVQxQBebCHUkEKgzSBR5u,1,8.18,1,0,2026-06-21 22:09:34.000 UTC
DpcEEmL31DTMXiEWWo9B5xv4qsyrAcbALNpi6FHWGWYM,1,8.034999999999862,1,0,2026-09-12 05:19:56.000 UTC
66Qvhr1xnwqbCT36KfHfZF1JpoWdmCQ3uFYTN335CGXe,1,7.579999999999956,1,1,2026-09-26 00:01:23.000 UTC
2SixkjMjaLqXcEEJZfeth7qjH711R2uvp6TrUaHNMB65,1,6.039999999999945,1,1,2026-07-06 01:48:22.000 UTC
EMojsSgWNGvfCQz9SQbmfjnaVycRntS3yQq29Xts8Ntq,1,6,1,0,2026-09-25 20:50:29.000 UTC
7LSjfrJf8fNsB8VA9u7N3WEn25smQLpob3SvyUvXacy7,1,5.905999999999929,1,1,2026-09-24 07:12:24.000 UTC
8R5qdXKMn2KcfHBy9rEpi43KScHewqvRAcpFyqoL3wap,1,5.25,1,1,2026-09-22 11:02:40.000 UTC
9USEMbTb2BDg2o4YrKkbguFLDDNY2a2rT7fDwmr8czYX,1,5.14,1,0,2026-09-23 19:14:04.000 UTC
fr6yQkDmWy6R6pecbUsxXaw6EvRJznZ2HsK5frQgud8,1,5.14,1,0,2026-09-24 01:02:52.000 UTC
CASHTPGyS1nTEfeg58KNy2fHm4GWkmGyT46SBU5tfB6E,5,5,1,0,2026-09-24 01:01:09.000 UTC
EhsAhvLGCguESmkxn8tUC7ag6rm8zzbuiP4BJMLm1yZc,1,5,1,0,2025-12-08 14:42:23.000 UTC
H73VNkvUeZvVq5CwjEi8kQkFdu3EYDKzQE79gazxsKv3,1,5,1,0,2026-09-27 20:33:40.000 UTC
6sNb14TTygwU62HQafqbtXeMqxnRTAf1Rykhk4n14QwR,1,4.8069630000000005,1,0,2026-04-26 15:43:07.000 UTC
xByP6T1RQqFkS6sSaSbzFA15t7AJ3BcSR1enjDqnN1y,1,3.4819999999999967,1,0,2026-03-31 23:54:39.000 UTC
5hWJUNTtEtKmKgDXpthJXXRRmJrz5vJ7uJzrUNVdrwLg,1,3.07,1,0,2026-07-02 23:36:30.000 UTC
Gj5ovAwJzhciQBLhG2oopDAhkW7uFh2z7xaQtoWqTYMu,1,2.550221,1,0,2026-09-20 06:58:06.000 UTC
BovheZVGBQszy7FRxhCx9UKfuMwaDNcs8cLYuRcFKheN,1,2.4800000000000004,1,0,2026-07-14 01:13:23.000 UTC
2AQdpHJ2JpcEgPiATUXjQxA8QmafFegfQwSLWSprPicm,1,2.140000000000001,1,0,2026-07-24 08:33:48.000 UTC
5g7yNHyGLJ7fiQ9SN9mf47opDnMjc585kqXWt6d7aBWs,1,2.010000000000001,1,0,2026-07-24 08:33:32.000 UTC
GR1nyiPVobBM2GPUUqfXbAh82HwWc3EBw36ATYNwuTK6,1,2.01,1,0,2026-08-14 22:07:38.000 UTC
FzCNXtigV6zPc7gPPHoVwE4DE6n8WpEEJe8bqitxKPGx,1,2.0035079999999996,1,0,2026-09-21 11:38:53.000 UTC
GMCJvYGf5Ex2ARiMquaBDqU6iKM8uiEQkB8jCnoNfHpC,2,1.9700000000000004,2,1,2026-04-25 20:56:53.000 UTC
HptqceDZkTdBuErSag8pjmGb9ScozyT9nZiRWPniSDCi,1,1.7749999999999841,1,0,2026-06-25 12:17:00.000 UTC
5rB4P9yhYT4BfWKvdy2Duhv6XUwnpqBTe6aJ1uXf35Tg,1,1.7389999999999992,1,0,2026-08-21 08:25:01.000 UTC
3Ya1K72FSuDiufJsJmXjswEPeZqv26d7fk8Lxu6jeeU6,1,1.7349999999999939,1,0,2026-07-14 02:28:18.000 UTC
H8sMJSCQxfKiFTCfDR3DUMLPwcRbM61LGFJ8N4dK3WjS,2,1.5609009999999996,2,0,2026-07-23 23:01:04.000 UTC
tjdQxZDu8ZJKKV1T4fMK6MPQuoySJE88tbzbuL7Hk2C,1,1.461,1,0,2026-09-22 00:38:35.000 UTC
2pHjZLqsSqi35xuYHmZbZBM1xfYV6Ruv57r3eFPvZZaD,1,1.3415999999999995,1,0,2026-03-13 22:21:29.000 UTC
A77HErqtfN1hLLpvZ9pCtu66FEtM8BveoaKbbMoZ4RiR,1,1.3,1,0,2026-06-11 10:59:32.000 UTC
4NyK1AdJBNbgaJ9EsKz3J4rfeHsuYdjkTPg3JaNdLeFw,1,1.034384,1,0,2026-05-29 03:47:05.000 UTC
3ECyJGFzRGjfr7Gj8zN5YaT2E5A5y2wfnq2xiaMfRr2L,1,1.002,1,0,2026-09-23 22:49:30.000 UTC
HMnQu1U4b1oQDdJdeP8nspjSHz2VFTqYTHzyzE3JCvxx,1,1,1,0,2025-11-03 00:35:28.000 UTC
4x4K45kncfjpoPgWBaFU4x1iDMsfGBfPwrFNJzXUgGcR,1,1,1,0,2026-08-26 17:58:21.000 UTC
DJ9FSBb6LvyLy5vtKFdza16rFYEkRHSi9JahSsqA2XEz,1,0.9758129999999998,1,0,2026-09-20 00:58:33.000 UTC
4a8o45skRPcyjAdyR8yES215Swvh8uTpZD6KLarhxCJ7,1,0.7750000000000004,1,1,2026-07-08 07:40:35.000 UTC
5wRj5DPdM6Jd84B7reRwUMmerEk4T2PFsZDJQ5boYsic,1,0.7,1,0,2026-09-27 02:49:59.000 UTC
2jwP4cuugAAYiGMjVuqvwaRS2Axe6H6GvXv3PxMPQNeC,1,0.6972029999999999,1,0,2026-04-09 16:03:43.000 UTC
6wPhFG7stChpA8DrjjbcDsjvjeyuY6pPyKuCgpBZzkPw,5,0.6920000000000004,1,0,2026-06-13 16:32:59.000 UTC
37hxZFCerja4Zd3iQQVYHqBaCWRs84bb5wy9GsKxbtws,5,0.6490000000000005,1,0,2026-06-13 16:33:04.000 UTC
8gt5eFxngP2ibsuD6QFzrsK8c447evTGTjRNBmc39otU,5,0.6490000000000005,1,0,2026-06-13 16:32:55.000 UTC
6Ehb2nzVyXWFxPJ1xCjw6egmKsb1871wkhTUyScGEKdD,5,0.6470000000000005,1,0,2026-06-13 16:32:59.000 UTC
5cJu9AVE9X1JZCX68SLDwkktx7dJDGjTpPtYQ3gSSuzB,5,0.6410000000000005,1,0,2026-06-13 16:32:51.000 UTC
CCvAzg9c3u56JJHK4MiS3A8evAKnwgXUep86srZk4Qgq,5,0.6360000000000005,1,0,2026-06-13 16:33:03.000 UTC
AvWgBgPwRFBX2hiMJ2bWGrC6AUMyWgU42EvVH9sNnmm8,1,0.6360000000000003,1,0,2026-06-13 08:21:06.000 UTC
EP1mwvu9KPSL4e1fqafCWqBVi2fbP8qVS9FBE5ELUNE5,5,0.6330000000000005,1,0,2026-06-13 16:32:59.000 UTC
7PMkkUaG3VjMqV4pmcnb3gKgfnoBYrNECnQiJj8QusnX,5,0.6280000000000004,1,0,2026-06-13 16:32:55.000 UTC
4YqaU4cUnJm1VZv7bNRXGaJ4wDAGDua9S2VsqRN6dHRE,5,0.6260000000000004,1,0,2026-06-13 16:32:56.000 UTC
9UC8UvA9JeouZDH4XrAfhtDQ2jEtX1ktEd2jzgBq4Z4r,5,0.6240000000000004,1,0,2026-06-13 16:32:59.000 UTC
DUHsDWbDCuEB3ZvP2fo2B82xJWQ8NDdee7RpVXJBmiKw,5,0.6170000000000004,1,0,2026-06-13 16:32:56.000 UTC
CGf2nKz3qyejfFnabzMaeYvJadxVjGSQVQVcsXqHb5j7,5,0.6120000000000004,1,0,2026-06-13 16:32:56.000 UTC
DiT3BEpdo1rFx1DFhqsyj5NxaAd6sNixTmsyzQ6BD5n2,5,0.6070000000000004,1,0,2026-06-13 16:33:03.000 UTC
DVsS7mQNkNt4mtpZ8FcaizixJ6uhb31kTHWrnNeJ5Cwv,5,0.6060000000000004,1,0,2026-06-13 16:33:01.000 UTC
J8iH5uyvW3x17stoDt7JpwZWM7d7MRekFNymtKaoiyVH,1,0.600001,1,0,2026-09-10 06:37:10.000 UTC
9eMsEd2mgb4zmSjXrjjRKLYXXFfLuxqXbn5FWcPcSP5U,5,0.5980000000000004,1,0,2026-06-13 16:32:48.000 UTC
4X7YTyajyAorfBz4o4piSHuXxduWB4E9WNtdcUsqZaR4,1,0.5,1,0,2026-08-08 06:30:23.000 UTC
7RDvgeK925CXJuWZKTMNpCoDx3xSDH9XVFSXa7oLFa6b,1,0.5,1,0,2026-08-24 13:29:46.000 UTC
CKAV8SBssN28foufVbxPFrK3k4cvi5XqR6G4KnDQPmto,1,0.5,1,0,2026-09-27 07:16:05.000 UTC
9obNtb5GyUegcs3a1CbBkLuc5hEWynWfJC6gjz5uWQkE,2,0.49500000000000016,2,0,2026-08-07 03:35:18.000 UTC
AAory9f9h6UKy8jGc4dTzzmJAxcthHjEyxZQoqdyRxaR,5,0.4640000000000003,1,0,2026-06-13 16:32:48.000 UTC
44qTBw7kgZ4vbFp2yEq6Qiv8QdN2KqSUyvFsCre8ycdq,1,0.4000000000000001,1,0,2026-09-15 11:29:10.000 UTC
CTKigV78yuErumvqm7Qor8j1hMK2oxNxdhwpVrAKV85d,1,0.38199999999999995,1,1,2026-06-05 06:58:38.000 UTC
9HkwyUhDMyjbpSpnyu5xuZ9vRaFQeajnJsavhie7XcsT,1,0.3530000000000001,1,1,2026-09-06 05:30:40.000 UTC
5KMegPBRz967mxsZwKACzEvTE3kNqUeVjFNk9xPeZLsn,5,0.3420000000000002,1,0,2026-06-13 16:32:48.000 UTC
u6PJ8DtQuPFnfmwHbGFULQ4u4EgjDiyYKjVEsynXq2w,1,0.265,1,0,2026-09-22 20:02:07.000 UTC
xKmsvDdf7WpYUy2EvHDd9gr5RHWFPML8d7PRhuCU5hS,1,0.24999999999999997,1,0,2026-09-24 13:06:18.000 UTC
EV2b2BVKTRTgyKjB1syhcUEsdVVdib1EjQnTB3QTUyVR,1,0.24507299999999993,1,0,2026-09-27 19:04:45.000 UTC
5ez2dy3H3RQjadBkrDJwFKhiB6avvDC92cZQ9YMobVM2,1,0.23900000000000002,1,0,2026-07-29 22:03:30.000 UTC
87Bk1TRQGW6PxtommDdjA6Qm47uv8q4iBYrJL5L6U7u8,1,0.2340000000000001,1,0,2026-07-30 08:31:41.000 UTC
DPqsobysNf5iA9w7zrQM8HLzCKZEDMkZsWbiidsAt1xo,2,0.21200000000000005,2,0,2026-03-20 19:26:18.000 UTC
45qdSQEQ4dH9oWQJJQGYmciZcShi6eW7d1Ybb951hTMX,1,0.21,1,0,2026-02-07 07:16:15.000 UTC
FrYLXHvn2R4UyDUEt4swnBqqdPBvtasZ9A7US5QTVbZC,1,0.2,1,0,2026-09-27 07:26:14.000 UTC
37fMqbe7vNoDuE15B1qas8TZyhqvYwgLVSViRa4DEmwa,1,0.2,1,0,2026-09-07 20:45:10.000 UTC
GJRs4FwHtemZ5ZE9x3FNvJ8TMwitKTh21yxdRPqn7npE,3,0.19600000000000012,3,0,2026-05-06 01:17:54.000 UTC
88Qi1ALGqq3cVpzfuNdt4nC5X9x1P6AC43CNcXV33sU5,5,0.1830000000000001,1,0,2026-06-13 16:33:04.000 UTC
9DbpH2Mf9D26ak4bASsv6KA4Ra4V571oLpiVdZjAjcU8,1,0.16961400000000001,1,1,2026-09-25 08:46:30.000 UTC
JDy3mCxfv3gBAx2ogKpoNcEsFd5oWvYCEWJfwxSCsuY8,1,0.1540000000000001,1,0,2026-08-04 10:20:07.000 UTC
9bLVuSpLXvSSGNXHhdvQNiFmB3Z2gZXddQC9YvFj3Lmi,1,0.15000000000000002,1,0,2026-09-22 13:29:44.000 UTC
8tFZkmhVXAg6PayPY1a5xHct5UuLReGWxGJARBopGgoM,1,0.14,1,0,2026-09-23 20:49:54.000 UTC
CifhTfrKeMfSpTRLjJnXLXEALS37dKH3ziC8gjTLe5dD,2,0.121,2,0,2025-07-04 02:37:05.000 UTC
FrbPNVy38p2czvMSaQDAW5EU7UYHG1VTykfcornDdVHH,1,0.11000000000000001,1,1,2026-09-24 19:29:02.000 UTC
6LXutJvKUw8Q5ue2gCgKHQdAN4suWW8awzFVC6XCguFx,1,0.10999999999999999,1,1,2026-07-01 22:47:12.000 UTC
CFg86EW2ZSAgGpf4o2XAt3gU59fgMfsuZyM6QDuDTmoM,1,0.10300000000000001,1,1,2026-09-27 22:00:51.000 UTC
3ndjN1nJVUKGrJBc1hhVpER6kWTZKHdyDrPyCJyX3CXK,1,0.1,1,0,2026-09-20 16:43:50.000 UTC
4w8cWdshy4LU8CR6wKMGjnEyNCxdzo9QGqcRitEcV6xb,1,0.07,1,0,2026-09-25 01:06:59.000 UTC
6UNbfD8mgSqgFDxxwE29LfgKrBqrZBt4R4L4Resh4yct,1,0.06499999999999999,1,1,2026-09-14 09:07:23.000 UTC
2cZHtLauP8hg2w1on4sgzsuRvDEAxWtjwVzNQMaL4XVx,1,0.06400000000000004,1,0,2026-04-16 18:06:55.000 UTC
3BCf6wtx5gW7NGAhpza58yDWWvg752SFwuFzVmuX6iCi,5,0.06400000000000003,1,0,2026-06-13 16:03:20.000 UTC
HZzrdtHyMXbYacDr4z1UGEcQgoohvoDxEK8Zde5joTmU,5,0.06300000000000003,1,0,2026-06-13 16:03:25.000 UTC
E4bX4nCwe2GcKqt9NpofnXVrCeRp37PAMaiZtV9x3kxC,1,0.060000000000000005,1,0,2026-07-08 06:22:45.000 UTC
2MFoS3MPtvyQ4Wh4M9pdfPjz6UhVoNbFbGJAskCPCj3h,1,0.060000000000000005,1,1,2026-07-29 15:29:13.000 UTC
7qbRF6YsyGuLUVs6Y1q64bdVrfe4ZcUUz1JRdoVNUJnm,1,0.05999999999999999,1,1,2026-08-09 07:16:23.000 UTC
2ivB8GLkxmshwpNtRt3RtdnLRT1xQErVV6jpxfVt4ppN,5,0.057000000000000016,1,0,2026-06-13 16:03:25.000 UTC
FRGumQszUGLTtfgH3gDwzG256pL4P8Cj3DDGAPCmBFka,1,0.056000000000000036,1,0,2026-03-13 12:36:14.000 UTC
FJY3kkFr239tXJMudAMrHeqBugJY8U2cpWhVgKTKs4vk,5,0.05400000000000002,1,0,2026-06-13 16:03:20.000 UTC
DHd7wU8ByegWhjMmuzL8cFch6TubbgWn5AZJDXQ2KEM3,5,0.05300000000000001,1,0,2026-06-13 16:03:25.000 UTC
J4uL2eg2rCsdGK4Uv9cfSCB7zr2ckfmkcVXgCcMsiF1T,5,0.05300000000000001,1,0,2026-06-13 16:03:20.000 UTC
8KSokz5uU5QhhT3PnTQfpmyCZtTn81szNqBafgJovvvK,5,0.05200000000000001,1,0,2026-06-13 16:33:11.000 UTC
Hg2TsN4MANwczpVdU2Q447sSkyVKD7hugGK5g2FvTnUE,5,0.05200000000000001,1,0,2026-06-13 16:03:14.000 UTC
BRANCHVDL53igBiYuvrEfZazXJm24qKQJhyXBUm7z7V,1,0.05,1,0,2026-04-12 01:21:36.000 UTC
9iSD3wkC1aq3FcwgjJfEua9FkkZJWv7Cuxs6sKjc3VnR,1,0.05,1,0,2026-08-04 17:17:23.000 UTC
CGtjkMCz3DYsMuhsEj1RJKFsBwpFS1XVrHrKuo1wntBm,1,0.05,1,0,2026-09-27 07:17:29.000 UTC
6JBm9umc9KAHYAJdqAVWAqhChGDvYKtwtAe7bpPk29HX,2,0.05,1,0,2026-09-21 04:58:46.000 UTC
7KeBF85dKp86syc7tLT7QDeGPacVDfCzB5oYDKLLoU9K,5,0.04900000000000001,1,0,2026-06-13 16:33:06.000 UTC
5JUrkoMMGYZymSrcziWScnNtVcLjqe9ddR9goZWBvfuJ,5,0.04800000000000001,1,0,2026-06-13 16:03:25.000 UTC
7NnbWgQR3NBdHtyFjtacNnQW6CjWy4F1PB2C9tiN8S8p,5,0.04800000000000001,1,0,2026-06-13 16:03:25.000 UTC
78T6si3jUhQSfALRdqaxTKPUi6KRqouNaZzAB727x1Wd,5,0.04700000000000001,1,0,2026-06-13 16:33:10.000 UTC
4xDsmeTWPNjgSVSS1VTfzFq3iHZhp77ffPkAmkZkdu71,1,0.04516,1,1,2026-09-07 17:12:47.000 UTC
Fzti7A7R4ggCfAHh1nLFVjDetXBAdHe4aPCGXcc99Zng,1,0.04400000000000003,1,0,2026-06-13 16:32:48.000 UTC
6ELzKg9m7BCC64eMbRzd4Fr9RyTZFY57aQZZbi5otYWe,5,0.044000000000000004,1,0,2026-06-13 16:03:15.000 UTC
8VXj6uz61v8yAu7m9pVEYNYjJwjK7WfFbRCs3YyXY6Bb,1,0.044,1,1,2026-09-25 12:33:05.000 UTC
9P1U1K6X54zjHM5AbiY9ZDP8oTfA9x4ZVuXm9a3Ewu6H,5,0.04300000000000001,1,0,2026-06-13 16:03:20.000 UTC
2UtZNLz5MDY8ctCci9P4T929oeZKX3KQR5LPveb9ipwJ,5,0.043000000000000003,1,0,2026-06-13 16:03:20.000 UTC
DJNtGuBGEQiUCWE8F981M2C3ZghZt2XLD8f2sQdZ6rsZ,1,0.04,1,1,2026-09-22 17:12:24.000 UTC
4Sm8wC3apxXWfH8D3wjxRfka5t1XAt1tgEVkxR5mjkrH,1,0.04,1,0,2026-06-23 08:38:16.000 UTC
ET9SydXUiFcEZn62N5atP1PvQpr9mAv4Ehg9Mo58kuCU,1,0.04,1,1,2026-09-25 19:06:25.000 UTC
8iZbjedTiMYVYGE9PZBHPm7k2KeXRqWAuCpSAxHm7j68,1,0.04,1,1,2026-09-19 17:06:58.000 UTC
88xSdWeuGxWLXGe7sWk2baMEfaaB9iJ9vuU5MjQCycVU,1,0.030000000000000002,1,0,2026-04-20 16:00:39.000 UTC
65ZHSArs5XxPseKQbB1B4r16vDxMWnCxHMzogDAqiDUc,1,0.03,1,0,2026-02-11 21:11:12.000 UTC
2Hgx1GjKRuH9H21Fzz7uGiqh1Fcz3wMP5PmgpDbyDDYp,1,0.028677999999999995,1,0,2026-09-12 13:40:29.000 UTC
4keVjTmfoU6p85WN5FE78Ui5iUSiJ4GSQ3edGtCXsMS7,1,0.027804000000000002,1,0,2026-04-04 10:42:10.000 UTC
NPEWkwppp2fp5aq4qCndjzxvDZUGSHYck9YRk1sxwr8,3,0.026000000000000002,1,0,2026-06-13 16:33:09.000 UTC
8d9FNC7AgKLTCPKNd3MMkLLXZYLmiYFYR3vfXMBNJVNx,1,0.025,1,0,2026-09-21 21:43:06.000 UTC
Gem2VAypSg7Ai7vjDKPTtqFahpoQWkfgVkyzx3rPoTka,1,0.023999999999999997,1,0,2026-08-28 22:49:41.000 UTC
DSN3j1ykL3obAVNv7ZX49VsFCPe4LqzxHnmtLiPwY6xg,1,0.021388000000000004,1,0,2026-08-29 02:15:18.000 UTC
FDNjnVzu6CpMTT2TREGN5nDiVBp3Cr7KbHzLGKzxFtYb,1,0.021,1,0,2026-09-25 18:33:04.000 UTC
Dv34prGm2BT7Ph2n6qKLgzeLgjnii87RJJ7Db6ZQQvKM,1,0.0201,1,0,2026-09-10 22:09:28.000 UTC
2mEKsZxV14npRfADLrA53fffujaYaXroRMV1p2yMoPdw,1,0.02,1,1,2026-09-27 07:44:19.000 UTC
D8qLmp5SCjuMDTQZQBaxMMtCy6FTfsoGYdhs8e97HDF1,1,0.02,1,0,2026-08-24 06:06:28.000 UTC
D8kxGZd5h7vSPqKY6y4ntgehNibBvkp8nS3BPfj6ZnME,1,0.02,1,0,2026-09-01 00:24:48.000 UTC
5F1seMKUqSNhv45f6FhB2cFmgJbk8U1avJw7M6TexUq1,1,0.02,1,0,2026-08-19 05:28:04.000 UTC
GGztQqQ6pCPaJQnNpXBgELr5cs3WwDakRbh1iEMzjgSJ,1,0.02,1,1,2026-09-22 22:04:00.000 UTC
3fAj8NL1ZAoqiT1aZkZE27REVkS9fLobRrau7LACLiUM,1,0.013000000000000005,1,0,2026-06-13 16:32:32.000 UTC
8nkjP4A998R7jnNRYU8zukEPaYXezbZ8jCiiyhMJUdbN,1,0.012,1,1,2026-04-09 16:39:43.000 UTC
7iWnBRRhBCiNXXPhqiGzvvBkKrvFSWqqmxRyu9VyYBxE,1,0.012,1,0,2026-09-26 16:23:21.000 UTC
D5trkFE3C7QeyFATEWjEHyKXXXSGpggbP7V9SMWwVBkz,1,0.011324999999999998,1,1,2026-09-27 09:46:25.000 UTC
4emrGb1fhQk8bQqheXhnFXxWT8XxwHCiC1zECc1FXVYD,1,0.011003000000000002,1,0,2026-08-31 09:58:14.000 UTC
Hrbu75aVwq5sMd7u1z7gGLs1BmHbyGca1gLg5EL87EZF,1,0.01,1,0,2026-08-24 03:24:00.000 UTC
2wKupLR9q6wXYppw8Gr2NvWxKBUqm4PPJKkQfoxHDBg4,1,0.01,1,0,2026-09-22 05:05:43.000 UTC
GV6ZvUd1RGrLWUTFjZX3Ber5mzM7b7m54TioUUAux6BR,1,0.01,1,0,2026-07-28 02:27:22.000 UTC
FeLp66kPFt5onX59LTSdmHPvu6yXjBBdXgw9bJuR7Uje,1,0.01,1,0,2026-08-24 14:54:26.000 UTC
58Qo8QTJ1Sd4aXSygwAeBLNL3VrXRmfUCceB6b5RJCx6,1,0.01,1,1,2026-09-25 20:58:36.000 UTC
4Vi2EpoFPvxpiGMxjANPGDNdbqrXNSiuvWhEQDVMnE9g,1,0.01,1,0,2026-09-21 23:44:43.000 UTC
3j7hQpkPQQKWzrcnSWZnSjCWmPa8sJeCboqV4AyJqsWQ,1,0.01,1,0,2025-11-04 10:13:40.000 UTC
D2VrTwN3TAMqvXV41xnV47z9ixnUgF5SAmodnYsq81Vc,1,0.01,1,0,2026-09-25 20:12:56.000 UTC
9GTj99g9tbz9U6UYDsX6YeRTgUnkYG6GTnHv3qLa5aXq,1,0.009600000000000001,1,1,2026-09-11 06:55:51.000 UTC
v7RJFSS2ctkhn8qqQDNBAUMP6BBupZkgHDJsPuEWrgz,1,0.006,1,0,2026-09-27 19:53:32.000 UTC
2auEhKTKctb4FqZRG54yXDmgVpVLoZjhdHgFeRd9ZZGh,1,0.005,1,0,2026-08-28 06:16:38.000 UTC
ugobDeUHRY34mq1yK94eYrepgj2KVmUkHiaV8vyUD42,1,0.005,1,1,2026-07-23 16:59:21.000 UTC
Hf6Bz6yYECvSE7dQm12dZJMdEBU2M4fmLhjWkrbK7kpZ,1,0.005,1,0,2026-07-01 16:46:31.000 UTC
