chain,week,transfers,usd,transfers_under_1_usd
base,2026-08-24 00:00:00.000 UTC,2.7130601e+07,7.941510356303468e+11,1.1331717e+07
base,2026-08-31 00:00:00.000 UTC,2.690633e+07,6.367470472800634e+11,1.0689924e+07
base,2026-09-07 00:00:00.000 UTC,2.3886403e+07,8.701210802083557e+11,6.06944e+06
base,2026-09-14 00:00:00.000 UTC,2.3340239e+07,6.887382110952557e+11,5.756245e+06
base,2026-09-21 00:00:00.000 UTC,2.3542592e+07,4.926472006728249e+11,6.983258e+06
solana,2026-08-24 00:00:00.000 UTC,9.4968254e+07,8.928460632077757e+10,3.9748682e+07
solana,2026-08-31 00:00:00.000 UTC,8.8017865e+07,8.674709409434143e+10,3.7353902e+07
solana,2026-09-07 00:00:00.000 UTC,1.0866003e+08,9.572291035705273e+10,3.8432176e+07
solana,2026-09-14 00:00:00.000 UTC,9.9506611e+07,1.0374430744086523e+11,3.2376187e+07
solana,2026-09-21 00:00:00.000 UTC,1.06788279e+08,1.0412738729114572e+11,3.6757877e+07
