date,since,listings,base_listings,priced_base,entered,exited,price_changes,price_up,price_down
2026-09-30,2026-09-30,19730,19443,19376,,,,,
2026-10-01,2026-09-30,19832,19513,19445,409,339,17,16,1
2026-10-02,2026-10-01,22943,22631,22546,3287,169,5,2,3
2026-10-03,2026-10-02,24414,24104,24020,1772,299,2,0,2
2026-10-04,2026-10-03,31140,30847,30769,7864,1121,7,2,5
2026-10-05,2026-10-04,35011,34288,34210,4076,635,31,21,10
2026-10-06,2026-10-05,34846,34546,34468,658,400,256,233,23
2026-10-07,2026-10-06,35291,35001,34923,814,359,63,49,14
2026-10-08,2026-10-07,33857,33488,33399,978,2491,202,185,17
2026-10-09,2026-10-08,34779,34480,34386,1699,707,96,36,60
2026-10-10,2026-10-09,32278,31983,31889,1278,3775,53,28,25
