week_start,facilitator,settlements,usd,median_usd,payers,payees,self_payments,usd_after_single_buyer_filter
2025-05-05,coinbase,43,39.25,0.01,5,5,0,0.0
2025-05-05,x402rs,4,0.04,0.01,1,1,0,0.0
2025-05-12,coinbase,157,31.6,0.0001,11,10,1,30.54
2025-05-12,x402rs,1,0.01,0.01,1,1,0,0.0
2025-05-19,coinbase,67,21.33,0.01,10,7,6,21.25
2025-05-19,x402rs,2,0.0,0.001,1,1,0,0.0
2025-05-26,coinbase,433,18.66,0.0001,15,20,3,7.04
2025-06-02,coinbase,245,36.83,0.01,39,13,8,13.15
2025-06-02,x402rs,1,0.11,0.11,1,1,0,0.11
2025-06-09,coinbase,186,11.66,0.0001,22,14,10,10.05
2025-06-09,x402rs,4,0.0,0.001,1,1,0,0.0
2025-06-16,coinbase,155,53.48,0.018571,28,19,11,46.22
2025-06-23,coinbase,236,36.77,0.001428,26,19,36,25.61
2025-06-23,x402rs,2,0.01,0.0025,1,1,0,0.0
2025-06-30,coinbase,207,20.99,0.001,15,12,3,17.42
2025-06-30,x402rs,9,0.08,0.01,2,2,0,0.0
2025-07-07,coinbase,412,21.7,0.0001,28,17,24,14.6
2025-07-07,x402rs,1,0.01,0.01,1,1,0,0.0
2025-07-14,coinbase,138,12.29,0.000999,16,18,16,0.99
2025-07-14,x402rs,1,0.0,0.0002,1,1,0,0.0
2025-07-21,coinbase,2357,98.24,0.009871,73,89,0,60.99
2025-07-28,coinbase,1991,431.55,0.007993,94,141,33,366.04
2025-07-28,x402rs,26,0.24,0.01,3,3,0,0.0
2025-08-04,coinbase,3756,1575.7,0.004471,113,78,9,597.46
2025-08-04,x402rs,112,0.05,0.00032,3,4,2,0.0
2025-08-11,coinbase,3086,100.38,0.006404,53,70,27,78.59
2025-08-11,x402rs,31,14.88,0.017,8,5,7,14.56
2025-08-18,coinbase,2282,136.21,0.00848,62,124,8,77.27
2025-08-18,x402rs,210,56.94,0.017,8,4,5,56.85
2025-08-18,payAI,2,0.0,0.001,2,2,0,0.0
2025-08-25,coinbase,2861,226.45,0.009854,60,52,3,200.61
2025-08-25,x402rs,706,61.18,0.034,49,4,16,60.03
2025-09-01,coinbase,6785,252.74,0.002,70,57,0,226.29
2025-09-01,x402rs,690,24.77,0.034,17,7,10,24.38
2025-09-01,payAI,4,0.03,0.01,3,2,0,0.03
2025-09-08,coinbase,5898,138.21,0.001339,52,56,8,129.13
2025-09-08,x402rs,768,29.06,0.019987,8,6,19,20.43
2025-09-08,payAI,3,1.02,0.01,2,2,0,0.02
2025-09-15,coinbase,8814,399.65,0.003658,102,71,12,303.49
2025-09-15,x402rs,80,65.61,0.0255,12,8,11,54.39
2025-09-15,payAI,1,0.01,0.01,1,1,0,0.0
2025-09-22,coinbase,4271,144.15,0.006236,62,69,15,105.0
2025-09-22,x402rs,219,5.76,0.02,14,9,125,2.53
2025-09-22,payAI,1,0.01,0.01,1,1,0,0.0
2025-09-22,corbits,3,0.0,0.001,1,2,1,0.0
2025-09-29,coinbase,18910,48872.96,0.000506,85,69,31,722.82
2025-09-29,x402rs,94,10.64,0.01,10,9,6,0.17
2025-09-29,payAI,3,0.03,0.01,2,1,0,0.03
2025-10-06,coinbase,5190,759.09,0.009783,130,91,81,576.25
2025-10-06,payAI,87,1.78,0.01,16,9,16,0.84
2025-10-06,x402rs,67,0.51,0.001,6,5,5,0.04
2025-10-06,aurracloud,18,0.25,0.01,3,3,0,0.11
2025-10-13,coinbase,20814,2202.8,0.009799,768,110,53,2044.71
2025-10-13,mogami,5,12.01,1.0,2,3,1,0.0
2025-10-13,payAI,41,1.99,0.01,13,6,18,0.18
2025-10-13,x402rs,21,1.12,0.01,5,5,0,0.0
2025-10-13,aurracloud,35,0.7,0.02,5,4,0,0.44
2025-10-13,daydreams,6,0.18,0.03,1,1,0,0.18
2025-10-20,coinbase,930781,912258.3,1.0,61254,365,673,908818.78
2025-10-20,x402rs,266047,245446.01,0.01,11472,92,75,245381.55
2025-10-20,payAI,141927,167078.43,1.0,14234,93,89,166831.01
2025-10-20,aurracloud,3693,15503.56,4.0,68,8,3371,1911.43
2025-10-20,mogami,653,2013.11,1.0,252,12,14,2009.53
2025-10-20,daydreams,1144,52.4,0.0315,47,2,6,48.81
2025-10-20,openx402,3,3.0,1.0,1,1,0,0.0
2025-10-20,codenut,1,0.01,0.01,1,1,0,0.01
2025-10-27,coinbase,4599608,3283093.75,0.993195,79267,10244,1741912,1628781.73
2025-10-27,payAI,461820,639455.66,0.010009,32718,8244,143882,550030.74
2025-10-27,mogami,12415,272609.55,1.0,5094,62,43,224683.4
2025-10-27,x402rs,295400,219835.37,0.476825,9677,242,72853,153868.22
2025-10-27,daydreams,319479,162280.49,0.249984,10114,3187,311,11929.78
2025-10-27,aurracloud,149997,27471.67,0.004832,11641,5495,65,22723.84
2025-10-27,openx402,100658,2475.19,0.0001,682,114,35,2473.5
2025-10-27,codenut,22918,229.37,0.01,3570,9,1200,217.14
2025-10-27,questflow,11430,132.09,0.002251,72,116,0,125.35
2025-10-27,402104,30,11.75,0.110091,4,4,20,8.8
2025-10-27,ultravioletadao,88,5.43,0.01,24,22,15,0.64
2025-10-27,corbits,41,0.29,0.01,3,10,0,0.12
2025-11-03,coinbase,7185386,4585389.8,0.995898,18862,9693,3974456,898151.61
2025-11-03,daydreams,874712,349697.21,0.010009,7390,117,18353,272407.25
2025-11-03,payAI,494528,39928.42,0.002119,6818,166,149643,13999.45
2025-11-03,openx402,35125,25614.82,0.0001,1664,278,2119,24896.54
2025-11-03,codenut,104997,15436.65,0.01,3589,13,891,1133.88
2025-11-03,aurracloud,73677,9657.87,0.001,2300,21,2,9650.69
2025-11-03,x402rs,123754,2843.16,0.0001,4655,80,615,2714.75
2025-11-03,virtuals,7646,2280.52,0.1,1041,2,0,2280.52
2025-11-03,mogami,899,549.5,1.0,127,23,38,516.63
2025-11-03,questflow,34769,363.92,0.001489,3235,1945,0,343.62
2025-11-03,anyspend,65,172.23,1.0,7,6,29,11.02
2025-11-03,heurist,8931,95.26,0.01,206,2,0,95.26
2025-11-03,ultravioletadao,289,52.93,0.0001,191,191,243,1.4
2025-11-03,treasure,5,3.1,0.5,2,2,0,1.5
2025-11-03,corbits,143,1.3,0.01,3,8,0,0.05
2025-11-03,xecho,1,0.01,0.01,1,1,0,0.0
2025-11-10,coinbase,13703045,8405876.61,0.1,41514,4526,7626318,1278294.61
2025-11-10,daydreams,2792507,630659.19,0.04003,6566,1193,1364352,1199.53
2025-11-10,payAI,1999482,622268.7,0.1,9740,1282,1165235,8812.47
2025-11-10,virtuals,44021,73795.03,0.131522,2257,2,0,73795.03
2025-11-10,codenut,78818,23788.17,0.01,5369,68,546,6765.96
2025-11-10,openx402,46574,19278.68,0.1,4475,100,31734,5041.93
2025-11-10,anyspend,39870,6014.63,0.15,269,6,32,5976.42
2025-11-10,mogami,1322,939.01,1.0,845,59,19,922.09
2025-11-10,aurracloud,6845,907.41,0.001,275,10,4,895.06
2025-11-10,questflow,88263,558.62,0.000391,9526,8658,0,522.5
2025-11-10,heurist,29644,331.29,0.01,262,21,68,328.76
2025-11-10,ultravioletadao,86,79.84,1.0,14,11,0,77.51
2025-11-10,treasure,74,57.44,0.06,25,8,0,56.39
2025-11-10,x402rs,1087,20.2,0.0001,730,9,0,20.18
2025-11-10,corbits,300,3.49,0.01,6,9,0,0.69
2025-11-17,coinbase,13658570,7589725.53,0.05417,10544,403,5463659,901269.94
2025-11-17,payAI,1984026,740251.89,0.1,3544,72,1174483,4358.67
2025-11-17,daydreams,1836309,523333.93,0.087856,4801,57,915208,1691.24
2025-11-17,virtuals,37989,41407.29,0.069903,3258,2,0,41407.29
2025-11-17,codenut,81877,29663.87,0.01,2392,13,358,914.83
2025-11-17,openx402,69101,25716.93,0.1,213,55,34789,2981.69
2025-11-17,anyspend,60837,19677.92,0.020991,271,14,12,19526.84
2025-11-17,mogami,1376,1043.3,1.0,125,37,4,1040.18
2025-11-17,heurist,809626,435.43,0.0001,3371,29,171,425.94
2025-11-17,questflow,59306,225.82,0.000414,9467,7951,0,214.81
2025-11-17,treasure,207,55.07,0.1,10,24,2,24.37
2025-11-17,corbits,630,5.95,0.01,5,7,0,0.85
2025-11-17,aurracloud,1098,5.08,0.001,5,8,0,3.96
2025-11-17,ultravioletadao,7,2.08,0.02,3,5,0,2.0
2025-11-17,fluxa,9,0.09,0.01,1,1,0,0.0
2025-11-24,daydreams,3871912,1081566.36,0.1,5013,181,2582130,18797.94
2025-11-24,coinbase,7141463,382483.68,0.01,7768,1551,0,267857.08
2025-11-24,payAI,1422363,348321.51,0.1,3581,194,927775,14608.72
2025-11-24,virtuals,55235,54804.99,0.011912,6600,2,0,54804.99
2025-11-24,anyspend,32953,30159.12,0.588712,262,6,1,30154.42
2025-11-24,codenut,44586,21055.6,0.01,1382,6,14,453.96
2025-11-24,openx402,96602,17185.66,0.1,265,151,26029,4660.03
2025-11-24,heurist,1646806,678.7,0.0001,3849,19,5,674.0
2025-11-24,questflow,85053,321.49,0.000247,8856,8460,0,308.96
2025-11-24,ultravioletadao,66,35.43,0.02,4,25,0,34.35
2025-11-24,fluxa,15,13.96,0.24,3,4,0,3.34
2025-11-24,treasure,54,10.52,0.1998,11,5,0,7.84
2025-11-24,corbits,507,5.96,0.01,2,13,0,0.0
2025-11-24,mogami,107,2.43,0.0003,21,29,6,2.31
2025-11-24,aurracloud,52,1.44,0.01,4,7,0,0.01
2025-12-01,coinbase,5170400,245614.5,0.01,7276,1422,0,163501.34
2025-12-01,virtuals,140897,243420.07,0.112924,5091,2,0,243420.07
2025-12-01,payAI,823253,19697.57,0.00021,4445,296,8,9381.52
2025-12-01,anyspend,19439,7108.32,0.00015,262,3,0,7108.32
2025-12-01,openx402,57417,5613.66,0.1,128,11,0,5608.27
2025-12-01,codenut,35004,5549.96,0.01,1437,5,6,349.96
2025-12-01,daydreams,497633,5456.65,0.0001,5214,470,0,5174.34
2025-12-01,fluxa,7,1689.79,1.0,3,3,0,1.44
2025-12-01,questflow,69694,1430.44,0.002683,9117,7769,0,1362.07
2025-12-01,heurist,2291840,1008.14,0.0001,3193,26,5,968.99
2025-12-01,polymer,922,91.66,0.1,3,2,916,0.06
2025-12-01,treasure,174,32.76,0.1998,20,7,0,15.31
2025-12-01,ultravioletadao,82,13.25,0.02,3,26,0,2.49
2025-12-01,mogami,126,4.43,0.005,22,14,3,3.18
2025-12-01,corbits,306,4.05,0.01,5,15,0,0.4
2025-12-01,aurracloud,25,2.56,0.01,4,6,0,2.46
2025-12-08,virtuals,251196,366916.33,0.5,3688,2,0,366916.33
2025-12-08,coinbase,6471183,300757.86,0.01,9810,1403,0,212500.13
2025-12-08,anyspend,19790,9675.14,0.00015,260,1,0,9675.14
2025-12-08,payAI,2159384,8444.54,0.0001,5001,1060,390,7541.72
2025-12-08,codenut,17543,5491.56,0.01,2877,7,2,186.26
2025-12-08,openx402,41937,4155.3,0.1,219,12,0,4153.24
2025-12-08,heurist,1497077,1625.77,0.0001,4196,1027,465,1242.76
2025-12-08,questflow,42740,1215.76,0.006594,7545,52,0,1197.7
2025-12-08,polymer,1288,228.7,0.1,2,2,1287,0.0
2025-12-08,treasure,37,10.73,0.18,8,5,0,4.61
2025-12-08,corbits,874,10.39,0.01,2,14,0,0.0
2025-12-08,ultravioletadao,117,6.26,0.01,8,35,1,0.21
2025-12-08,mogami,140,6.19,0.001,22,8,29,3.86
2025-12-08,x402jobs,22,1.19,0.05,1,5,0,0.0
2025-12-08,fluxa,1,0.5,0.5,1,1,0,0.0
2025-12-08,daydreams,1118,0.11,0.0001,1000,1,0,0.11
2025-12-08,aurracloud,1,0.01,0.01,1,1,0,0.0
2025-12-08,openmid,4,0.0,0.001,1,1,0,0.0
2025-12-15,virtuals,136293,552686.09,0.5,2485,2,0,552686.09
2025-12-15,coinbase,6287227,314539.96,0.01,11025,1323,25,227309.79
2025-12-15,anyspend,22275,19431.8,0.62346,263,4,5,19431.7
2025-12-15,payAI,1151294,7232.14,0.0001,3754,255,69,7196.66
2025-12-15,openx402,35274,3418.81,0.1,98,14,0,3416.86
2025-12-15,daydreams,1147560,2592.77,0.0001,4240,11,0,2589.4
2025-12-15,questflow,30287,731.72,0.006322,4032,43,0,718.26
2025-12-15,codenut,65306,662.72,0.01,2819,8,58,662.11
2025-12-15,polymer,1299,129.8,0.1,3,2,1278,2.0
2025-12-15,heurist,500323,51.71,0.0001,3157,13,0,51.5
2025-12-15,treasure,75,49.72,0.24975,7,5,0,21.03
2025-12-15,mogami,85,37.11,0.008875,13,13,6,24.86
2025-12-15,corbits,1617,21.78,0.01,2,12,0,0.01
2025-12-15,ultravioletadao,84,6.98,0.02,4,25,0,0.0
2025-12-15,openmid,10,0.01,0.001,1,2,0,0.0
2025-12-15,aurracloud,2,0.0,0.001,1,1,0,0.0
2025-12-15,dexter,3,0.0,0.0,1,2,0,0.0
2025-12-22,coinbase,6987159,297274.06,0.01,7865,740,18,200315.08
2025-12-22,payAI,1848605,14008.4,0.0001,3335,89,87,13862.77
2025-12-22,virtuals,21872,8909.91,0.5,1397,2,0,8909.91
2025-12-22,codenut,24660,6087.74,0.01,6312,8,13,486.67
2025-12-22,openx402,67706,5767.85,0.1,95,7,0,5707.57
2025-12-22,anyspend,79671,4954.58,0.00015,262,4,6,4954.52
2025-12-22,daydreams,465676,1218.32,0.0001,4242,9,0,1217.8
2025-12-22,questflow,25051,605.01,0.006345,4337,54,0,595.73
2025-12-22,mogami,19,451.51,3.0,6,14,0,21.5
2025-12-22,polymer,1323,132.3,0.1,2,2,1322,0.0
2025-12-22,heurist,632174,64.55,0.0001,3160,6,6,64.49
2025-12-22,corbits,2014,34.45,0.01,5,13,0,1.7
2025-12-22,primer,99,14.85,0.15,2,2,0,0.0
2025-12-22,treasure,43,10.37,0.25,7,3,0,5.22
2025-12-22,ultravioletadao,286,4.43,0.01,6,22,0,0.2
2025-12-22,dexter,14,0.7,0.05,3,2,1,0.65
2025-12-22,openmid,6,0.01,0.001,2,2,0,0.0
2025-12-29,coinbase,3514015,202526.54,0.01,5579,477,31,183921.4
2025-12-29,virtuals,72239,39608.38,0.5,2264,2,0,39608.38
2025-12-29,mogami,443,22924.26,10.0,176,214,0,2140.0
2025-12-29,payAI,2217563,13620.29,0.0001,3262,24,1,13608.58
2025-12-29,questflow,12617,248.36,0.005956,3266,44,0,247.97
2025-12-29,polymer,1331,133.1,0.1,1,1,1331,0.0
2025-12-29,ultravioletadao,290,76.36,0.01,10,35,0,73.3
2025-12-29,openx402,614,61.4,0.1,75,1,0,61.4
2025-12-29,heurist,327660,43.12,0.0001,3156,5,0,43.12
2025-12-29,corbits,2158,35.98,0.01,6,14,0,1.5
2025-12-29,codenut,1875,35.21,0.01,948,5,3,33.93
2025-12-29,anyspend,92948,14.04,0.00015,159,2,0,13.94
2025-12-29,x402jobs,113,5.71,0.05,4,6,3,3.45
2025-12-29,treasure,53,3.88,0.04995,6,5,2,2.07
2025-12-29,dexter,82,3.1,0.05,6,4,5,3.0
2025-12-29,fluxa,2,0.18,0.1,2,2,0,0.0
2025-12-29,openmid,11,0.01,0.001,1,1,0,0.0
2026-01-05,coinbase,1116429,117776.31,0.1,3788,292,121,117287.45
2026-01-05,payAI,3074418,18533.51,0.0001,3334,40,51,17548.82
2026-01-05,virtuals,39479,18194.51,0.5,2177,2,0,18194.51
2026-01-05,openfacilitator,1272,6335.5,5.0,1,2,0,0.0
2026-01-05,mogami,69,1519.31,10.0,32,26,0,321.22
2026-01-05,polymer,1335,233.4,0.1,2,2,1334,0.0
2026-01-05,questflow,7638,172.26,0.006033,2139,39,0,170.79
2026-01-05,x402jobs,1583,79.15,0.05,2,1,0,79.15
2026-01-05,corbits,2134,35.05,0.01,6,14,0,1.89
2026-01-05,anyspend,90725,32.67,0.00015,153,2,0,32.61
2026-01-05,x402rs,8124,18.3,0.0001,1261,3,0,18.3
2026-01-05,heurist,119384,14.09,0.0001,1532,3,0,14.09
2026-01-05,codenut,241,7.31,0.01,218,5,3,6.96
2026-01-05,ultravioletadao,327,6.11,0.01,8,17,0,3.64
2026-01-05,daydreams,69,4.99,0.1,5,3,3,3.99
2026-01-05,treasure,89,4.81,0.05,4,3,0,2.43
2026-01-05,dexter,98,3.69,0.01,8,7,0,2.62
2026-01-05,primer,35,0.35,0.01,1,1,0,0.0
2026-01-05,fluxa,3,0.11,0.01,2,3,0,0.0
2026-01-12,coinbase,248828,114421.24,0.499998,3102,263,48,104135.47
2026-01-12,virtuals,73237,38100.4,0.5,2017,2,0,38100.4
2026-01-12,openfacilitator,1723,8502.3,5.0,4,4,0,0.9
2026-01-12,payAI,1979591,4909.37,0.0001,1386,30,19,4268.93
2026-01-12,mogami,95,1349.31,10.0,33,34,0,250.35
2026-01-12,anyspend,36738,790.65,0.00015,218,5,1,790.54
2026-01-12,polymer,1339,133.8,0.1,3,1,1335,0.3
2026-01-12,questflow,4920,107.03,0.006214,1359,31,0,106.59
2026-01-12,x402jobs,1970,95.3,0.05,4,3,75,94.55
2026-01-12,corbits,2553,51.99,0.01,6,17,0,2.24
2026-01-12,dexter,291,12.31,0.02,7,6,0,12.09
2026-01-12,treasure,72,10.3,0.05,5,5,0,6.65
2026-01-12,heurist,52168,7.01,0.0001,1266,3,3,6.84
2026-01-12,ultravioletadao,578,5.57,0.01,5,4,0,2.16
2026-01-12,x402rs,952,2.06,0.0001,699,2,0,2.06
2026-01-12,primer,37,0.18,0.001,1,1,0,0.0
2026-01-12,fluxa,1,0.01,0.01,1,1,0,0.0
2026-01-12,aurracloud,1,0.01,0.01,1,1,0,0.0
2026-01-12,openmid,1,0.0,0.001,1,1,0,0.0
2026-01-19,virtuals,85947,44811.91,0.5,1724,2,0,44811.91
2026-01-19,coinbase,29236,25285.86,0.009989,1180,241,95,22428.94
2026-01-19,openfacilitator,1896,8933.84,5.0,16,11,3,2.07
2026-01-19,mogami,90,1785.61,10.0,33,41,0,310.14
2026-01-19,anyspend,932,1527.0,1.117826,232,1,0,1527.0
2026-01-19,questflow,1677,135.58,0.006408,897,27,0,38.53
2026-01-19,polymer,1326,132.6,0.1,1,1,1326,0.0
2026-01-19,x402jobs,2204,108.56,0.05,1,2,41,0.0
2026-01-19,dexter,1114,99.32,0.02,38,10,0,99.14
2026-01-19,corbits,1795,38.82,0.01,7,17,0,16.11
2026-01-19,fluxa,1,5.0,5.0,1,1,0,0.0
2026-01-19,ultravioletadao,494,4.93,0.01,13,5,0,2.33
2026-01-19,heurist,11047,1.96,0.0001,1260,2,0,1.96
2026-01-19,relai,12,0.12,0.01,2,3,9,0.02
2026-01-19,codenut,5,0.01,0.0,2,1,0,0.01
2026-01-19,openmid,2,0.0,0.0001,1,1,2,0.0
2026-01-26,virtuals,41452,77974.66,0.5,1062,2,0,77974.66
2026-01-26,coinbase,65616,27949.57,0.02,1180,462,212,20448.57
2026-01-26,openfacilitator,1105,2561.53,0.01,13,5,23,5.25
2026-01-26,anyspend,1159,1526.04,1.0,227,3,114,1526.02
2026-01-26,mogami,29,384.82,10.0,13,13,0,110.0
2026-01-26,polymer,1325,232.4,0.1,2,2,1324,0.0
2026-01-26,questflow,19,175.0,5.0,1,11,0,0.0
2026-01-26,x402jobs,523,26.15,0.05,1,1,0,0.0
2026-01-26,dexter,661,24.49,0.02,32,16,4,20.11
2026-01-26,relai,9,10.47,0.01,3,4,7,0.0
2026-01-26,openx402,4,10.02,5.0,2,2,0,0.0
2026-01-26,heurist,7949,4.81,0.0001,1266,3,0,3.61
2026-01-26,ultravioletadao,187,3.08,0.01,7,18,0,0.26
2026-01-26,treasure,11,1.84,0.22977,4,3,0,0.92
2026-01-26,corbits,120,1.42,0.0103,4,3,0,1.37
2026-01-26,primer,23,0.2,0.01,2,3,19,0.0
2026-01-26,openmid,36,0.04,0.001,3,4,23,0.01
2026-01-26,codenut,1,0.01,0.01,1,1,0,0.0
2026-01-26,daydreams,1,0.01,0.01,1,1,0,0.0
2026-02-02,coinbase,71111,77246.11,0.010443,1353,239,0,70632.71
2026-02-02,virtuals,52190,76475.62,0.5,955,2,0,76475.62
2026-02-02,mogami,76,2816.55,10.0,35,19,1,470.0
2026-02-02,openfacilitator,1156,2645.98,0.017534,11,9,10,2642.87
2026-02-02,fluxa,50,1328.99,3.0,30,22,0,286.0
2026-02-02,anyspend,696,1185.12,1.486164,212,4,5,1185.01
2026-02-02,openx402,41,453.64,5.0,20,6,7,450.02
2026-02-02,polymer,1296,229.5,0.1,2,2,1295,0.0
2026-02-02,dexter,276,186.47,1.0,26,9,68,119.33
2026-02-02,x402jobs,639,30.79,0.05,1,2,29,0.0
2026-02-02,questflow,2,30.0,20.0,1,2,0,0.0
2026-02-02,ultravioletadao,333,5.33,0.01,6,37,2,0.17
2026-02-02,daydreams,3244,1.56,0.0001,993,7,5,0.32
2026-02-02,primer,17,1.15,0.01,2,2,15,1.0
2026-02-02,corbits,82,0.87,0.01,4,3,0,0.75
2026-02-02,heurist,37,0.37,0.01,6,1,1,0.36
2026-02-02,openmid,26,0.37,0.005,1,4,5,0.0
2026-02-02,relai,12,0.11,0.01,2,3,7,0.02
2026-02-09,virtuals,67107,153479.33,0.565094,1544,2,0,153479.33
2026-02-09,coinbase,184389,48893.81,0.012594,1514,339,0,45748.13
2026-02-09,anyspend,836,1422.0,1.564214,221,1,0,1422.0
2026-02-09,openfacilitator,644,1085.23,0.011667,77,18,0,12.99
2026-02-09,mogami,36,834.03,10.0,15,16,0,110.0
2026-02-09,openx402,60,395.03,0.97,21,7,9,391.15
2026-02-09,polymer,1331,233.0,0.1,2,2,1330,0.0
2026-02-09,fluxa,3,222.0,95.0,3,3,0,0.0
2026-02-09,dexter,460,51.81,0.03,24,13,28,27.17
2026-02-09,x402jobs,210,10.5,0.05,1,1,0,0.0
2026-02-09,treasure,85,7.03,0.01,10,4,0,3.52
2026-02-09,ultravioletadao,128,6.23,0.02,4,20,0,1.63
2026-02-09,questflow,1,5.0,5.0,1,1,0,0.0
2026-02-09,heurist,288,4.14,0.01,47,2,0,4.14
2026-02-09,corbits,27,0.32,0.0103,3,3,0,0.18
2026-02-09,primer,9,0.3,0.01,2,2,8,0.01
2026-02-09,relai,12,0.07,0.01,5,4,5,0.03
2026-02-09,bitrefill,4,0.04,0.01,2,4,0,0.0
2026-02-09,openmid,16,0.02,0.001,1,1,16,0.0
2026-02-09,daydreams,1,0.01,0.005,1,1,1,0.0
2026-02-16,virtuals,186310,535807.81,0.865746,1803,2,0,535807.81
2026-02-16,coinbase,218870,86410.91,0.016052,4463,351,0,80198.0
2026-02-16,openx402,3451,26096.51,5.0,950,11,4,26095.87
2026-02-16,anyspend,848,1435.5,1.461538,225,1,0,1435.5
2026-02-16,fluxa,3,923.68,277.86,1,2,0,0.0
2026-02-16,openfacilitator,241,371.91,0.01,16,11,2,0.53
2026-02-16,mogami,7,191.01,10.0,5,5,0,30.0
2026-02-16,polymer,1634,136.9,0.1,3,3,1337,0.26
2026-02-16,dexter,1014,42.31,0.018693,58,20,14,39.58
2026-02-16,treasure,21,14.56,0.25,8,6,1,7.25
2026-02-16,x402rs,118,13.99,0.1,4,5,112,1.4
2026-02-16,ultravioletadao,292,6.73,0.01022,9,21,0,0.83
2026-02-16,x402jobs,88,3.88,0.05,2,2,2,0.11
2026-02-16,corbits,316,3.18,0.01,6,4,0,3.13
2026-02-16,heurist,36,1.25,0.01,7,2,5,1.2
2026-02-16,openmid,15,0.19,0.01,3,4,5,0.0
2026-02-16,bitrefill,4,0.1,0.04,2,3,0,0.0
2026-02-16,relai,9,0.08,0.01,4,4,0,0.08
2026-02-23,virtuals,155203,788042.87,0.81431,6327,2,0,788042.87
2026-02-23,coinbase,252172,110278.36,0.012549,3528,392,0,103614.38
2026-02-23,openx402,3524,13882.7,2.310419,540,8,5,13842.45
2026-02-23,fluxa,3,2365.06,660.0,2,3,0,0.0
2026-02-23,anyspend,869,1453.0,1.153962,214,1,0,1453.0
2026-02-23,openfacilitator,914,256.75,0.006052,15,18,119,6.94
2026-02-23,daydreams,35,102.51,3.0,5,1,0,102.51
2026-02-23,polymer,1393,92.77,0.1,3,4,879,0.01
2026-02-23,dexter,1062,84.22,0.008,272,20,8,77.06
2026-02-23,bitrefill,10,23.73,0.1,5,8,3,0.0
2026-02-23,x402rs,85,22.51,0.1978,9,10,14,11.33
2026-02-23,corbits,423,3.95,0.01,10,5,0,3.94
2026-02-23,x402jobs,104,2.96,0.01,4,2,17,0.39
2026-02-23,ultravioletadao,96,1.47,0.01,4,23,0,0.03
2026-02-23,treasure,34,1.3,0.01998,7,6,0,0.62
2026-02-23,questflow,29,0.84,0.011089,4,4,0,0.76
2026-02-23,mogami,6,0.84,0.1,4,5,0,0.0
2026-02-23,heurist,70,0.72,0.01,7,1,0,0.72
2026-02-23,relai,10,0.1,0.01,2,2,0,0.04
2026-02-23,openmid,3,0.0,0.001,1,1,3,0.0
2026-03-02,virtuals,162997,388560.9,0.50414,4895,2,0,388560.9
2026-03-02,coinbase,254865,71813.92,0.009543,3580,1703,0,63845.13
2026-03-02,openx402,708,4504.68,5.0,213,11,11,4289.62
2026-03-02,daydreams,435,1556.9,0.125294,25,1,0,1556.9
2026-03-02,anyspend,879,1474.0,1.213577,218,1,0,1474.0
2026-03-02,fluxa,3,788.17,342.37,2,2,0,0.0
2026-03-02,mogami,10,135.65,0.1,4,6,3,0.0
2026-03-02,dexter,4287,132.3,0.008,19,23,6,121.46
2026-03-02,polymer,980,97.91,0.1,3,2,978,0.1
2026-03-02,openfacilitator,1111,21.53,0.006058,20,34,20,4.54
2026-03-02,x402rs,32,18.86,0.2,8,8,0,9.5
2026-03-02,corbits,575,10.78,0.01,13,14,0,5.41
2026-03-02,ultravioletadao,147,3.88,0.01,4,25,0,0.2
2026-03-02,treasure,22,2.83,0.01,5,4,0,0.37
2026-03-02,questflow,75,1.13,0.000874,1,2,0,0.0
2026-03-02,heurist,99,1.11,0.01,7,1,0,1.11
2026-03-02,x402jobs,25,0.25,0.01,5,2,0,0.25
2026-03-02,relai,20,0.2,0.01,3,3,0,0.0
2026-03-02,primer,1,0.1,0.1,1,1,0,0.0
2026-03-02,openmid,14,0.06,0.005,2,2,0,0.0
2026-03-09,virtuals,153138,405023.53,0.174388,4113,2,0,405023.53
2026-03-09,coinbase,243168,138289.95,0.010075,3902,401,0,129311.96
2026-03-09,relai,10303,15366.04,1.488661,13,2,1,15366.03
2026-03-09,fluxa,148,3747.51,3.0,106,86,1,124.18
2026-03-09,openx402,378,1955.46,5.0,140,9,17,1853.6
2026-03-09,anyspend,949,1589.0,1.182434,227,1,0,1589.0
2026-03-09,mogami,10,290.15,10.0,6,7,1,30.04
2026-03-09,dexter,5185,241.11,0.005,20,15,103,207.2
2026-03-09,polymer,1079,107.04,0.1,3,2,1070,0.05
2026-03-09,openfacilitator,2244,56.12,0.025,23,21,0,51.45
2026-03-09,daydreams,52,36.04,0.001,7,1,0,36.04
2026-03-09,x402rs,59,14.04,0.2,8,19,16,6.53
2026-03-09,corbits,559,5.64,0.01,7,6,0,5.13
2026-03-09,ultravioletadao,252,3.55,0.01015,7,19,0,1.09
2026-03-09,treasure,14,1.56,0.2,5,3,1,1.4
2026-03-09,heurist,92,1.41,0.01,7,1,0,1.41
2026-03-09,x402jobs,20,0.52,0.01,3,3,0,0.11
2026-03-09,primer,13,0.04,0.001,2,2,2,0.0
2026-03-09,bitrefill,4,0.02,0.01,3,3,0,0.0
2026-03-09,cascade,4,0.01,0.004,1,1,0,0.0
2026-03-16,virtuals,127418,362622.59,0.401201,3055,2,0,362622.59
2026-03-16,coinbase,201540,80717.78,0.02,2931,1556,0,68455.47
2026-03-16,relai,11397,15616.39,1.445831,22,6,0,15616.37
2026-03-16,openx402,526,10193.53,5.0,159,9,1,10153.53
2026-03-16,anyspend,957,1573.01,1.031746,231,3,0,1570.01
2026-03-16,fluxa,143,1273.66,0.70381,67,80,4,124.42
2026-03-16,mogami,10,193.14,10.0,5,6,0,30.0
2026-03-16,polymer,1355,134.01,0.1,2,2,1337,0.0
2026-03-16,dexter,2500,115.09,0.005,20,14,1,102.37
2026-03-16,treasure,133,104.28,0.999,36,6,0,54.76
2026-03-16,openfacilitator,2000,50.53,0.025,31,12,0,48.6
2026-03-16,x402rs,385,40.75,0.1,4,11,363,2.28
2026-03-16,daydreams,34,11.03,0.001,12,1,0,11.03
2026-03-16,corbits,851,8.51,0.01,9,8,4,6.9
2026-03-16,cascade,978,6.13,0.005659,6,1,0,6.13
2026-03-16,ultravioletadao,177,2.38,0.0103,5,26,0,0.75
2026-03-16,heurist,111,1.62,0.01,10,1,0,1.62
2026-03-16,x402jobs,10,0.1,0.01,1,2,0,0.0
2026-03-16,openmid,27,0.07,0.002,1,1,0,0.0
2026-03-16,bitrefill,5,0.01,0.002,1,1,0,0.0
2026-03-23,coinbase,116032,24342.79,0.0124,1481,606,0,15396.62
2026-03-23,virtuals,32891,21756.66,0.01001,622,2,0,21756.66
2026-03-23,relai,14697,21148.39,1.47428,19,8,12,21147.69
2026-03-23,openx402,298,1583.33,5.0,105,8,3,1570.2
2026-03-23,anyspend,936,1551.0,1.146632,232,2,0,1551.0
2026-03-23,fluxa,163,456.7,1.0,64,54,3,148.28
2026-03-23,polymer,1331,432.8,0.1,4,2,1328,300.0
2026-03-23,dexter,6818,390.57,0.005,15,12,0,283.84
2026-03-23,x402rs,104,38.3,0.19,16,20,3,18.76
2026-03-23,openfacilitator,50,31.0,0.01,14,12,0,10.45
2026-03-23,mogami,29,30.21,0.01,6,6,0,0.05
2026-03-23,bitrefill,9,16.0,2.0,7,2,0,16.0
2026-03-23,corbits,510,5.12,0.01,3,3,0,4.44
2026-03-23,treasure,8,2.15,0.01,4,3,0,1.15
2026-03-23,daydreams,9,2.11,0.001,4,1,0,2.11
2026-03-23,cascade,293,0.99,0.004,7,1,0,0.99
2026-03-23,heurist,145,0.82,0.005,18,1,1,0.82
2026-03-23,ultravioletadao,65,0.69,0.01,3,14,0,0.0
2026-03-23,x402jobs,2,0.02,0.01,1,1,0,0.0
2026-03-23,openmid,4,0.01,0.004,1,1,0,0.0
2026-03-30,virtuals,20963,35108.26,0.01,522,2,0,35108.26
2026-03-30,relai,11347,16849.31,1.483069,15,5,0,16849.16
2026-03-30,coinbase,185414,11892.43,0.001037,1183,690,0,9360.22
2026-03-30,fluxa,3574,7688.18,0.648054,2452,490,3,3240.67
2026-03-30,anyspend,932,1595.0,1.52,228,1,0,1595.0
2026-03-30,openx402,216,985.01,5.0,79,8,11,942.5
2026-03-30,dexter,1086,153.78,0.005,31,15,2,132.56
2026-03-30,polymer,1340,134.0,0.1,1,1,1340,0.0
2026-03-30,mogami,10,85.01,10.0,6,7,0,40.0
2026-03-30,bitrefill,7,63.75,7.1,4,6,0,4.0
2026-03-30,treasure,731,7.31,0.01,3,2,0,7.31
2026-03-30,x402rs,34,5.18,0.19,5,5,15,0.6
2026-03-30,questflow,2,5.0,4.945,2,2,0,0.0
2026-03-30,ultravioletadao,66,1.94,0.0103,5,15,6,0.0
2026-03-30,corbits,111,1.05,0.01,6,6,0,0.71
2026-03-30,openfacilitator,11,0.73,0.1,4,5,2,0.0
2026-03-30,heurist,146,0.72,0.003393,10,1,0,0.72
2026-03-30,cascade,31,0.12,0.004,3,1,0,0.12
2026-03-30,daydreams,2,0.0,0.001,1,1,0,0.0
2026-04-06,coinbase,411356,20065.82,0.001,2269,873,0,16350.64
2026-04-06,relai,5677,7308.85,1.414138,16,12,3,7307.4
2026-04-06,fluxa,2182,6683.6,0.307205,760,583,5,2046.51
2026-04-06,virtuals,11749,5246.75,0.155601,722,2,0,5246.75
2026-04-06,anyspend,948,1610.0,1.389992,234,2,0,1610.0
2026-04-06,openx402,108,540.12,5.0,46,9,0,532.73
2026-04-06,questflow,20,426.5,5.883716,16,12,0,58.46
2026-04-06,primer,1485,374.28,0.279591,51,61,173,0.0
2026-04-06,dexter,3274,138.93,0.001999,96,20,4,138.29
2026-04-06,polymer,1339,133.9,0.1,1,1,1339,0.0
2026-04-06,bitrefill,7,14.0,2.0,4,1,0,14.0
2026-04-06,corbits,253,2.14,0.01,5,5,0,1.86
2026-04-06,x402rs,45,1.19,0.01,6,6,2,0.32
2026-04-06,ultravioletadao,113,1.15,0.01,6,21,0,0.0
2026-04-06,heurist,131,0.82,0.005,14,1,0,0.82
2026-04-06,treasure,57,0.66,0.01,6,1,0,0.66
2026-04-06,cascade,76,0.26,0.004,6,2,0,0.26
2026-04-06,openmid,19,0.14,0.00656,2,1,0,0.14
2026-04-06,x402jobs,10,0.1,0.01,1,2,0,0.0
2026-04-06,mogami,3,0.03,0.01,1,1,0,0.0
2026-04-06,openfacilitator,1,0.01,0.01,1,1,0,0.0
2026-04-13,coinbase,435613,32571.97,0.001,6705,640,0,30034.59
2026-04-13,fluxa,5330,8134.38,0.489404,3076,1764,3,4246.81
2026-04-13,anyspend,921,1561.0,1.07283,231,2,0,1561.0
2026-04-13,virtuals,3334,1505.82,0.191608,695,2,0,1505.82
2026-04-13,openx402,172,994.92,5.0,81,5,0,975.0
2026-04-13,primer,1353,347.76,0.318743,50,12,0,0.0
2026-04-13,questflow,15,159.38,0.515,14,6,0,3.37
2026-04-13,polymer,1334,133.4,0.1,1,1,1334,0.0
2026-04-13,dexter,651,109.73,0.001,29,19,3,108.98
2026-04-13,mogami,11,101.5,10.0,6,5,0,51.5
2026-04-13,daydreams,3,51.0,1.0,2,1,0,51.0
2026-04-13,relai,721,10.39,0.008,9,14,0,9.8
2026-04-13,bitrefill,3,6.0,2.0,3,2,0,4.0
2026-04-13,ultravioletadao,168,3.5,0.01,5,13,0,0.35
2026-04-13,x402rs,20,3.06,0.19,7,8,5,1.04
2026-04-13,corbits,193,2.0,0.01,5,7,0,1.65
2026-04-13,heurist,213,1.16,0.003,13,1,0,1.16
2026-04-13,treasure,60,0.6,0.01,6,1,0,0.6
2026-04-13,cascade,116,0.26,0.001,5,2,0,0.26
2026-04-13,openmid,25,0.14,0.006164,2,1,0,0.14
2026-04-13,openfacilitator,12,0.12,0.01,7,3,0,0.1
2026-04-13,x402jobs,8,0.08,0.01,1,2,0,0.0
2026-04-20,coinbase,571273,17362.53,0.001,10700,1256,0,14414.12
2026-04-20,fluxa,12796,9481.76,0.06,5926,1051,2,3905.11
2026-04-20,anyspend,928,1551.0,1.100667,225,2,0,1551.0
2026-04-20,virtuals,3148,753.62,0.01,253,2,0,753.62
2026-04-20,openx402,84,545.3,5.0,42,4,0,540.2
2026-04-20,primer,1343,348.24,0.317933,50,12,0,0.0
2026-04-20,polymer,1338,333.51,0.1,4,2,1335,200.01
2026-04-20,questflow,18,262.07,1.025,14,9,0,5.03
2026-04-20,daydreams,7,50.01,0.002,4,2,0,50.01
2026-04-20,dexter,258,44.67,0.01,24,21,3,36.88
2026-04-20,x402rs,88,14.21,0.1,9,10,30,10.13
2026-04-20,bitrefill,19,11.12,0.01,3,1,0,11.12
2026-04-20,corbits,104,4.16,0.01,7,13,9,0.33
2026-04-20,heurist,451,2.64,0.005,16,1,0,2.64
2026-04-20,ultravioletadao,99,1.12,0.0103,3,13,0,0.0
2026-04-20,relai,29,0.73,0.01,6,11,0,0.38
2026-04-20,cascade,277,0.7,0.001,8,2,0,0.7
2026-04-20,treasure,6,0.25,0.01,3,2,0,0.05
2026-04-20,openfacilitator,3,0.03,0.01,2,2,0,0.0
2026-04-20,openmid,3,0.01,0.004329,1,1,0,0.0
2026-04-20,x402jobs,1,0.01,0.01,1,1,0,0.0
2026-04-27,coinbase,562046,94332.27,0.001,29356,1245,0,90414.51
2026-04-27,fluxa,11287,12294.14,0.299368,4669,4379,1,4089.96
2026-04-27,virtuals,2936,2192.53,1.0,232,1,0,2192.53
2026-04-27,anyspend,926,1542.0,1.218742,227,2,0,1542.0
2026-04-27,questflow,38,523.43,1.882528,26,19,0,226.57
2026-04-27,openx402,89,470.75,5.0,36,4,0,460.0
2026-04-27,primer,1160,293.46,0.318221,50,12,0,0.0
2026-04-27,bitrefill,34,176.17,0.01,5,5,0,133.45
2026-04-27,polymer,1315,131.5,0.1,1,1,1315,0.0
2026-04-27,dexter,1884,100.3,0.01,42,19,0,99.7
2026-04-27,daydreams,2,50.0,50.0,1,1,0,0.0
2026-04-27,x402rs,145,10.62,0.021,8,9,3,8.51
2026-04-27,ultravioletadao,444,4.12,0.01,5,16,16,0.0
2026-04-27,corbits,217,1.48,0.00515,3,5,0,0.0
2026-04-27,cascade,291,1.25,0.004311,16,2,0,1.25
2026-04-27,heurist,102,0.6,0.005,9,1,0,0.6
2026-04-27,mogami,3,0.51,0.005,2,2,0,0.0
2026-04-27,treasure,4,0.04,0.01,3,1,0,0.04
2026-04-27,relai,2,0.02,0.01,1,1,0,0.0
2026-04-27,openmid,1,0.01,0.005,1,1,0,0.0
2026-05-04,coinbase,541039,32867.45,0.001,19113,1945,0,27492.4
2026-05-04,fluxa,11454,8498.74,0.190952,5040,2241,9,5024.35
2026-05-04,questflow,114,1716.24,6.305299,72,39,0,1216.63
2026-05-04,anyspend,959,1551.02,1.0,236,2,0,1551.0
2026-05-04,primer,1395,360.09,0.319684,50,12,0,0.0
2026-05-04,openx402,57,318.41,5.0,31,6,0,300.0
2026-05-04,dexter,5565,206.89,0.01,50,19,0,193.53
2026-05-04,virtuals,505,144.94,0.011899,166,1,0,144.94
2026-05-04,polymer,1334,133.4,0.1,1,1,1334,0.0
2026-05-04,x402rs,64,11.87,0.1,7,6,42,3.87
2026-05-04,openfacilitator,18,5.09,0.001,4,5,0,0.06
2026-05-04,cascade,994,3.33,0.004,17,2,0,3.33
2026-05-04,relai,148,1.47,0.01,1,6,0,0.0
2026-05-04,ultravioletadao,134,1.36,0.009192,4,19,22,0.0
2026-05-04,corbits,102,1.16,0.01,4,4,0,0.47
2026-05-04,heurist,95,0.88,0.01,7,1,0,0.88
2026-05-04,x402jobs,42,0.46,0.01,2,3,0,0.0
2026-05-04,mogami,2,0.2,0.1,1,1,0,0.0
2026-05-04,daydreams,5,0.11,0.005,3,2,0,0.01
2026-05-04,treasure,5,0.04,0.01,2,2,0,0.0
2026-05-11,coinbase,572481,41914.13,0.001,28111,4605,0,35440.63
2026-05-11,fluxa,12454,7679.66,0.259775,6695,1866,0,5217.71
2026-05-11,anyspend,932,1550.0,1.095339,220,1,0,1550.0
2026-05-11,relai,527,492.39,1.174993,11,7,0,491.41
2026-05-11,primer,1329,342.38,0.316967,50,12,0,0.0
2026-05-11,polymer,1335,333.3,0.1,3,2,1333,200.0
2026-05-11,openx402,54,308.36,5.0,26,4,0,280.0
2026-05-11,questflow,21,100.15,0.105,16,8,0,40.78
2026-05-11,virtuals,379,98.96,0.070782,50,2,0,98.46
2026-05-11,dexter,1953,69.47,0.01,50,19,9,63.5
2026-05-11,openfacilitator,22,30.23,0.01,7,6,0,0.17
2026-05-11,x402rs,16,27.38,0.1,3,3,14,0.0
2026-05-11,cascade,1434,5.57,0.004,20,2,0,5.57
2026-05-11,ultravioletadao,61,1.83,0.01,6,18,12,0.01
2026-05-11,treasure,81,0.53,0.009999,11,6,0,0.49
2026-05-11,x402jobs,25,0.49,0.01,2,3,0,0.0
2026-05-11,heurist,18,0.17,0.01,3,1,0,0.17
2026-05-11,corbits,13,0.11,0.01,4,3,0,0.09
2026-05-11,daydreams,13,0.06,0.005,1,1,0,0.0
2026-05-11,mogami,3,0.01,0.005,1,1,0,0.0
2026-05-18,coinbase,485396,32668.41,0.002,14636,2733,0,30272.82
2026-05-18,relai,8372,12357.92,1.48386,12,7,0,12357.13
2026-05-18,fluxa,31798,4593.03,0.015258,7115,2434,1,3003.58
2026-05-18,anyspend,931,1557.01,1.229413,229,2,0,1557.01
2026-05-18,primer,1393,344.96,0.318528,51,13,0,0.0
2026-05-18,openx402,52,250.5,5.0,34,5,0,249.0
2026-05-18,polymer,1336,133.6,0.1,1,1,1336,0.0
2026-05-18,virtuals,529,69.73,0.1,119,2,0,69.73
2026-05-18,questflow,17,47.4,0.105,10,6,0,20.59
2026-05-18,x402rs,352,34.82,0.1,6,9,326,0.6
2026-05-18,openfacilitator,21,13.36,1.0,7,5,10,3.0
2026-05-18,dexter,543,11.49,0.01,27,14,0,10.97
2026-05-18,cascade,1885,7.26,0.004,24,2,0,7.26
2026-05-18,ultravioletadao,82,1.51,0.02,2,15,1,0.0
2026-05-18,heurist,182,0.97,0.002,11,1,0,0.97
2026-05-18,treasure,98,0.41,0.002,9,3,0,0.34
2026-05-18,corbits,24,0.25,0.01,5,5,0,0.12
2026-05-18,xecho,20,0.08,0.002062,1,2,0,0.0
2026-05-18,daydreams,11,0.05,0.005,2,2,0,0.0
2026-05-18,mogami,4,0.02,0.00489,2,2,0,0.0
2026-05-25,coinbase,418022,21744.18,0.002122,7627,1666,0,20407.16
2026-05-25,fluxa,25780,10068.55,0.083755,12174,1780,0,3972.28
2026-05-25,relai,1109,1655.37,1.500116,11,5,0,1655.28
2026-05-25,anyspend,946,1577.0,1.169519,237,1,0,1577.0
2026-05-25,primer,4923,330.95,0.005,52,14,1,16.73
2026-05-25,openx402,69,314.63,5.0,25,7,0,294.76
2026-05-25,dexter,846,185.1,0.05,36,19,0,178.19
2026-05-25,questflow,24,176.26,9.895,20,19,0,30.19
2026-05-25,polymer,1335,133.5,0.1,1,1,1335,0.0
2026-05-25,virtuals,317,27.45,0.01,22,1,0,27.45
2026-05-25,cascade,4881,17.78,0.004,22,2,0,17.78
2026-05-25,x402rs,114,10.34,0.1,6,5,68,2.74
2026-05-25,corbits,138,1.81,0.01,9,2,0,1.71
2026-05-25,ultravioletadao,113,1.19,0.01,2,20,46,0.0
2026-05-25,mogami,445,0.54,0.001,5,6,2,0.05
2026-05-25,heurist,42,0.54,0.01,8,1,0,0.54
2026-05-25,treasure,10,0.09,0.01,3,3,0,0.08
2026-05-25,daydreams,9,0.05,0.005,1,1,0,0.0
2026-05-25,openfacilitator,2,0.01,0.01,1,1,0,0.0
2026-06-01,coinbase,678972,38407.62,0.013709,17280,1674,0,36354.97
2026-06-01,relai,10253,15299.29,1.490065,46,4,0,15299.27
2026-06-01,fluxa,25904,6268.32,0.046513,14027,2374,0,3994.29
2026-06-01,anyspend,683,1142.0,1.396122,200,1,0,1142.0
2026-06-01,primer,1705,324.17,0.30717,51,13,0,0.0
2026-06-01,polymer,1327,232.6,0.1,2,2,1326,0.0
2026-06-01,openx402,25,113.0,5.0,15,4,0,95.0
2026-06-01,questflow,9,76.52,5.009857,8,7,0,9.22
2026-06-01,xecho,699,71.43,0.051791,2,1,0,71.43
2026-06-01,daydreams,33,19.58,0.005,9,2,0,19.53
2026-06-01,cascade,4102,17.87,0.004,26,2,0,17.87
2026-06-01,dexter,180,16.96,0.036786,24,15,23,13.19
2026-06-01,x402rs,57,10.61,0.1,8,6,40,6.41
2026-06-01,virtuals,188,8.41,0.01,19,1,0,8.41
2026-06-01,mogami,32,2.34,0.001,7,7,0,0.02
2026-06-01,treasure,31,2.34,0.1,5,3,0,1.14
2026-06-01,openfacilitator,11,1.19,0.15,6,3,2,0.95
2026-06-01,ultravioletadao,55,0.5,0.001,2,13,29,0.0
2026-06-01,heurist,58,0.37,0.01,4,1,0,0.37
2026-06-01,corbits,6,0.07,0.01,2,2,0,0.0
2026-06-01,obol,1,0.0,0.001,1,1,1,0.0
2026-06-08,coinbase,1809489,40182.94,0.005738,7599,1590,0,38761.93
2026-06-08,fluxa,20992,8389.4,0.051818,8099,3106,0,2699.04
2026-06-08,relai,391,581.84,1.488197,74,2,0,581.81
2026-06-08,primer,1336,344.64,0.318339,50,12,0,0.0
2026-06-08,xecho,2104,228.72,0.054048,2,1,0,228.72
2026-06-08,openx402,29,211.0,5.0,14,3,0,185.0
2026-06-08,x402rs,6,205.89,0.5,5,5,0,0.7
2026-06-08,daydreams,186,205.69,0.001,9,2,0,205.64
2026-06-08,polymer,1334,133.4,0.1,2,1,1333,0.1
2026-06-08,questflow,13,38.35,1.305,8,6,0,3.88
2026-06-08,virtuals,137,11.67,0.01,19,2,0,11.67
2026-06-08,cascade,2384,8.82,0.004,18,1,0,8.82
2026-06-08,dexter,419,4.76,0.005,18,8,0,4.62
2026-06-08,mogami,28,3.27,0.005,6,12,0,0.06
2026-06-08,ultravioletadao,47,1.78,0.02,4,12,12,0.0
2026-06-08,treasure,22,1.11,0.01,4,4,0,0.71
2026-06-08,openfacilitator,18,0.97,0.01,6,6,6,0.75
2026-06-08,heurist,104,0.82,0.01,6,1,0,0.82
2026-06-08,corbits,39,0.49,0.01,4,2,0,0.49
2026-06-15,coinbase,3973789,55374.3,0.006737,4003,1092,0,53715.93
2026-06-15,fluxa,10231,3772.56,0.082661,6195,2059,2,2061.66
2026-06-15,relai,481,689.58,1.443602,72,4,0,689.45
2026-06-15,anyspend,384,668.14,1.750712,156,2,0,665.0
2026-06-15,primer,1309,340.07,0.318744,51,13,1,0.0
2026-06-15,polymer,1337,233.6,0.1,3,2,1334,0.2
2026-06-15,daydreams,165,209.5,0.0013,8,2,0,209.39
2026-06-15,openx402,28,185.01,5.0,13,4,0,135.0
2026-06-15,dexter,2746,21.69,0.006,43,18,0,20.26
2026-06-15,questflow,4,16.2,5.935,3,3,0,0.57
2026-06-15,heurist,1316,14.14,0.01,35,1,0,14.14
2026-06-15,cascade,3819,13.49,0.004,15,2,0,13.49
2026-06-15,mogami,30,7.06,0.001,5,7,0,0.12
2026-06-15,virtuals,130,6.81,0.01,18,2,0,6.81
2026-06-15,x402rs,16,5.59,0.1,6,5,9,2.86
2026-06-15,openfacilitator,29,1.58,0.01,3,5,0,0.0
2026-06-15,ultravioletadao,22,1.26,0.01,5,12,7,0.0
2026-06-15,treasure,21,0.59,0.01,3,3,0,0.18
2026-06-15,corbits,35,0.46,0.01,3,2,0,0.46
2026-06-22,coinbase,4279399,58222.55,0.005903,4225,1532,0,56334.01
2026-06-22,fluxa,2885,49370.84,0.497257,1205,1132,4,1391.58
2026-06-22,anyspend,463,787.0,1.443339,165,1,0,787.0
2026-06-22,primer,1071,253.92,0.314964,52,14,1,0.0
2026-06-22,polymer,1310,131.0,0.1,1,1,1310,0.0
2026-06-22,daydreams,137,124.14,0.001,11,2,0,124.14
2026-06-22,openx402,8,46.0,5.0,5,5,0,0.0
2026-06-22,relai,29,37.97,1.305392,12,3,0,37.96
2026-06-22,dexter,4885,34.04,0.006,34,12,0,31.0
2026-06-22,questflow,3,12.14,0.193012,2,3,0,0.0
2026-06-22,cascade,2147,7.67,0.004,13,1,0,7.67
2026-06-22,heurist,505,5.18,0.01,25,1,0,5.18
2026-06-22,x402rs,14,1.79,0.1,2,2,13,0.0
2026-06-22,virtuals,86,1.33,0.01,5,2,0,1.33
2026-06-22,openfacilitator,11,1.22,0.15,5,3,0,1.2
2026-06-22,mogami,27,1.22,0.001,5,6,3,0.11
2026-06-22,ultravioletadao,24,0.26,0.01,2,12,8,0.0
2026-06-22,treasure,13,0.1,0.01,3,2,0,0.1
2026-06-22,obol,1,0.0,3e-05,1,1,0,0.0
2026-06-29,coinbase,1910996,41861.66,0.009806,6788,7948,0,40733.54
2026-06-29,fluxa,6366,7148.28,0.979499,2133,2905,1,2244.94
2026-06-29,anyspend,762,1316.0,1.573686,211,1,0,1316.0
2026-06-29,primer,1350,344.27,0.317381,54,15,4,0.07
2026-06-29,polymer,1335,133.5,0.1,1,1,1335,0.0
2026-06-29,daydreams,103,86.59,0.001,5,2,0,86.58
2026-06-29,openx402,6,60.0,10.0,3,3,0,0.0
2026-06-29,dexter,3733,27.7,0.006,15,7,4,22.42
2026-06-29,heurist,804,9.27,0.01,33,1,0,9.27
2026-06-29,questflow,1,4.95,4.945,1,1,0,0.0
2026-06-29,cascade,1514,4.75,0.004,9,1,0,4.75
2026-06-29,virtuals,114,2.66,0.01,14,1,0,2.66
2026-06-29,obol,504,1.28,0.001,5,1,0,1.28
2026-06-29,openfacilitator,22,1.03,0.07,4,5,4,0.73
2026-06-29,x402rs,11,1.02,0.1,2,2,10,0.0
2026-06-29,ultravioletadao,52,0.7,0.01,2,14,8,0.0
2026-06-29,relai,44,0.41,0.01,1,2,0,0.0
2026-06-29,treasure,8,0.08,0.01,3,1,0,0.08
2026-06-29,mogami,18,0.02,0.001,4,3,0,0.01
2026-07-06,coinbase,4683424,77271.61,0.002068,5097,18698,0,75770.52
2026-07-06,fluxa,4576,3559.4,0.633633,1602,2815,0,883.91
2026-07-06,anyspend,985,1651.0,1.201274,225,1,0,1651.0
2026-07-06,primer,1246,324.09,0.317678,50,12,0,0.0
2026-07-06,polymer,1334,133.4,0.1,1,1,1334,0.0
2026-07-06,openx402,66,111.2,0.025,3,3,0,1.2
2026-07-06,daydreams,45,71.07,0.005,4,2,0,71.02
2026-07-06,dexter,2582,15.94,0.006,13,5,0,15.5
2026-07-06,cascade,2902,12.47,0.005,13,1,0,12.47
2026-07-06,openfacilitator,19,11.07,0.01,6,9,2,0.0
2026-07-06,heurist,471,4.9,0.01,16,1,0,4.9
2026-07-06,x402rs,2157,4.14,0.001,5,4,5,1.46
2026-07-06,virtuals,109,2.52,0.01,12,1,0,2.52
2026-07-06,treasure,27,1.11,0.002,3,2,0,0.08
2026-07-06,ultravioletadao,33,0.52,0.01,2,14,7,0.0
2026-07-06,obol,106,0.39,0.001,4,3,0,0.19
2026-07-06,relai,37,0.35,0.01,1,4,0,0.01
2026-07-06,mogami,16,0.02,0.001,4,3,0,0.01
2026-07-13,coinbase,3121164,106103.79,0.007214,5233,34052,0,87733.46
2026-07-13,fluxa,3928,6963.36,0.979923,1312,2153,0,1566.57
2026-07-13,anyspend,987,1691.0,1.511969,229,1,0,1691.0
2026-07-13,primer,1044,265.27,0.316842,51,13,0,0.0
2026-07-13,daydreams,130,158.77,0.001,12,2,0,158.76
2026-07-13,polymer,1336,133.6,0.1,1,1,1336,0.0
2026-07-13,openx402,131,123.17,0.006444,15,8,72,90.04
2026-07-13,dexter,1159,26.9,0.01,13,9,0,26.78
2026-07-13,heurist,1146,11.34,0.01,25,1,0,11.34
2026-07-13,openfacilitator,40,6.15,0.05,5,6,0,0.15
2026-07-13,mogami,805,4.01,0.005,6,5,0,0.01
2026-07-13,questflow,1,2.7,2.698121,1,1,0,0.0
2026-07-13,virtuals,112,2.09,0.01,12,2,0,2.09
2026-07-13,cascade,747,1.46,0.001,9,1,0,1.46
2026-07-13,obol,534,1.15,0.001,17,8,2,0.94
2026-07-13,x402rs,1011,1.01,0.001,2,2,0,0.0
2026-07-13,ultravioletadao,51,0.78,0.01,2,13,8,0.0
2026-07-13,treasure,61,0.77,0.01,8,3,0,0.33
2026-07-20,coinbase,1495350,66852.46,0.015097,3924,14712,0,64823.06
2026-07-20,fluxa,2178,2066.07,0.669641,783,1476,1,470.53
2026-07-20,anyspend,987,1660.0,1.284889,234,1,0,1660.0
2026-07-20,primer,1351,348.02,0.318832,51,13,2,0.0
2026-07-20,daydreams,239,263.43,0.001,43,2,0,263.4
2026-07-20,polymer,1339,233.8,0.1,2,2,1338,0.0
2026-07-20,dexter,7897,92.75,0.006,94,14,0,78.86
2026-07-20,openx402,18,60.04,5.0,11,4,1,55.01
2026-07-20,questflow,2,8.42,7.915,2,2,0,0.0
2026-07-20,mogami,1216,6.01,0.005,6,5,0,0.02
2026-07-20,cascade,1646,5.88,0.004,8,1,0,5.88
2026-07-20,virtuals,93,3.77,0.01,11,2,0,3.77
2026-07-20,heurist,169,1.6,0.01,4,1,0,1.6
2026-07-20,ultravioletadao,43,0.75,0.01,2,17,7,0.0
2026-07-20,x402rs,3,0.3,0.1,1,1,3,0.0
2026-07-20,openfacilitator,67,0.08,1e-06,4,3,59,0.06
2026-07-20,treasure,10,0.02,0.002,2,2,0,0.0
2026-07-27,coinbase,1479049,92348.45,0.011932,4331,9982,0,89509.79
2026-07-27,fluxa,1254,2861.17,0.133439,464,883,0,140.02
2026-07-27,anyspend,993,1669.0,1.240848,234,1,0,1669.0
2026-07-27,primer,1378,356.94,0.317317,50,12,0,0.0
2026-07-27,daydreams,218,315.91,0.001,45,2,0,315.88
2026-07-27,dexter,7946,298.23,0.02,51,16,1,275.95
2026-07-27,openx402,22,145.01,5.0,12,3,0,140.0
2026-07-27,polymer,1330,133.0,0.1,1,1,1330,0.0
2026-07-27,questflow,1,24.5,24.500988,1,1,0,0.0
2026-07-27,cascade,1429,4.99,0.004,11,1,0,4.99
2026-07-27,ultravioletadao,44,2.94,0.01,4,15,13,0.08
2026-07-27,heurist,204,2.0,0.01,2,1,0,2.0
2026-07-27,virtuals,71,0.71,0.01,2,1,0,0.71
2026-07-27,mogami,130,0.69,0.005,5,4,0,0.01
2026-07-27,openfacilitator,8,0.62,0.15,4,3,0,0.6
2026-07-27,x402rs,6,0.06,0.01,1,1,0,0.0
2026-08-03,coinbase,1464167,133811.82,0.011685,3931,2633,0,131216.37
2026-08-03,fluxa,2537,24928.9,0.285254,811,1465,9,442.05
2026-08-03,anyspend,987,1711.0,1.637263,228,1,0,1711.0
2026-08-03,dexter,7132,409.85,0.039464,42,10,0,409.19
2026-08-03,primer,1289,332.27,0.319135,51,13,1,0.0
2026-08-03,daydreams,310,313.01,0.001,30,2,0,312.95
2026-08-03,polymer,1338,133.8,0.1,1,1,1338,0.0
2026-08-03,openx402,17,92.0,5.0,7,3,0,45.0
2026-08-03,mogami,197,23.1,0.005,9,6,1,22.21
2026-08-03,cascade,776,2.76,0.004,11,1,0,2.76
2026-08-03,ultravioletadao,49,1.1,0.02,4,20,7,0.0
2026-08-03,openfacilitator,78,0.49,0.006,7,3,0,0.45
2026-08-03,heurist,2,0.1,0.1,2,1,0,0.1
2026-08-03,x402rs,2,0.06,0.05,1,1,0,0.0
2026-08-03,obol,51,0.05,0.001,3,1,0,0.05
2026-08-10,coinbase,2338273,206000.98,0.006263,3937,3190,0,204054.43
2026-08-10,fluxa,2146,33316.15,0.592425,763,1616,2,556.87
2026-08-10,anyspend,918,1545.0,1.400591,236,1,0,1545.0
2026-08-10,dexter,10544,1008.12,0.092292,823,590,1,694.2
2026-08-10,daydreams,162,393.6,0.001,22,2,0,393.55
2026-08-10,primer,1317,338.64,0.318578,51,13,3,0.0
2026-08-10,polymer,1339,233.8,0.1,2,2,1338,0.0
2026-08-10,openx402,33,165.0,5.0,17,4,0,150.0
2026-08-10,questflow,7,78.7,0.905,4,3,0,2.83
2026-08-10,virtuals,84,8.4,0.1,81,1,0,8.4
2026-08-10,x402rs,32,2.99,0.1,5,5,14,1.02
2026-08-10,cascade,811,2.66,0.004,5,1,0,2.66
2026-08-10,mogami,36,2.58,0.002927,8,6,0,0.03
2026-08-10,openfacilitator,40,0.23,0.005,3,3,1,0.0
2026-08-10,ultravioletadao,18,0.21,0.01,3,10,5,0.03
2026-08-10,heurist,3,0.01,0.002,1,1,0,0.0
2026-08-17,coinbase,4135366,137227.33,0.005911,4222,2747,0,135764.29
2026-08-17,fluxa,1080,62981.98,0.409323,426,812,0,185.82
2026-08-17,dexter,16169,2186.19,0.040235,641,611,0,811.59
2026-08-17,primer,1386,346.83,0.317431,53,14,0,0.08
2026-08-17,polymer,1335,333.3,0.1,3,2,1333,200.0
2026-08-17,daydreams,176,276.71,0.001,23,2,0,276.69
2026-08-17,openx402,101,109.0,0.001,11,6,8,95.0
2026-08-17,virtuals,871,8.98,0.01,240,1,0,8.98
2026-08-17,anyspend,8,8.0,1.0,1,1,0,0.0
2026-08-17,openfacilitator,54,3.0,0.005,6,4,3,2.11
2026-08-17,ultravioletadao,62,0.97,0.01,3,19,5,0.0
2026-08-17,x402rs,12,0.22,0.01,2,1,0,0.22
2026-08-17,heurist,1,0.15,0.15,1,1,0,0.0
2026-08-17,mogami,21,0.04,0.001,7,4,0,0.03
2026-08-24,coinbase,390194,81925.58,0.002,4259,2102,0,79879.72
2026-08-24,fluxa,1366,2772.94,0.328665,454,953,2,360.31
2026-08-24,primer,1426,336.45,0.315928,51,13,0,0.0
2026-08-24,polymer,1334,233.3,0.1,2,2,1333,0.0
2026-08-24,openx402,38,120.38,5.0,12,3,14,115.0
2026-08-24,daydreams,274,83.41,0.001,33,2,0,83.38
2026-08-24,questflow,1,47.65,47.645293,1,1,0,0.0
2026-08-24,openfacilitator,81,2.44,0.005,10,3,0,2.33
2026-08-24,x402rs,4,1.48,0.44,3,2,0,1.04
2026-08-24,heurist,17,1.15,0.01,4,1,0,1.15
2026-08-24,ultravioletadao,40,0.59,0.01,2,19,6,0.0
2026-08-24,mogami,17,0.03,0.001,4,3,0,0.01
2026-08-24,virtuals,2,0.02,0.01,1,1,0,0.0
2026-08-31,coinbase,511166,44321.74,0.004847,3453,2613,0,42748.71
2026-08-31,fluxa,2625,9524.06,0.201687,870,1433,0,724.49
2026-08-31,primer,1143,292.04,0.318595,53,14,0,0.07
2026-08-31,polymer,1334,133.4,0.1,1,1,1334,0.0
2026-08-31,openx402,128,72.97,0.001,12,7,106,60.01
2026-08-31,daydreams,83,11.07,0.001,10,2,0,11.01
2026-08-31,mogami,38,9.23,0.001,10,8,0,9.08
2026-08-31,ultravioletadao,20,1.23,0.01,4,9,4,0.0
2026-08-31,dexter,6,0.32,0.04,6,1,0,0.32
2026-08-31,openfacilitator,32,0.16,0.005,5,2,0,0.16
2026-08-31,heurist,4,0.12,0.020188,1,1,0,0.0
2026-08-31,treasure,3,0.03,0.01,1,1,0,0.0
2026-09-07,coinbase,281357,29580.54,0.007147,5873,2269,0,27969.14
2026-09-07,fluxa,1929,6490.95,0.102336,633,1284,0,2239.76
2026-09-07,primer,1138,293.01,0.318296,52,14,0,0.0
2026-09-07,polymer,1332,233.1,0.1,2,2,1331,0.0
2026-09-07,openx402,99,200.52,0.05,24,7,52,194.1
2026-09-07,daydreams,132,38.74,0.001,7,2,0,38.72
2026-09-07,mogami,32,11.13,0.001,9,7,1,10.27
2026-09-07,ultravioletadao,113,8.31,0.1,80,13,1,7.6
2026-09-07,openfacilitator,232,3.04,0.005,10,7,0,1.14
2026-09-07,heurist,10,0.12,0.010671,3,1,0,0.12
2026-09-07,virtuals,4,0.08,0.01,2,1,0,0.08
2026-09-14,coinbase,377492,49812.71,0.008179,6233,2942,0,48016.65
2026-09-14,fluxa,2338,34717.43,0.199486,547,1414,0,174.05
2026-09-14,ultravioletadao,9877,2939.3,0.1,373,388,1,734.8
2026-09-14,polymer,1337,633.2,0.1,5,2,1332,500.0
2026-09-14,primer,1415,356.37,0.317654,60,25,6,0.16
2026-09-14,daydreams,78,237.14,0.001,11,2,0,237.12
2026-09-14,openx402,230,192.49,0.25,18,7,184,80.54
2026-09-14,openfacilitator,204,3.81,0.005,19,5,0,3.64
2026-09-14,mogami,36,0.3,0.001,8,4,0,0.2
2026-09-14,heurist,20,0.12,0.01,1,1,0,0.0
2026-09-21,coinbase,641039,85872.24,0.003187,8751,26760,0,83358.69
2026-09-21,fluxa,1234,55842.11,0.185001,344,902,0,26.14
2026-09-21,ultravioletadao,5405,1167.22,0.1,374,385,32,291.65
2026-09-21,primer,1433,367.26,0.317833,55,15,1,0.47
2026-09-21,polymer,1334,133.4,0.1,1,1,1334,0.0
2026-09-21,openx402,189,129.63,0.002,18,8,152,98.2
2026-09-21,daydreams,64,54.52,0.001,11,1,0,54.52
2026-09-21,virtuals,2680,26.8,0.01,563,1,0,26.8
2026-09-21,mogami,2155,8.28,0.001747,7,5,3,3.75
2026-09-21,openfacilitator,110,2.56,0.005,14,6,0,1.52
2026-09-21,dexter,38,1.77,0.003,3,3,0,0.0
2026-09-21,heurist,11,0.06,0.005,2,1,0,0.06
