week_start,settlements,usd,usd_after_single_buyer_filter,facilitators_active,top_facilitator,top_facilitator_share
2025-05-05,47,39.29,0.0,2,coinbase,0.999
2025-05-12,158,31.61,30.54,2,coinbase,0.9997
2025-05-19,69,21.33,21.25,2,coinbase,0.9999
2025-05-26,433,18.66,7.04,1,coinbase,1.0
2025-06-02,246,36.94,13.26,2,coinbase,0.997
2025-06-09,190,11.67,10.05,2,coinbase,0.9997
2025-06-16,155,53.48,46.22,1,coinbase,1.0
2025-06-23,238,36.77,25.61,2,coinbase,0.9999
2025-06-30,216,21.07,17.42,2,coinbase,0.9962
2025-07-07,413,21.71,14.6,2,coinbase,0.9995
2025-07-14,139,12.29,0.99,2,coinbase,1.0
2025-07-21,2357,98.24,60.99,1,coinbase,1.0
2025-07-28,2017,431.79,366.04,2,coinbase,0.9994
2025-08-04,3868,1575.74,597.46,2,coinbase,1.0
2025-08-11,3117,115.26,93.15,2,coinbase,0.8709
2025-08-18,2494,193.15,134.12,3,coinbase,0.7052
2025-08-25,3567,287.63,260.64,2,coinbase,0.7873
2025-09-01,7479,277.54,250.69,3,coinbase,0.9107
2025-09-08,6669,168.29,149.59,3,coinbase,0.8212
2025-09-15,8895,465.27,357.88,3,coinbase,0.859
2025-09-22,4494,149.92,107.54,4,coinbase,0.9615
2025-09-29,19007,48883.63,723.02,3,coinbase,0.9998
2025-10-06,5362,761.63,577.24,4,coinbase,0.9967
2025-10-13,20922,2218.8,2045.51,6,coinbase,0.9928
2025-10-20,1344249,1342354.83,1325001.12,8,coinbase,0.6796
2025-10-27,5973884,4607600.62,2594843.26,12,coinbase,0.7125
2025-11-03,8944927,5032086.7,1226204.17,16,coinbase,0.9112
2025-11-10,18831938,9784578.32,1382709.13,15,coinbase,0.8591
2025-11-17,18600968,8971550.18,973862.62,15,coinbase,0.846
2025-11-24,14397774,1936646.84,392367.95,15,daydreams,0.5585
2025-12-01,9107219,536737.81,436900.21,16,coinbase,0.4576
2025-12-08,10504452,698546.35,603422.07,18,virtuals,0.5253
2025-12-15,9379014,901593.11,814110.27,17,virtuals,0.613
2025-12-22,10156378,339539.04,236143.79,17,coinbase,0.8755
2025-12-29,6244014,279339.93,239762.06,17,coinbase,0.725
2026-01-05,4463452,162971.42,153688.48,19,coinbase,0.7227
2026-01-12,2405095,168498.83,147780.08,19,coinbase,0.6791
2026-01-19,137778,82871.11,69238.16,16,virtuals,0.5407
2026-01-26,120230,110886.56,100090.78,19,virtuals,0.7032
2026-02-02,131284,162638.54,152264.19,18,coinbase,0.475
2026-02-09,255647,206649.87,201200.28,20,virtuals,0.7427
2026-02-16,413277,651460.5,643621.55,18,virtuals,0.8225
2026-02-23,416045,916616.69,907157.04,20,virtuals,0.8597
2026-03-02,427285,469125.18,459869.49,20,virtuals,0.8283
2026-03-09,417671,566728.76,553608.76,20,virtuals,0.7147
2026-03-16,350557,472664.6,458806.82,20,virtuals,0.7672
2026-03-23,174394,71789.65,62209.05,20,coinbase,0.3391
2026-03-30,226023,74576.78,67281.83,19,virtuals,0.4708
2026-04-06,438853,42549.27,33308.84,21,coinbase,0.4716
2026-04-13,450276,45698.18,38557.16,22,coinbase,0.7128
2026-04-20,592273,30767.67,21481.32,21,coinbase,0.5643
2026-04-27,582926,112125.18,99169.12,20,coinbase,0.8413
2026-05-04,564031,45823.16,35931.48,20,coinbase,0.7173
2026-05-11,593151,52955.2,43389.0,20,coinbase,0.7915
2026-05-18,533046,52092.79,47553.13,20,coinbase,0.6271
2026-05-25,459125,36245.35,28181.95,19,coinbase,0.5999
2026-06-01,724331,62015.19,57034.06,21,coinbase,0.6193
2026-06-08,1839078,50555.58,42694.77,19,coinbase,0.7948
2026-06-15,3995892,61561.64,57535.52,19,coinbase,0.8995
2026-06-22,4293018,109038.38,58721.29,19,coinbase,0.534
2026-06-29,1927743,51004.15,44422.33,19,coinbase,0.8207
2026-07-06,4700135,83175.2,78414.79,18,coinbase,0.929
2026-07-13,3134387,115497.32,91282.93,18,coinbase,0.9187
2026-07-20,1512608,71603.41,67362.18,17,coinbase,0.9336
2026-07-27,1494083,98164.23,92059.04,16,coinbase,0.9408
2026-08-03,1478932,161760.31,134162.14,15,coinbase,0.8272
2026-08-10,2355763,243097.08,207409.01,16,coinbase,0.8474
2026-08-17,4156642,203482.69,137344.82,14,coinbase,0.6744
2026-08-24,394794,85525.41,80442.93,13,coinbase,0.9579
2026-08-31,516582,54366.38,43553.86,12,coinbase,0.8152
2026-09-07,286378,36859.54,30460.93,11,coinbase,0.8025
2026-09-14,393027,88892.88,49747.17,10,coinbase,0.5604
2026-09-21,655692,143605.85,83861.81,12,coinbase,0.598
